chunk_type,chunk_text,laptop_id,brand,model,price_value,price_currency,chunk_id,char_len,embedding,embedding_preview_8d
review_para_7,"Honor has also installed a two-stage white backlight that can be activated with the Fn+Space bar key combination. The duration of the lighting can be conveniently adjusted in the PC Manager. The power button on the keyboard's upper right is not so ideally positioned, as this is where you'd expect the Delete key to be located. It also serves as a fingerprint scanner, which worked flawlessly under testing.

At 12 x 7.2 cm, the ClickPad offers enough space for normal pointer control and gestures with up to four fingers. However, the pad in the lower area of our review device was not integrated very cleanly and rattles slightly, which is annoying in everyday use. Moreover, the clicking noise when you really press down in the lower area is quite loud.",331689,Honor,Honor MagicBook 14 2022,1505.0,USD,331689_review_para_7,756,"[-8.70522037e-02  9.02065728e-03  4.78619225e-02 -3.21799405e-02
  5.62580265e-02 -2.71996632e-02  5.24753984e-03 -3.44840367e-03
 -7.49782892e-03 -4.23453301e-02 -1.23707054e-04  1.77508476e-03
 -4.08528373e-02  9.16927867e-03  1.25982156e-02  6.11554310e-02
  8.33778009e-02  2.10495908e-02  4.77806106e-02 -9.71198268e-03
  2.27528028e-02  2.28723958e-02  3.49503867e-02  7.36733302e-02
  2.00005881e-02  2.68991757e-02  1.34843132e-02  3.08817588e-02
 -5.83454780e-03 -8.08718894e-03  5.74457496e-02 -1.01713967e-02
 -1.40829459e-02 -1.88433304e-02  6.90564364e-02 -2.85896119e-02
 -1.63066089e-02  4.15022559e-02 -4.16570436e-03  3.21744867e-02
 -7.50119612e-02  1.19897377e-04 -4.86082863e-03  3.42687097e-04
 -1.75393641e-03 -3.22197354e-03 -1.11228593e-01  3.35371196e-02
 -4.56474572e-02  3.15992199e-02 -5.57903685e-02  3.39051336e-02
  1.37604149e-02  9.89104621e-03  4.67129201e-02  1.97245348e-02
  1.92942948e-03  5.82431396e-03  5.12683801e-02 -1.85927190e-02
  2.13152654e-02 -9.08757839e-03 -1.51118012e-02  3.43098156e-02
  1.76104438e-02 -3.37674767e-02  2.44862810e-02  2.04740390e-02
 -1.16215339e-02  4.23922809e-03  9.33010876e-03 -1.08399440e-03
  1.07029732e-02 -3.61854620e-02 -5.20555722e-03 -4.09215502e-02
 -6.03765994e-03  1.21412370e-02  3.03418394e-02  1.88679919e-02
  2.55657099e-02 -3.52789797e-02 -1.03008756e-02  8.17552358e-02
 -2.65669934e-02  1.06350603e-02 -3.22658829e-02 -4.19077314e-02
  8.64149630e-03  3.42268334e-03 -5.56195416e-02 -5.38220704e-02
  5.62969595e-02  4.08232436e-02  3.31666991e-02 -4.98928465e-02
 -2.18230416e-05 -9.70508996e-03  3.36499251e-02  4.43492830e-02
 -8.86883680e-03 -2.38640383e-02 -1.75277598e-03 -2.18740851e-02
 -7.64786750e-02 -6.42455230e-03 -2.49211062e-02 -2.14108247e-02
  1.12443538e-02  5.41466884e-02 -1.50701255e-02 -1.04286959e-02
  2.30911579e-02  4.15340289e-02 -8.53150859e-02  6.62483200e-02
  2.05176473e-02  7.22720195e-03 -1.08573993e-03 -5.22651300e-02
  3.67548242e-02  6.35766834e-02 -2.94601750e-02  6.15550391e-02
  7.91727100e-03 -2.02206876e-02  9.17894300e-04  2.98103690e-02
 -1.90649112e-03 -4.77933772e-02  8.20230544e-02  4.79918309e-02
  4.12055589e-02 -6.00686623e-03 -1.16277421e-02 -1.16192189e-03
  5.63311353e-02 -2.82281246e-02  4.23178934e-02 -1.52640548e-02
  2.38726242e-03 -3.52943018e-02  2.65005715e-02 -2.53022257e-02
  6.77164346e-02 -3.36873047e-02 -1.71339475e-02 -2.90738549e-02
 -1.03651127e-02  4.22974583e-04  3.43357325e-02  1.07351772e-03
  2.31202394e-02 -5.74303828e-02  4.27280888e-02  4.21723053e-02
  5.01717590e-02  8.71692691e-03 -1.79259740e-02 -3.17132808e-02
  1.13702342e-02  6.35813340e-04 -5.05520888e-02  3.31928805e-02
  1.26679307e-02  6.19137026e-02  4.36870009e-02 -1.20399240e-02
  3.68097099e-03 -8.73107929e-03 -4.06643413e-02  1.62691027e-02
  1.96840558e-02 -1.16142938e-02 -1.01517187e-02  5.39559610e-02
  4.82769422e-02  5.00462539e-02 -2.90154275e-02 -5.01314178e-03
 -6.35961965e-02  4.06963043e-02 -1.04613025e-02  2.97581516e-02
 -3.14998478e-02  1.03768623e-02  4.80469652e-02 -3.60532105e-02
 -7.64838830e-02 -4.41378634e-03 -6.26836494e-02 -5.04499599e-02
  3.64470184e-02  8.49759206e-03  5.92229776e-02 -8.04084539e-03
 -5.08622266e-03  3.72559950e-02  1.90124530e-02  1.12471074e-01
 -2.21566893e-02 -6.76057627e-03 -1.78498987e-04 -4.35186066e-02
 -8.35727230e-02 -3.32899354e-02 -1.40148727e-02 -2.17839051e-02
  1.40492851e-02  1.04633644e-02 -1.84179784e-03 -3.53867523e-02
 -6.19778177e-03  3.01446822e-02  7.47827441e-02 -7.81884009e-05
  5.64988190e-03 -5.30832000e-02 -2.77829506e-02 -1.02762477e-02
 -1.00034457e-02  3.11694685e-02 -2.28963029e-02  5.07792681e-02
 -3.85159813e-02  8.61918032e-02  4.96792644e-02 -3.39926146e-02
 -3.54602113e-02  3.96611169e-02 -1.92956291e-02 -3.16882916e-02
  1.01564173e-02  6.49711816e-03 -4.70422616e-04 -1.54835014e-02
 -1.11501955e-03 -3.35573740e-02  3.56210172e-02 -3.52048166e-02
 -1.10036461e-02  3.66771705e-02  8.07408057e-03  4.76384014e-02
 -1.71080534e-03 -3.80105786e-02  5.10372482e-02  3.80704999e-02
  1.89491156e-02 -1.30497068e-02 -3.24796848e-02  1.17807621e-02
  1.50084496e-02 -3.78357656e-02  3.65192518e-02 -3.21384706e-02
 -2.57453453e-02  3.50683853e-02 -6.55704411e-03  2.16222256e-02
  1.77894663e-02  4.23605740e-02 -1.78295188e-02  2.35942788e-02
 -2.54769232e-02 -4.56734002e-02 -3.64626981e-02  1.98271479e-02
 -3.48750427e-02  2.29829513e-02 -7.58532109e-03  9.90475807e-03
 -2.54266597e-02 -2.59877238e-02 -2.56934352e-02 -4.38923575e-02
  1.94254667e-02  1.03269760e-02  1.10393455e-02 -5.41309305e-02
 -2.29117647e-02  7.57072717e-02 -2.32660603e-02 -6.30716458e-02
  4.78339717e-02 -2.58295890e-02  6.23908918e-03 -4.43411581e-02
 -5.70616461e-02  1.16045391e-02 -2.04532547e-03  1.53651740e-02
  4.57015214e-03  4.04037163e-02  5.99774113e-03  1.11779673e-02
  2.21384093e-02  5.64108370e-03  1.46542536e-02  3.55080678e-03
  2.57710572e-02  9.86433402e-03  3.82284373e-02 -8.42498336e-03
  9.63485148e-03 -6.18876144e-02 -2.36011995e-03 -6.65566244e-04
 -2.81665772e-01  3.67917754e-02 -6.36113901e-03 -5.67895658e-02
  3.67484167e-02 -2.06003152e-02  2.32283864e-02  6.17346959e-03
 -4.09825705e-02  8.41080584e-03 -1.67439925e-03  6.31430279e-03
  3.86964604e-02  3.09696458e-02 -4.49645799e-03  3.08867358e-02
  1.71139613e-02  5.47551936e-05 -7.80197093e-03 -1.72064342e-02
 -5.63097969e-02 -6.12168908e-02  2.39132158e-02 -4.48351289e-04
  2.35805125e-03  4.76145111e-02 -2.67188363e-02 -1.31750619e-02
 -4.49366607e-02 -1.24682719e-02  3.69188599e-02 -1.81495566e-02
 -5.47570363e-02 -1.48489475e-02  9.66696255e-03  2.88789254e-03
  5.57050016e-03 -3.60008664e-02 -3.32953641e-03  1.76568031e-02
  3.77497673e-02  1.40118925e-03  2.56342627e-02  7.10593089e-02
  2.72992402e-02 -1.87182743e-02 -4.95512076e-02 -9.63833276e-03
  3.03434394e-02  6.73924759e-02  1.38750151e-02 -2.37306189e-02
 -8.65154192e-02 -4.76541929e-03 -3.41975242e-02  6.72460813e-03
 -2.14559231e-02  3.85508910e-02 -1.71624124e-02  4.59970953e-03
 -7.03532919e-02 -2.10521277e-02 -6.63928688e-02 -5.87050170e-02
  1.58159547e-02 -2.70400885e-02 -3.41507196e-02 -1.30173285e-02
  4.03998755e-02  1.47013580e-02 -1.35640139e-02 -5.32317944e-02
 -1.25203421e-02 -1.03913225e-01  1.66811366e-02 -2.15401016e-02
 -6.31032437e-02  1.47385290e-02 -2.76623890e-02  2.75922585e-02
 -8.22836882e-04 -7.36316992e-03  2.55596526e-02 -2.00024317e-03
 -8.17677379e-02 -6.43573748e-03  4.15694958e-04  1.14830472e-02
  1.63027942e-02  6.09969301e-03  3.79095115e-02 -3.48337181e-02
 -7.72311091e-02 -4.90440503e-02  2.41800118e-02 -3.26076932e-02
  1.54587934e-02 -2.06053481e-02  1.70269031e-02 -3.15507799e-02
  3.59847099e-02 -2.10210420e-02  7.96299195e-04  1.64267104e-02
  3.22202332e-02 -8.43961909e-03 -2.55014785e-02  1.56851001e-02
  5.14986962e-02 -2.34968234e-02  1.98176643e-03  6.08232571e-03
 -8.96425731e-03 -3.82996574e-02  8.50399286e-02 -3.90320793e-02
  3.22590172e-02  7.00892927e-03  1.16655650e-02 -5.45509234e-02
 -5.74891753e-02  2.05223318e-02 -5.36836497e-02 -2.72555416e-03
 -7.88362324e-02  2.01472212e-02 -3.84399146e-02  2.07757559e-02
  1.03747640e-02 -4.14094478e-02  6.38657883e-02 -7.16243917e-03
 -3.21647525e-02  3.94877605e-02  1.44040193e-02 -1.75835006e-02
 -1.31308343e-02 -2.50478890e-02 -2.08285451e-02 -1.51799871e-02
  4.64819721e-04 -7.09098671e-03 -1.74622964e-02 -1.57322513e-03
  4.24152575e-02  1.60459317e-02  3.37634422e-02 -2.41498370e-02
  1.05499364e-02  3.49162221e-02 -5.35836909e-03 -7.15411007e-02
 -1.18002715e-02 -3.77084054e-02 -1.77724995e-02 -2.52389237e-02
  4.31731576e-03 -6.97791344e-03 -4.40503582e-02 -6.91902339e-02
  8.60246643e-03  4.23971973e-02 -3.50899696e-02  8.16940889e-03
  2.30555721e-02  3.15218531e-02 -6.14504982e-03  1.89506095e-02
 -4.45690239e-03  2.01017708e-02 -1.19758176e-03 -4.09487523e-02
 -2.44919788e-02 -2.23205835e-02 -3.77111360e-02  1.75059736e-02
 -7.97073357e-03  4.49006222e-02 -2.17656437e-02  3.85362431e-02
  3.11226174e-02 -6.91066030e-03 -3.75347175e-02  1.66081600e-02
  3.60292494e-02 -2.54861731e-02 -3.30556519e-02 -5.13822846e-02
 -4.65136394e-03 -9.07892548e-03 -6.25945330e-02 -2.00988799e-02
 -1.56522859e-02 -3.71674970e-02 -2.14147773e-02 -7.82048106e-02
 -5.38723078e-04  8.71351883e-02 -5.16558718e-03 -1.97986774e-02
  3.91013362e-02 -3.31740826e-03 -1.06591741e-02  1.45109827e-02
  2.95424890e-02 -2.92586517e-02  1.00190282e-01  1.82905290e-02
 -1.31536927e-02  4.54591550e-02 -2.19877046e-02 -6.92595616e-02
 -3.01734218e-03 -3.17306258e-02  8.41833930e-03 -1.26983244e-02
 -3.57129462e-02 -5.75053319e-02 -5.72026148e-02 -1.47970126e-03
  2.38621961e-02  1.03658708e-02 -7.53789674e-03  2.50879023e-03
 -1.14635881e-02 -1.89612713e-02  2.88194395e-03 -2.59134639e-03
  5.27867377e-02 -4.20991480e-02  1.39092430e-02 -4.17508297e-02
  2.82840114e-02  2.47758869e-02 -1.61018353e-02  4.62378748e-02
 -9.26745906e-02 -3.01226750e-02 -3.23423720e-03  6.05360791e-02
  4.11727838e-02 -2.42419820e-02 -2.31039468e-02 -3.98397911e-03
  1.06791838e-03  5.08532450e-02 -3.03919483e-02 -8.38409542e-05
 -7.19263852e-02  6.00388162e-02 -1.18744439e-02  1.09147858e-02
  2.17105485e-02  3.00992876e-02  3.19339857e-02 -6.68046549e-02
 -3.74525250e-03 -5.10422420e-03 -4.48941626e-02  3.83103974e-02
  1.58429518e-02  2.73857806e-02 -1.52022447e-02  3.58881429e-02
  8.44963081e-03  4.96470742e-03 -2.62731351e-02 -4.33043391e-02
  3.96053307e-02 -1.55482395e-02 -5.39392047e-03 -2.75627691e-02
  4.43404354e-02  2.40779519e-02 -3.24987322e-02 -3.86820734e-02
  1.45813404e-02 -5.95963234e-03  4.56177704e-02 -3.86387818e-02
 -4.07967577e-03  2.37448085e-02  2.73131058e-02 -5.66373356e-02
 -3.22776437e-02 -3.46072428e-02  4.16144319e-02 -2.68808380e-02
 -1.70426201e-02 -1.02197640e-02  3.60757001e-02 -4.76174243e-03
  4.90887426e-02  3.56533825e-02 -1.22286938e-02 -3.46933492e-02
  3.63085791e-02  1.65679790e-02 -7.18255341e-02  2.03606617e-02
  1.51293380e-02  6.93521872e-02  4.07606103e-02  1.04331486e-02
  8.86195991e-03  1.36736073e-02  1.93020608e-02 -3.45509164e-02
  5.06225079e-02  1.62631795e-02 -2.25345865e-02 -2.40866579e-02
  8.06406066e-02  4.19434234e-02 -2.60723885e-02  3.81586216e-02
  2.94100959e-02  1.25023089e-02 -2.74475925e-02 -4.83878888e-02
  3.25377891e-03 -8.50585476e-03  5.32419235e-02  1.80487260e-02
  3.11275311e-02  5.08513115e-02 -1.86830275e-02  3.92551869e-02
  1.41934911e-02  4.21148390e-02  9.00517702e-02  7.94103518e-02
  5.38223162e-02  5.90906702e-02 -5.15444614e-02 -6.51971027e-02
  7.23161409e-03 -1.50851347e-02 -1.28132263e-02 -6.86745532e-03
  4.13334817e-02  3.71012129e-02  2.08832920e-02  3.30890529e-02
 -1.36735002e-02  2.63824337e-03  2.55049225e-02  3.79343331e-02
  5.27348407e-02  1.31150184e-04 -9.16547049e-03 -3.41321863e-02
 -6.38581365e-02  6.33116215e-02  3.33821438e-02 -2.82956436e-02
  1.28328949e-02 -1.69452634e-02 -3.49482819e-02 -2.50247214e-02
 -2.04822514e-03  2.33084708e-02  8.49680752e-02  2.03691255e-02
 -4.11977991e-02  5.25218695e-02 -5.46249151e-02  5.50756529e-02
  1.73469018e-02 -2.58865450e-02  2.52019539e-02  3.26516852e-02
  1.89162921e-02 -3.62588167e-02  1.23688923e-02 -7.90932961e-03
  2.49112006e-02 -5.81796688e-04 -6.83938898e-03  2.04349943e-02
  3.40259261e-02 -4.83300686e-02 -2.08299328e-02 -8.36875215e-02
 -3.26071121e-02  6.53272655e-05  1.76921226e-02 -1.20363408e-03
 -4.49050730e-03 -2.73860479e-03 -2.24426799e-02 -2.31644902e-02
 -1.84323806e-02 -3.39311026e-02 -2.71238144e-02 -4.39214855e-02
  3.00564747e-02  4.29126108e-03  1.27272233e-02  4.27479967e-02
  2.83177290e-02 -7.64320232e-03 -3.59699340e-03  1.79665629e-02
 -5.02947941e-02  4.79796045e-02 -3.71604376e-02  6.52861642e-03
 -5.87631017e-02  3.22560943e-03 -8.45566671e-03  4.09495197e-02
 -3.84178385e-02  1.68605857e-02 -2.95936279e-02  1.01425909e-02
  5.07476479e-02 -1.87370721e-02 -2.08927300e-02 -1.53783327e-02
  7.15426821e-03 -1.90565046e-02  4.60803658e-02  3.97358648e-02
 -1.66994426e-02  2.60205474e-02  1.30978078e-02  5.35570085e-03
 -6.79427944e-03  1.32604679e-02 -2.16639414e-02  2.23742295e-02
 -4.58152890e-02  6.33235322e-03 -3.63467820e-02 -3.55252735e-02
 -2.72043366e-02 -1.18249692e-02 -1.61588397e-02 -5.33881895e-02
  8.53306241e-03 -1.32913888e-02 -2.75183078e-02 -5.95711404e-03
  9.07479133e-03 -1.35054560e-02 -3.38678956e-02 -5.87163307e-02
 -1.25744771e-02  8.75979103e-03 -2.29505319e-02 -3.93002741e-02
  6.85948208e-02 -5.49166929e-03  3.30124274e-02 -4.00823019e-02
 -3.88606153e-02  9.15361941e-03 -1.47255724e-02  2.73592472e-02]","[np.float32(-0.09), np.float32(0.01), np.float32(0.05), np.float32(-0.03), np.float32(0.06), np.float32(-0.03), np.float32(0.01), np.float32(-0.0)]"
spec,"MSI MSI GE76 Raider 10UH laptop. CPU: Intel Core i7-10870H (8 cores / 16 threads). GPU: NVIDIA GeForce RTX 3080 Laptop GPU - 16 GB VRAM (discrete). 32 GB RAM, 1024 GB storage. 17.3-inch, IPS screen, 1920x1080, 300 Hz. Price: 2900.0 USD.",321042,MSI,MSI GE76 Raider 10UH,2900.0,USD,321042_spec,236,"[-3.17887291e-02  1.84127577e-02  4.49880995e-02  2.95725954e-03
  3.92687880e-02  7.92274401e-02  1.67171899e-02  6.84629902e-02
 -2.09682696e-02 -2.73443051e-02  7.45805632e-03 -8.56058730e-04
 -7.21135549e-03  4.75081336e-03 -6.12455374e-03  2.18990985e-02
  2.60531753e-02  1.36975581e-02 -1.37351826e-02 -3.67027870e-03
 -9.70976707e-03 -3.34857926e-02  9.93726682e-03  3.70024331e-02
 -4.73801270e-02 -2.18753498e-02  6.35207444e-02  3.79379652e-02
 -3.80850248e-02 -1.75311677e-02  1.93736125e-02  2.19520088e-02
  8.03866889e-03  5.19336760e-03  2.03257566e-03 -2.19453014e-02
  2.44345772e-03  3.59276384e-02 -5.67499083e-03 -3.05524450e-02
  4.60602855e-03 -8.21000785e-02 -2.28410121e-02  2.01647431e-02
 -8.02965090e-02  3.81769758e-04  2.48704422e-02  4.29141894e-02
 -4.78220768e-02 -2.63621076e-03 -4.42618206e-02  1.00955814e-01
 -4.24082838e-02 -3.37263686e-03  4.03420478e-02  2.34233122e-02
  2.41365042e-02 -4.20311764e-02 -1.47600668e-02 -2.52800491e-02
  1.17430434e-01  9.67592932e-03 -1.23156719e-02 -4.62183841e-02
  3.25479433e-02 -1.17419092e-02  6.95142522e-02 -1.32676829e-02
 -2.55148020e-02 -6.87336102e-02  1.26180062e-02  2.63593886e-02
  2.37594894e-03 -1.41180670e-02  2.74286997e-02 -3.39354351e-02
  1.77217964e-02 -6.78977172e-04  4.78947684e-02  4.50364947e-02
  3.30512114e-02 -2.31717881e-02  3.54975238e-02  6.55294657e-02
 -3.11636496e-02 -1.06326826e-02  2.51296181e-02 -1.87003110e-02
 -3.19641121e-02  4.97313254e-02 -2.71682907e-02  7.07117934e-03
  1.39357792e-02  8.39114096e-03 -5.89092337e-02  2.29402930e-02
  1.31994365e-02 -2.79400367e-02  1.24084791e-02 -2.09025387e-02
  1.26278298e-02 -3.02092992e-02  1.15974818e-03 -3.09738587e-03
 -5.85819222e-02  1.41187990e-02 -1.17695462e-02 -3.63320787e-03
  1.76418200e-02 -3.02504208e-02  4.70496248e-03 -3.49331275e-02
 -1.11234910e-03 -1.06514385e-02 -5.58507107e-02  3.99190001e-02
  2.10282281e-02 -1.04739303e-02 -2.33892631e-02  7.09504634e-03
  2.53808033e-02  6.76501766e-02 -5.59989400e-02  4.57671434e-02
  2.65860297e-02  2.30913442e-02  1.84978489e-02 -1.84763856e-02
 -1.04057891e-02 -6.83427006e-02  3.60043533e-02  2.98005026e-02
 -2.44750567e-02  7.25213662e-02  9.45326465e-04  2.44417507e-03
 -1.35388998e-02  1.10908831e-02  3.37932929e-02 -1.81567203e-03
  4.44813259e-03 -4.63276841e-02  5.75306788e-02 -2.99718101e-02
  1.24583384e-02 -2.36653667e-02  9.00412258e-03 -3.07233036e-02
  1.78091647e-03  3.08177304e-02 -2.51413547e-02  2.14702841e-02
  7.87980563e-04 -2.01702509e-02  3.44459340e-02  2.49606986e-02
 -2.48232507e-03  2.03808397e-02 -2.05876511e-02  1.50873149e-02
 -1.38303088e-02  1.88809242e-02  1.56511236e-02  3.27839777e-02
  1.59535948e-02  2.28245743e-02  4.48208787e-02  1.34758307e-02
  1.03842269e-03 -3.52289639e-02 -2.93217991e-02 -4.99659963e-02
  2.02088337e-02  2.83135362e-02 -3.73513214e-02  6.02951534e-02
  6.14834651e-02  8.73274542e-03  3.47115919e-02  3.10888644e-02
 -6.01818822e-02 -2.89666787e-04  2.69912016e-02  4.25003916e-02
 -3.05561591e-02 -2.01597288e-02  5.14081568e-02  2.36846320e-03
 -7.85818249e-02 -4.07150201e-02 -3.69693004e-02 -3.86682153e-02
  1.64856315e-02 -2.16962118e-03  3.18159088e-02  1.70181748e-02
 -1.46663445e-03 -4.60782796e-02  1.33778639e-02  2.26304494e-02
 -2.24727355e-02 -3.13953161e-02  1.02311887e-01 -6.98208660e-02
 -5.76993264e-02 -3.38275880e-02  2.93899942e-02 -2.45094602e-03
 -4.45339978e-02  7.62132229e-04 -2.15190053e-02 -4.97450307e-03
  4.36571948e-02  8.10461193e-02  2.85937935e-02  6.57010498e-03
  4.73794900e-03 -2.36361381e-02  3.76883931e-02 -2.51377877e-02
  1.80829258e-03 -1.93601754e-02 -5.40632606e-02 -3.35960736e-04
 -3.68056670e-02  6.12664595e-02  1.06525347e-02 -3.17807570e-02
  1.78025272e-02 -2.95609161e-02 -3.39996330e-02  7.70552969e-03
 -3.06134112e-02 -2.78285965e-02 -3.06400098e-02  2.34597158e-02
 -2.70349178e-02 -1.39328176e-02  5.60680367e-02 -6.20069951e-02
 -9.49390512e-03  4.03038524e-02  1.76734980e-02  2.80497558e-02
  6.58233985e-02 -1.25292260e-02  3.14511433e-02  2.10185647e-02
  2.49546226e-02 -1.44003164e-02 -1.45244468e-02  1.45095568e-02
  4.18339446e-02 -6.15254464e-03 -1.81081835e-02 -4.70303930e-02
 -2.53429841e-02  2.82029416e-02  2.46835202e-02  1.44106001e-02
  1.77837275e-02  1.90725643e-02  3.16871852e-02  1.39754787e-02
 -2.73278337e-02 -1.05305351e-01 -6.77800179e-02 -3.88936661e-02
 -2.37171929e-02  6.44793501e-03  2.39967946e-02  1.09858615e-02
  4.79462296e-02  1.75340835e-03 -2.06459351e-02 -1.51390871e-02
  4.12622653e-03  2.50534378e-02 -2.00857632e-02 -6.16481304e-02
  3.19325030e-02  5.61737418e-02 -2.33192258e-02 -1.89791452e-02
  2.62300391e-02 -4.73673455e-02 -1.53530249e-02 -7.56333694e-02
  3.37581821e-02 -3.49107757e-02 -1.38938511e-02  8.58770497e-03
 -2.86655873e-02  3.12566869e-02  3.85975502e-02  4.03528959e-02
  5.67464670e-03  1.65659469e-02 -2.49379631e-02 -3.19755487e-02
 -1.61109045e-02  6.49190992e-02  2.85396706e-02  1.79501774e-03
 -2.94665806e-02 -9.17140320e-02 -9.76359285e-03 -7.45032877e-02
 -1.77299932e-01  1.74542833e-02  1.31457588e-02 -4.58079912e-02
  2.76872907e-02  9.44554713e-03 -1.12936022e-02 -1.50392633e-02
 -2.03314871e-02 -2.55284086e-02  4.20925841e-02 -4.40300740e-02
  1.07341735e-02  2.25774534e-02  9.36983433e-03  2.19194964e-02
  6.82451800e-02 -1.49508100e-02 -2.02246272e-04 -5.46452589e-03
  3.74255478e-02 -1.09451987e-01 -8.37769955e-02 -4.28853519e-02
  1.77875087e-02  1.35416891e-02 -4.01576515e-03 -5.30338287e-02
 -6.25673607e-02  2.07806029e-03 -1.07678985e-02  2.02548262e-02
 -5.34716733e-02  4.15281244e-02  1.09275505e-02 -2.46911626e-02
  3.27139385e-02 -5.42564467e-02  2.72130910e-02 -3.43198329e-02
 -2.19719056e-02 -1.19608799e-02 -2.60478687e-02 -2.91277096e-02
  7.36895055e-02  8.23007151e-03 -5.06923161e-02 -3.37838046e-02
  3.24663296e-02  6.88416883e-02 -5.43751456e-02 -3.59067582e-02
 -3.43712652e-03  4.20245044e-02 -2.50662658e-02  7.71330306e-05
 -1.14808064e-02  3.93240787e-02 -5.13315387e-02  2.11544186e-02
 -2.18078680e-02 -5.17407656e-02 -1.78300757e-02 -1.93870980e-02
 -2.77595446e-02 -1.91571303e-02  1.44009497e-02 -3.46437246e-02
  4.99483980e-02  5.21356948e-02 -1.68553460e-02 -3.73312123e-02
 -7.91760627e-03 -6.10778332e-02 -5.47297411e-02 -3.23518887e-02
  2.78576510e-03  2.77042706e-02 -2.88691297e-02 -1.33828241e-02
 -4.64977650e-03 -2.68573128e-02 -2.80090626e-02  5.27033629e-03
 -3.67647456e-03 -7.48909414e-02 -4.13369611e-02 -4.22463715e-02
  3.25523391e-02  4.48411517e-03  6.74583688e-02 -2.60540675e-02
 -8.74981657e-03 -6.24264069e-02  6.82585919e-03  2.13730279e-02
 -6.56270888e-03 -2.35394618e-04  1.54881468e-02 -2.97339968e-02
  1.02503775e-02 -4.61527705e-02  3.97650860e-02  5.36194257e-03
 -8.47166553e-02  9.84594133e-03  3.61622646e-02 -6.92269020e-03
  5.18498048e-02  5.09114601e-02 -3.64060029e-02 -1.03916563e-01
  1.24492431e-02  4.10495186e-03  6.12533465e-03 -6.17317744e-02
  5.62435128e-02  3.90289351e-02  4.09524329e-02 -7.53608719e-03
  1.72771849e-02  1.70488134e-02 -7.71326721e-02 -6.90257177e-02
 -6.27335832e-02  5.85108511e-02  3.30500159e-04  1.14957364e-02
 -8.98038689e-03 -2.14429405e-02 -8.09927955e-02  2.00065828e-04
  1.12149538e-02  2.26349793e-02  2.47456525e-02  1.27616720e-02
  6.00939291e-03 -3.31532992e-02  1.25007669e-03 -5.37669228e-04
 -3.82734165e-02 -1.63267180e-02  7.94181973e-03  3.76589224e-02
  2.50233579e-02  6.75130729e-03  2.10681446e-02 -4.90590185e-03
  5.68444654e-03  6.22764789e-02  2.80355122e-02 -2.32226551e-02
  1.78153515e-02 -3.08620241e-02 -8.05073977e-02 -7.39873573e-03
  5.84222674e-02  2.39399858e-02 -6.33082539e-02 -1.71357896e-02
  5.47069386e-02  1.67843420e-02 -2.19670106e-02  5.65509833e-02
 -7.72610074e-03  5.50911650e-02 -1.21819414e-02 -4.17654440e-02
  2.71718055e-02  7.77660534e-02 -5.89157222e-03 -4.65031788e-02
 -1.07134460e-02  6.99365232e-03  5.53042330e-02  3.02461348e-02
  2.80621983e-02  1.60066746e-02  5.00543192e-02  4.11199331e-02
  9.11738910e-03 -1.16504170e-03  1.49976872e-02  4.60929200e-02
  2.54754908e-02  2.02282649e-02 -1.59023516e-02  2.15039938e-03
 -1.76721625e-02  3.34962904e-02  3.19587179e-02  2.12292913e-02
  2.52191760e-02 -2.68429033e-02 -1.65441036e-02 -1.93253290e-02
  1.41231092e-02  3.18501778e-02  2.25493554e-02 -4.50807996e-02
 -2.05486752e-02  1.02798901e-02 -1.27244024e-02  3.79042774e-02
  2.13598348e-02 -3.25360075e-02  1.94213316e-02 -4.24679089e-03
 -2.29439866e-02  2.11150795e-02 -3.98779064e-02  3.86539241e-03
 -1.48007122e-04  5.63510321e-03  1.14083970e-02 -1.06653955e-04
  3.68299009e-03 -3.21201608e-02 -1.87116154e-02 -2.53434870e-02
 -4.10605967e-02  2.49468312e-02  6.63800687e-02 -3.06468327e-02
 -6.21041022e-02  2.03895811e-02  3.63280438e-02 -7.13288179e-03
  1.66097097e-02 -3.95745225e-02  3.93799767e-02 -3.67516726e-02
  2.90568620e-02  2.20812466e-02  2.21200939e-03  6.19615018e-02
  1.76210292e-02 -4.33897786e-02  1.14421239e-02 -2.25897878e-03
 -4.35904972e-02 -6.48296997e-02 -4.94463220e-02  4.70137876e-03
 -7.39057595e-03 -3.28218302e-04  9.06282943e-03 -5.28485468e-03
  1.55441021e-03  1.27839623e-02 -5.25119789e-02  8.11323244e-03
  1.55831436e-02  1.56286303e-02  1.82984229e-02 -6.30063266e-02
  7.71677494e-03  5.32658584e-02 -7.49242157e-02 -3.42575051e-02
 -4.01049480e-02 -1.94619072e-03 -2.01365463e-02  2.71607004e-03
  1.19170947e-02  1.39733367e-02 -2.09235288e-02 -1.44043593e-02
  5.66550270e-02 -2.68506072e-02  1.94036141e-02 -4.24066558e-02
 -2.13774350e-02  2.21245084e-02 -1.95191782e-02 -7.97607005e-03
 -2.13444838e-03 -3.64254117e-02  2.26113684e-02  9.06180404e-03
 -3.95236984e-02  2.37636492e-02 -1.95987336e-02 -2.95237880e-02
  2.42987946e-02 -6.13420329e-04  1.81694366e-02 -5.27419150e-03
 -2.95296125e-02 -2.78566522e-03 -7.47006992e-03  3.56366634e-02
  1.52806286e-02  4.16914858e-02 -3.79406512e-02 -2.13402533e-03
  4.78959978e-02  1.93756297e-02 -1.10228956e-02  1.48463920e-02
 -1.00254435e-02  7.01273531e-02  4.08134460e-02  4.88591194e-03
  4.40650210e-02  1.99104901e-02  1.21606952e-02  3.26868123e-03
 -2.14449354e-02 -7.45798796e-02 -6.17870241e-02 -2.12534759e-02
  5.15647270e-02  3.15271243e-02 -4.21697721e-02 -2.48095635e-02
  4.43962105e-02 -5.36891408e-02 -3.21305506e-02 -7.16953576e-02
 -2.38443855e-02 -2.94879060e-02  8.76929983e-02  4.75209579e-02
  5.47654852e-02  6.10913076e-02 -5.94281331e-02 -6.67685196e-02
  4.11235690e-02  4.48731072e-02  8.43893085e-03 -2.45939009e-02
 -5.66360913e-03  4.88313511e-02 -6.76636174e-02 -3.22721303e-02
  4.97556664e-03  7.42680905e-03 -6.06565252e-02  4.91973087e-02
  3.31002958e-02  3.16322744e-02  2.84102540e-02  1.07063733e-01
 -4.19878624e-02  3.92613225e-02  7.38479868e-02 -6.12418316e-02
  4.38615195e-02  3.80623080e-02 -2.68909018e-02  1.91296788e-03
  9.19415615e-03  2.47622142e-03  2.92147826e-02 -8.37693363e-03
 -1.98298339e-02  1.82655379e-02  1.13614062e-02  2.15508323e-02
 -2.87113935e-02  2.28190031e-02  7.88107961e-02  2.22677570e-02
 -3.12253963e-02 -2.96889003e-02 -2.83613242e-02 -2.39540008e-03
  1.99761242e-02 -1.69757176e-02 -1.97614264e-02  1.41872978e-02
 -1.41118728e-02  9.96618066e-03 -2.39348430e-02 -1.51734464e-02
 -1.51963276e-03  1.04515934e-02 -1.98945105e-02  1.86590645e-02
  1.38880522e-03 -3.28352000e-03 -4.09431718e-02 -6.31371439e-02
 -7.59511022e-03  2.19835192e-02 -1.76362172e-02 -1.37800081e-02
  2.80159451e-02 -3.43878455e-02  3.04935127e-03 -3.39571796e-02
 -5.88534176e-02  1.63492635e-02 -3.70789431e-02 -4.91704680e-02
  2.70993486e-02  2.56028268e-02 -1.50733711e-02  4.57661040e-02
  8.11360776e-02 -4.48152199e-02  1.94030101e-04  4.88186292e-02
  3.80926393e-02 -3.18301818e-03 -1.31356055e-02  2.79462356e-02
 -9.64065641e-02 -6.95528230e-03  5.98241426e-02 -1.90856569e-02
 -5.23131378e-02 -1.00081125e-02 -2.39287540e-02 -1.94248874e-02
  4.25891019e-02  1.87613051e-02  6.51283711e-02 -2.82500423e-02
 -4.14220802e-03  4.63864058e-02  2.90894005e-02  5.06624319e-02
  1.27937375e-02  3.82183045e-02  4.22262847e-02 -2.60511301e-02
 -2.22270866e-03  3.22866775e-02  1.75896455e-02  3.09788976e-02
 -1.42511595e-02  2.48048548e-02 -1.66309513e-02 -8.33982229e-02
  4.45339680e-02 -1.66056510e-02  3.34014148e-02 -1.92144681e-02
  1.20721962e-02 -1.02226464e-02  5.33255702e-03  1.78102572e-02
 -5.67006320e-02 -9.36074555e-02 -2.46787425e-02 -7.29628839e-03
 -5.56659810e-02  1.58786289e-02  1.00599614e-03  7.54333893e-03
  5.91081232e-02 -1.28737791e-02 -4.62107994e-02 -1.92037113e-02
 -1.50076598e-02 -2.56701298e-02  5.55171743e-02 -7.70418067e-03]","[np.float32(-0.03), np.float32(0.02), np.float32(0.04), np.float32(0.0), np.float32(0.04), np.float32(0.08), np.float32(0.02), np.float32(0.07)]"
review_para_24,"As already stated, no miracles are to be expected with the inbuilt iGPU. Performance is sufficient for not particularly demanding games such as Dota 2 or League of Legends, but more demanding games cannot be played smoothly at acceptable resolutions. Compared to other convertibles, this year's HP Envy x360 15 ranks in the solid midfield, but is also outperformed by the Lenovo Yoga 7-14ARB-G7, just like in the synthetic benchmarks. What is interesting, however, is that the current HP Envy convertible performs around 7% better on average than last year's model with an almost-identical chip.",413835,HP,HP Envy x360 15-fh0016AU (8C4S2PA),875.0,USD,413835_review_para_24,595,"[-4.13525850e-02 -5.87937422e-02  5.80480732e-02  2.85425514e-04
  4.21130098e-02  1.44383404e-02  8.87794793e-03  6.61182627e-02
  5.90652321e-03 -2.95982845e-02  1.57293566e-02 -1.54254436e-02
 -1.37695773e-02  1.84571743e-02  1.88907161e-02  3.62469777e-02
  8.20786655e-02  3.48326080e-02 -1.88441412e-03  2.86241286e-02
  2.16297917e-02 -4.99645248e-02 -2.11895891e-02  1.03761591e-02
  6.47975504e-03 -1.29419181e-03  5.99596603e-03 -9.80337709e-03
 -5.54993637e-02 -4.73927036e-02  3.99343073e-02  2.35072672e-02
 -1.15838228e-03 -4.50273715e-02  6.58838525e-02 -2.70364285e-02
 -5.01765460e-02  4.87343185e-02 -2.69276388e-02  4.27327072e-03
 -1.42840613e-02 -5.25326952e-02  1.58791859e-02  4.34810929e-02
 -8.05116221e-02  8.29875562e-03 -7.49725429e-03  3.33153233e-02
 -3.08403410e-02  1.26239751e-02 -4.93386909e-02  5.86156324e-02
  5.60940767e-04  1.97483809e-03  4.12798822e-02  5.59698716e-02
  1.30268037e-02 -1.88569315e-02 -1.68043096e-02 -2.45482959e-02
  3.81961204e-02  3.86589742e-03 -2.50607859e-02 -1.07439570e-02
  2.97657102e-02 -7.87107646e-02  4.15962264e-02 -2.77923904e-02
 -3.80915925e-02 -1.37308100e-02 -6.84682280e-02  2.99418159e-03
 -1.14366468e-02 -7.26207579e-03 -1.79086495e-02 -7.47426748e-02
 -1.97939686e-02  1.48532735e-02  7.56021664e-02  4.40168232e-02
  5.41316979e-02  1.75052285e-02  5.39773628e-02  5.40641993e-02
 -2.23320741e-02 -4.26835343e-02  3.12579609e-02 -3.90207916e-02
 -4.39666398e-02  5.48972078e-02 -2.06201039e-02 -3.69953029e-02
  2.45738793e-02  2.36519184e-02 -4.60980907e-02 -7.89765175e-03
  5.59524521e-02 -2.59202048e-02  2.63742879e-02 -1.19537665e-02
  3.54907028e-02 -4.25057001e-02 -3.15451482e-03 -1.94852874e-02
 -5.58296628e-02  1.05619198e-02  1.15816956e-02 -5.54618388e-02
  4.20986488e-02 -2.54191794e-02 -2.46611852e-02  1.80418212e-02
  2.01705713e-02 -1.38081075e-03 -6.48759678e-02  2.48363223e-02
  1.23083238e-02  2.57546082e-02 -6.60130978e-02 -1.76834483e-02
  2.19854414e-02  5.84277660e-02  2.47587971e-02  4.33168076e-02
  2.50093732e-02  4.76225801e-02 -3.38066625e-03  2.37519201e-02
  1.56600273e-03 -3.12587023e-02  5.29489592e-02  6.20800965e-02
 -4.67953905e-02  1.92295723e-02  2.03814562e-02  2.05685906e-02
  8.20885226e-03 -1.35181025e-02  3.03744916e-02 -2.11395882e-02
 -2.69132722e-02 -3.97051238e-02  3.31802852e-02  2.31183711e-02
  3.52928974e-02 -1.24642183e-03 -7.86064845e-03 -4.63202447e-02
 -5.59361186e-03 -3.39525864e-02  1.51454909e-02  2.90739182e-02
 -4.59220028e-03 -4.82731387e-02  4.91756685e-02  7.00851977e-02
  3.43866833e-02 -2.75565330e-02 -3.94622572e-02 -2.89106295e-02
  5.75274881e-03  4.10657600e-02 -4.77141188e-03 -2.58771926e-02
 -2.40137503e-02  4.46111187e-02  9.98926442e-03  1.45776635e-02
 -1.10614086e-02  2.16383729e-02 -1.48274330e-02 -4.62177163e-03
  3.52748148e-02  1.31805427e-02 -5.32626547e-02  4.10376079e-02
  8.20122808e-02  1.90457155e-03  2.93255392e-02  7.46163446e-03
 -6.07661828e-02  2.83445287e-02  1.06716817e-02  6.25440776e-02
 -8.84185284e-02  1.74278822e-02  6.39279261e-02 -7.99311697e-03
 -2.93131825e-02 -3.48971225e-02 -6.41901195e-02 -2.37937830e-02
  4.07958105e-02  5.31405490e-03  5.47378697e-02 -5.65708689e-02
 -1.69526320e-02 -8.62212572e-03 -2.32005063e-02  1.70866195e-02
 -2.31314991e-02 -1.14070605e-02  4.35922667e-02 -2.01564878e-02
 -6.64636493e-02 -3.02571990e-02  1.39962938e-02 -3.17901722e-03
 -6.45432323e-02 -2.38429848e-02  7.15587800e-03 -3.74621968e-03
  4.17453423e-02  4.84433621e-02 -2.74000447e-02 -1.68242250e-02
  1.21228741e-02 -5.45361228e-02  2.02293359e-02  1.65917315e-02
  3.57128903e-02 -6.96353894e-03  8.29767343e-03 -2.81200223e-02
  3.87754291e-03  7.46644884e-02  2.65888330e-02 -6.44371659e-02
  1.36876013e-03  4.11652364e-02 -9.35299881e-03 -2.76974309e-02
 -1.22914230e-02  2.51716617e-02 -4.31338549e-02 -1.53735373e-03
  6.67655617e-02  1.64197292e-03  6.05942346e-02 -5.47811501e-02
 -2.51892507e-02  6.43072352e-02 -1.00108981e-02  6.03813045e-02
  3.98672884e-03 -2.90651415e-02  3.00151538e-02  2.76052933e-02
 -1.05153583e-03 -5.93129806e-02  6.52708113e-03  7.16810348e-03
  4.35621664e-02  1.99834108e-02 -8.39010999e-03 -5.97563200e-02
  6.80388510e-03  7.32132196e-02  3.05717774e-02  4.89100777e-02
 -2.70119216e-02 -1.19786318e-02  2.44379528e-02  4.20300551e-02
 -1.80976058e-03 -6.23551756e-02 -8.41328129e-02 -1.79257039e-02
 -3.26140993e-03 -3.88551392e-02  3.94113958e-02 -2.66225506e-02
  7.58713530e-03 -1.77910775e-02 -2.93820910e-02 -2.64889933e-02
 -7.67381280e-04  3.51981297e-02 -1.85768586e-02 -3.68429460e-02
  1.44936442e-02  7.53547698e-02 -2.87602972e-02 -5.89454174e-02
 -1.89495161e-02 -1.88298691e-02 -6.05614996e-03 -7.53019899e-02
 -3.45576257e-02 -1.03498567e-02  3.75727564e-02 -2.44907406e-03
 -2.97479238e-02  6.57627010e-04  5.01064174e-02  7.30740372e-03
  3.26896943e-02 -1.70751400e-02 -3.96002792e-02  1.94817781e-02
  6.67946879e-03  4.73369882e-02  3.96137759e-02 -1.39932416e-03
 -5.67666860e-03 -2.05741376e-02  2.30949614e-02 -7.09545091e-02
 -2.18838379e-01 -1.28183304e-03  3.36436071e-02 -5.27537726e-02
  5.99683449e-02 -3.32246646e-02 -1.04677007e-02 -1.68554054e-03
 -3.41512263e-02  8.57754722e-02  2.65620649e-03  1.32306414e-02
 -4.48858226e-03 -6.33743824e-03  7.33101368e-03  3.90489697e-02
  3.64114568e-02  2.77134916e-03 -2.96913050e-02 -1.65502746e-02
 -2.69252900e-03 -4.28470708e-02 -8.52921158e-02  8.94165877e-03
  1.38193127e-02  1.88723002e-02  8.54627136e-03 -3.57983001e-02
 -6.21737093e-02  2.35818140e-02 -1.37992203e-02  3.51881534e-02
 -8.26833583e-03  3.87661792e-02 -6.49856776e-03  1.61861461e-02
  6.26583025e-03 -2.73646694e-02  1.54158045e-02  3.69831584e-02
 -3.59318927e-02 -4.10310477e-02 -1.55153107e-02  3.03079281e-02
  3.11767366e-02 -2.54749358e-02 -5.74232265e-02 -1.31017836e-02
 -9.52252559e-03  3.69241759e-02 -2.50410638e-03 -5.83002083e-02
 -7.98222646e-02  3.08592487e-02 -3.71385738e-02  2.18650326e-02
 -3.88623364e-02  5.28086275e-02 -5.65933436e-02  4.36033458e-02
 -5.86028434e-02 -6.27505127e-04 -8.49579051e-02 -3.54150720e-02
 -1.36604281e-02 -7.73696182e-03  1.13921775e-03 -6.04082271e-02
  3.11191399e-02  4.95000146e-02  3.52751557e-03 -9.24745575e-03
  2.06486974e-02 -6.15085885e-02  3.70667987e-02 -8.65237880e-03
 -2.14943886e-02  9.02809352e-02  3.03393267e-02  2.42786948e-02
  1.11879539e-02 -1.54014053e-02  1.22260638e-02 -3.34484205e-02
 -1.51224034e-02 -2.88559273e-02 -1.67936049e-02 -1.27585558e-03
  4.38508354e-02  1.95734315e-02  4.04804423e-02 -2.74581332e-02
 -1.08929779e-02 -1.75251663e-02  1.39563773e-02  2.84910761e-02
  4.77264076e-03 -1.37877185e-02 -3.27205323e-02  6.44075964e-03
  2.62673050e-02 -1.08778048e-02 -5.17672254e-03 -8.18660948e-03
 -3.26070227e-02  1.64661724e-02 -1.00602508e-02  2.21689176e-02
  6.06916361e-02  3.25830374e-03  1.30843641e-02 -4.26740646e-02
  4.92058508e-02 -4.41732965e-02  2.22230740e-02 -2.27805544e-02
  3.75368968e-02  7.83290118e-02 -1.50623778e-02 -3.96555401e-02
  2.30480209e-02 -9.90014244e-03 -5.48943840e-02 -1.67557690e-02
 -8.92595500e-02  8.16304684e-02 -3.93778756e-02  2.45944094e-02
 -4.07129712e-02  1.29992738e-02 -6.15789220e-02 -5.06857224e-03
  1.57822911e-02  3.87605317e-02  2.78919935e-02 -2.58662435e-03
  1.29174525e-02 -1.62112098e-02  5.52736875e-03 -1.98896751e-02
 -2.03574616e-02  5.75969964e-02 -3.60021740e-02  2.61142794e-02
  3.45396437e-02  1.64503511e-02  2.72777881e-02  1.24444729e-02
 -4.57129860e-03  5.26600555e-02  1.33082205e-02 -6.23399206e-02
  1.73836611e-02 -3.96498926e-02 -7.56506473e-02  2.42321454e-02
  4.39804383e-02  8.23515933e-03 -4.21646573e-02 -5.97041994e-02
  4.24393490e-02  3.24885584e-02 -5.51188663e-02  1.84559505e-02
  7.73681402e-02  5.08175194e-02  3.15044783e-02 -2.18466446e-02
 -1.17339566e-02  5.61992787e-02  1.64539143e-02 -5.63325360e-02
 -1.22964690e-02 -2.28656791e-02  2.68260241e-02  7.08926469e-02
  9.02592205e-04  4.08011675e-02  2.79860403e-02 -4.04760242e-03
 -2.14186106e-02 -3.28138918e-02 -1.28587801e-02 -3.61088254e-02
  4.62767556e-02 -6.03128336e-02 -3.71035039e-02 -2.58053485e-02
  2.80066975e-03  1.20975496e-02 -8.76853429e-03 -2.12310627e-02
  1.95165630e-02 -5.45324991e-03 -4.10575829e-02 -4.89425138e-02
  1.18537396e-02 -6.40061544e-03 -3.09873428e-02 -5.77919297e-02
 -3.51252183e-02 -1.49321766e-03 -2.40115598e-02  3.19995685e-03
  4.56464998e-02 -3.86386737e-02 -4.34562331e-03  3.70153040e-02
  9.70084500e-03  2.57522780e-02 -5.02645858e-02 -1.14842700e-02
 -1.36801424e-02  4.24498394e-02  3.44718657e-02  1.49156572e-03
 -3.33238789e-03 -3.63391340e-02 -2.56116372e-02 -1.22373039e-02
 -2.47715563e-02  1.36645073e-02 -9.58647672e-03 -4.52069454e-02
 -2.57341340e-02  1.46285817e-02  2.53851824e-02 -2.81783659e-02
  1.99002475e-02 -6.96532503e-02  4.32886854e-02 -5.31977601e-02
 -1.55042894e-02  1.03923632e-02  5.52956481e-03  7.22905174e-02
  2.33523604e-02 -2.47451733e-03  8.65878910e-03 -1.02883503e-02
 -3.00803427e-02 -7.87824765e-02 -3.67304757e-02 -1.44829703e-02
  4.57645440e-03  4.86026816e-02  1.74989980e-02  7.77366338e-03
 -9.75124165e-02  3.66194844e-02 -3.34479138e-02 -1.49105722e-02
 -5.79228345e-03 -1.58827733e-02  5.86327687e-02 -7.19958022e-02
 -3.64794917e-02 -1.68334395e-02 -7.35190883e-02 -2.69199419e-03
 -3.38188023e-04 -4.61871270e-03 -1.07056852e-02  3.14619020e-02
  2.07787119e-02  4.11887318e-02  4.51232679e-02 -9.79497805e-02
  3.91246304e-02 -3.44683565e-02  9.60295275e-03 -8.24128091e-03
 -1.82851665e-02 -2.72612367e-03 -1.21399481e-02 -8.96386988e-03
 -1.45709533e-02 -3.07805687e-02  5.60022257e-02 -2.98382509e-02
 -7.86922965e-03  6.00875542e-03  1.93984259e-03 -3.54600772e-02
 -2.80666891e-02  1.75713412e-02  1.55791193e-02  2.48166621e-02
  6.72135269e-03 -7.73596857e-03  4.55925539e-02 -1.53805846e-02
  4.28893343e-02  2.18603984e-02 -3.91941071e-02 -3.14358436e-02
  6.27561957e-02  1.53030902e-02 -3.56101058e-02 -3.91606754e-03
 -3.04922666e-02  8.68547410e-02  3.84889692e-02 -2.32305424e-03
  1.95761230e-02  4.05734498e-03 -7.90468976e-03 -3.37094367e-02
 -2.16495595e-03 -1.54902914e-03 -1.22216986e-02 -2.06228774e-02
  4.88942862e-02  2.43078470e-02 -2.95830355e-03 -1.10991783e-02
 -4.88798614e-05 -8.96292832e-03 -3.43446061e-02 -1.97329484e-02
  3.24010774e-02 -2.97751669e-02  3.38997394e-02  8.47149175e-03
  6.14467561e-02  4.56213504e-02 -3.81823033e-02 -1.01323547e-02
  2.48993244e-02  8.65086988e-02  3.23051661e-02  3.04703116e-02
  3.37231942e-02  5.20324707e-02  7.42878547e-05 -1.80764478e-02
 -5.34465276e-02 -1.52869793e-02 -2.87949108e-02 -2.78908461e-02
  4.23191525e-02  2.77982317e-02  2.96548102e-02  4.65898961e-02
 -1.62588246e-02  1.21549862e-02  6.14316314e-02  1.81299206e-02
 -1.13869063e-03  5.39202653e-02 -1.03605604e-02  1.64673012e-02
 -4.20241617e-02 -2.05904674e-02  6.32442022e-03 -2.92324889e-02
  5.23050986e-02 -1.69780198e-03 -1.57903936e-02  2.04392988e-02
 -2.18718611e-02  2.08040513e-02  7.87394941e-02 -2.25810222e-02
 -2.07407344e-02 -8.81895516e-03  5.82925556e-03  1.62657760e-02
  8.65197089e-03  9.64270625e-03  1.92871992e-03  6.20423956e-03
 -1.40666785e-02  7.13137910e-03  2.58264113e-02  3.65829356e-02
 -2.91356002e-03 -3.36411260e-02  2.84983427e-03  2.80896723e-02
 -2.05622446e-02 -5.25596216e-02 -7.06775784e-02 -3.81607190e-02
 -8.92657600e-03 -1.58088543e-02 -2.29033176e-02  4.47484618e-03
  1.98521721e-03 -1.44272177e-02 -3.06051429e-02 -2.86369678e-02
 -1.64620066e-03  1.80784576e-02 -3.49565037e-02 -6.29000515e-02
  3.58277671e-02  3.10014561e-02 -2.60960236e-02  7.98732564e-02
  4.08511609e-02 -6.08103722e-02 -1.86211225e-02  4.98810820e-02
 -8.53340980e-03 -2.62708198e-02 -3.64636853e-02  3.33628245e-02
 -1.12219632e-01 -4.79245111e-02 -5.24670875e-04 -9.28347465e-03
 -5.35737164e-02 -4.69328137e-03 -1.90526098e-02 -3.40378541e-03
  6.73684180e-02 -4.89593996e-03  3.36354785e-02 -1.75899286e-02
  1.35195926e-02  1.25920097e-03  1.09714558e-02  1.63382497e-02
  1.72741953e-02  6.60360307e-02  2.01500580e-02 -2.24272050e-02
  7.90720526e-03  5.00085950e-02 -2.93529686e-02  2.52720006e-02
 -3.85664888e-02  3.58536281e-02 -2.30828300e-02 -6.12405427e-02
  2.77441237e-02 -6.18804693e-02  2.00481061e-02 -1.98782217e-02
 -4.77832882e-03 -1.21641867e-02 -2.06663013e-02  2.68379319e-02
  3.85542936e-03 -2.05497518e-02 -1.52139291e-02  5.31010283e-03
 -6.25260919e-03  1.97504312e-02 -1.46702882e-02  1.39383720e-02
  5.32124862e-02 -1.96665507e-02  1.76361185e-02 -2.55768560e-02
  1.20013393e-02 -9.93405469e-03  5.00664413e-02 -7.35160313e-04]","[np.float32(-0.04), np.float32(-0.06), np.float32(0.06), np.float32(0.0), np.float32(0.04), np.float32(0.01), np.float32(0.01), np.float32(0.07)]"
review_para_4,"We stress the notebook with synthetic loads to identify for any potential throttling or stability issues. When running Prime95, the system can be observed holding a steady clock rate of 3.9 GHz which is the maximum rated multi-core Turbo Boost for the i7-8750H. The results match our CineBench loop test above where CPU performance is shown to be very consistent even after half an hour of constant stress. Core temperature remains steady at a respectable 77 C. If running both Prime95 and FurMark simultaneously, core temperature rises slightly to 81 C.",418727,Asus,Asus ROG GL553VE-FY047T,1180.0,USD,418727_review_para_4,554,"[ 1.08466856e-02 -3.18235159e-02  5.63498773e-03 -5.07131778e-03
  3.82256322e-02  2.24348204e-03  3.46253552e-02  3.47999185e-02
  3.42247412e-02 -2.52975337e-02  3.80547345e-02 -6.85712416e-03
 -4.95369025e-02  1.53323030e-02  1.45395175e-02  4.53785472e-02
  5.51767573e-02  1.92885306e-02  4.01965529e-02 -1.63270924e-02
  1.24467295e-02 -3.18175778e-02  4.71153855e-02  6.36417642e-02
 -1.82564575e-02 -3.76390517e-02 -1.75000390e-03 -5.07357647e-04
 -2.08403207e-02  1.99749358e-02  2.25761198e-02  7.76163340e-02
 -2.35474873e-02  3.45307104e-02  5.46757393e-02  3.92788649e-02
 -1.57971643e-02  4.74187359e-02 -1.54979993e-02  1.54404715e-02
  1.71222128e-02  9.18616448e-03  4.63301055e-02 -1.58171989e-02
 -5.79387993e-02  5.35889752e-02  1.00109365e-03  4.87145372e-02
 -8.82798620e-03 -2.88239382e-02 -6.51277006e-02  1.39045203e-02
  3.71744446e-02  2.25292821e-03  1.86414272e-02  5.92236035e-03
 -1.27555989e-02 -2.94975080e-02  2.03521531e-02 -4.89266664e-02
  6.04498945e-02  2.56099068e-02 -2.43484620e-02  3.61612416e-03
  1.57366530e-03 -7.15360343e-02  1.88798737e-02  2.63541564e-02
 -4.15802896e-02 -2.63131689e-02  4.48099943e-03  2.42829937e-02
  2.66337860e-02 -1.10532800e-02  2.06903112e-03 -1.38957575e-02
  7.22445222e-03  2.05359869e-02  8.87855589e-02  5.42235374e-02
  1.79153997e-02 -1.50768110e-03  3.92902084e-02  9.16730836e-02
  3.23633128e-03  1.40699558e-03 -9.10435524e-03 -3.57936649e-03
 -6.53872127e-03  7.10929632e-02  1.96046382e-02 -1.13397548e-02
  3.55898915e-03 -1.78933013e-02 -2.23339796e-02 -8.70019570e-03
  2.08609812e-02 -5.45909395e-03 -7.46297650e-03 -1.23497723e-02
 -1.22986380e-02 -4.28023450e-02 -1.19847870e-02 -2.10525584e-03
 -5.45077324e-02 -2.16980577e-02 -1.54041797e-02 -3.71065103e-02
  3.77042703e-02 -1.98395103e-02 -2.66737887e-03 -2.35158298e-02
 -5.71067771e-03  1.18070254e-02 -5.08086607e-02  9.86018255e-02
 -9.66964569e-03  2.28258967e-03 -5.84521033e-02 -2.69865133e-02
  4.98280562e-02  8.18639845e-02  3.46456445e-03  4.65479642e-02
  5.79266762e-03  4.98527475e-02  3.86167876e-02  1.16466954e-02
 -1.43462028e-02 -7.61517659e-02  2.85568852e-02  2.61212811e-02
  2.70173792e-03  1.67035665e-02 -1.13750789e-02  3.63967568e-02
  1.85973030e-02 -1.57382358e-02  5.24555966e-02  1.36871608e-02
  7.08652940e-03 -2.95215305e-02  4.75719012e-02 -2.76715420e-02
  3.82134654e-02 -2.64389329e-02 -1.90318823e-02 -6.56639691e-04
  1.79167837e-02  8.35046358e-03  2.41373945e-02  5.56072444e-02
  3.14864963e-02 -4.45880219e-02  1.46187991e-02 -5.24133118e-03
  4.92557995e-02 -6.13725837e-03 -2.55703256e-02 -8.56397580e-03
 -9.55688301e-03  2.58190301e-03 -5.27386293e-02  3.49341109e-02
 -9.93875507e-03  2.99133565e-02  6.54751360e-02 -4.97587200e-04
  3.29090690e-04  3.70958745e-02 -3.20638865e-02  3.46102193e-02
  5.51941767e-02  4.41183746e-02 -6.51730632e-04  8.91635790e-02
  6.94096759e-02  2.01320201e-02  2.51399260e-02 -1.04946801e-02
 -6.65243343e-02  3.79097871e-02 -8.45931121e-04  1.06614754e-02
 -1.48313101e-02  2.55872067e-02  5.62395044e-02 -1.25025101e-02
 -4.77240086e-02 -2.78989691e-02 -5.44162430e-02 -4.79510128e-02
  6.17152117e-02 -2.24170275e-02  3.75282834e-03 -3.77565511e-02
  3.27714905e-02 -1.77421235e-02  2.09236722e-02  5.65676503e-02
  5.17620752e-03 -3.25993896e-02  4.90829088e-02 -4.85997908e-02
 -7.23060668e-02 -1.91952102e-02  9.09890886e-03 -2.16187835e-02
 -1.60326380e-02 -1.13191102e-02 -8.19726381e-03  2.00833641e-02
  4.98127900e-02  2.70257108e-02 -2.87117921e-02 -3.57542257e-03
 -8.33594822e-04 -4.86765951e-02  3.92479263e-02 -1.21260770e-02
  3.11865304e-02  1.25184096e-02 -1.34040872e-02  4.53903563e-02
 -1.38326222e-02  6.00184351e-02  3.25934067e-02 -6.05955981e-02
 -3.35703567e-02  5.20912334e-02 -2.19352581e-02 -3.03902980e-02
  6.90833107e-03 -7.89148547e-03 -2.16196459e-02  1.77590325e-02
 -3.46051641e-02 -8.43462814e-03  7.09132701e-02 -3.26282158e-02
  1.83898546e-02  4.35636602e-02 -2.96038901e-03  3.95917334e-02
  2.03898828e-02 -1.18420245e-02  5.49606718e-02 -1.01248752e-02
 -4.30320390e-02 -1.10646831e-02 -4.21915688e-02 -8.90635606e-03
  2.94804457e-04 -5.15999906e-02 -9.89097450e-03 -8.21493194e-02
 -7.76264723e-03  3.04894466e-02  2.53066495e-02  4.36639600e-02
  4.29531522e-02  1.77405234e-02 -1.65943485e-02  2.31170841e-02
 -1.15135694e-02 -7.91602433e-02 -3.59162278e-02 -1.94477718e-02
  4.10318710e-02 -5.04077552e-03 -1.21087572e-02 -1.96730383e-02
  1.89844500e-02 -3.86558697e-02  4.00191322e-02 -4.24264185e-02
 -2.93607300e-04  1.14473710e-02 -7.98958121e-04 -3.51444036e-02
  5.30508831e-02  8.81541669e-02 -5.68453185e-02 -6.57058135e-02
 -1.35083748e-02 -2.60739196e-02  3.24606486e-02 -5.26381843e-02
 -1.12603866e-02  9.05120687e-04 -1.03066182e-02 -2.26917975e-02
 -5.31552322e-02  8.84991139e-03 -3.92683753e-04  4.18174379e-02
  3.45021114e-02  4.62337844e-02 -1.99006572e-02  3.56945512e-03
  1.94628090e-02 -2.89052147e-02 -2.19968660e-03 -2.62608211e-02
 -2.36078873e-02 -4.83067036e-02  9.54399630e-03 -7.29425251e-02
 -2.44264707e-01  1.70926880e-02  9.89058241e-03 -4.71762381e-02
  3.53886969e-02 -5.38093317e-03  1.23701477e-02  3.24739283e-03
 -1.32092566e-03  1.37638813e-02  4.30379957e-02 -9.12445877e-03
  1.55799547e-02  3.25817941e-03  1.07211629e-02 -9.74908285e-03
  2.31867861e-02 -2.82295663e-02 -9.69537627e-03 -9.13763698e-03
  1.11924345e-02 -1.02293797e-01 -1.75969712e-02 -1.02560073e-02
  1.71354152e-02 -1.32762566e-02 -4.70624566e-02  1.36890579e-02
 -6.75371736e-02 -6.39805105e-03  1.85267888e-02 -5.76823542e-04
 -1.60128474e-02  1.32565303e-02  1.92276314e-02  3.55131738e-02
  3.45488712e-02  3.68817262e-02  1.73723474e-02 -6.60165166e-03
  3.71552631e-03 -1.25534805e-02 -1.71518251e-02 -1.47849349e-02
  4.92786355e-02  3.05412319e-02 -4.74158190e-02 -6.69259578e-02
  2.49469951e-02  3.62403207e-02 -4.22800668e-02 -3.36458497e-02
 -7.46737048e-02  1.59600209e-02 -5.50290458e-02  3.24875605e-03
 -2.60012392e-02  2.77903993e-02 -1.75512228e-02  4.93757464e-02
 -5.03318869e-02 -4.44403552e-02 -3.18288654e-02 -3.01665701e-02
 -1.52346725e-02 -1.42099345e-02 -3.56814228e-02 -2.64309142e-02
  1.00289593e-02  2.92103291e-02  4.67631780e-03 -2.11762940e-03
  3.20964605e-02 -9.19542462e-02 -4.39062528e-02 -3.28162163e-02
 -1.28028393e-02  4.45478931e-02 -3.76454964e-02  7.90068209e-02
  1.02525400e-02 -3.85464206e-02 -3.90212308e-03  2.12791897e-02
  4.32888493e-02 -3.13368663e-02 -5.26999496e-03  2.14922745e-02
  2.77617630e-02  4.53808531e-03  4.99546751e-02 -4.78905775e-02
 -2.57463623e-02 -8.00554529e-02  4.07088548e-02 -1.20521449e-02
 -5.31283841e-02 -9.08611529e-03  3.82568464e-02  7.56260660e-03
  7.79413572e-03 -3.80264632e-02  2.27007810e-02 -5.86766601e-02
 -1.09751150e-02 -3.69318798e-02 -6.37712050e-03 -2.57058796e-02
  1.26695083e-02  2.42340751e-02 -2.68414877e-02 -2.08397042e-02
  1.47097223e-02 -1.76071860e-02  7.48515455e-03 -4.13150117e-02
 -1.70997204e-03  5.78388162e-02 -1.70069691e-02 -9.88658145e-03
 -8.69706050e-02  3.75250280e-02 -3.50226872e-02 -2.16850508e-02
 -5.84618710e-02  5.46061210e-02 -1.14398943e-02  1.36325872e-02
 -4.24372628e-02  4.91139628e-02 -2.31444705e-02 -1.76596432e-03
  1.29892984e-02  9.86638013e-03  2.91144177e-02  2.78567243e-02
  1.65824941e-03 -2.26398241e-02  5.63431857e-03  1.04734404e-02
 -2.60395482e-02  1.69266965e-02  4.23372947e-02  1.51328184e-02
  3.35133672e-02  7.09088147e-02  3.72744165e-02 -6.92881271e-02
  1.66520495e-02  6.59671659e-03  2.92339865e-02 -3.18569764e-02
 -3.33364457e-02 -8.14835802e-02 -2.11408138e-02  7.79457670e-03
  3.46589810e-03  4.87904474e-02 -5.81922680e-02 -3.65184397e-02
  2.66726781e-02  1.19998222e-02 -3.00663784e-02  6.62999460e-04
  7.27473933e-04  4.92614061e-02 -2.40813829e-02 -2.29262095e-02
  5.56065794e-03 -6.13886677e-03 -2.04769187e-02 -2.67653279e-02
 -1.86418854e-02 -1.40961702e-03  3.86886969e-02  3.25453728e-02
 -3.77852772e-03 -8.05863272e-03  5.96731454e-02 -1.89374276e-02
  9.30212438e-03 -4.13499260e-03 -3.95446643e-02  5.42401709e-02
  4.61353920e-02 -3.34483534e-02 -2.67499797e-02 -1.26111414e-02
 -5.37481345e-03 -1.39162391e-02 -1.36500513e-02 -1.54546369e-02
  2.85500381e-02 -6.44490272e-02  1.37933425e-03 -5.10509126e-02
  5.28680347e-02  7.16993511e-02 -1.92080010e-02 -2.97206454e-02
 -6.03836887e-02  3.69142815e-02 -1.02030104e-02  3.79162617e-02
  3.14178388e-03 -3.73709276e-02 -2.32015681e-02  1.17986007e-02
  1.23399021e-02  1.69137437e-02 -5.32932440e-03 -3.55236605e-02
 -2.93887798e-02  1.07751265e-02 -3.63794295e-03 -7.24966219e-03
 -1.57414414e-02 -5.48537113e-02  1.07758318e-03 -3.03303320e-02
 -2.75496412e-02  1.77973267e-02  1.27328485e-02 -7.34184459e-02
  8.96684919e-03 -2.31245439e-02  5.36944680e-02  2.46785395e-02
  3.16333175e-02 -6.25186488e-02  3.23463865e-02 -5.64321503e-02
  3.06104235e-02  1.15608815e-02  9.58636682e-03 -5.93406800e-03
  4.20550443e-03 -4.15367819e-03 -3.13676782e-02  8.95453803e-03
 -1.93521269e-02 -2.24875808e-02 -2.86431871e-02  5.22553595e-03
 -2.51343027e-02 -4.90842853e-04 -1.48083363e-02  6.95033744e-03
 -6.28217310e-02  3.83463800e-02 -6.05209209e-02  1.84727740e-02
 -2.62944438e-02 -1.05668008e-02  2.71198303e-02 -6.59395605e-02
 -2.50139143e-02 -2.00195108e-02 -5.75907230e-02 -9.81402956e-03
 -2.34677643e-02 -1.82895884e-02 -2.22739782e-02  7.06504136e-02
  1.18672438e-02  2.05448307e-02 -1.66431572e-02 -4.94272523e-02
  1.22847576e-02 -2.73226351e-02  6.81704935e-03 -1.37671139e-02
  3.47736813e-02  3.59555557e-02  4.05634306e-02  5.38838319e-02
  2.87756734e-02 -1.12835150e-02  5.80726229e-02 -5.16062304e-02
  1.37281939e-02  2.40458604e-02 -1.86921544e-02 -8.77982378e-03
 -2.62636114e-02 -7.95162097e-03 -4.15090239e-03 -2.51564886e-02
 -4.20206226e-02  2.68808175e-02  3.00145540e-02 -9.39725526e-03
 -6.77861320e-03 -5.70368674e-03 -5.50455227e-02  2.52132490e-02
  3.18226665e-02 -1.58142822e-03 -4.92463671e-02 -2.80339140e-02
 -2.32033879e-02  6.62652627e-02  2.32490022e-02  2.43926663e-02
 -6.30331179e-03  2.67093852e-02 -1.32603375e-02 -4.86303531e-02
  7.78596755e-03  5.00293495e-03 -7.76201347e-03 -3.91801931e-02
  3.40190567e-02  3.09462622e-02 -1.58599727e-02 -1.40521703e-02
  5.70602752e-02 -1.94664970e-02 -7.91917220e-02 -3.91567778e-03
  1.32736927e-02 -1.43678105e-02  5.42987473e-02  3.68526392e-02
  4.58088033e-02  7.32338056e-02 -4.58666272e-02  5.02801221e-03
  2.44143531e-02  9.78410691e-02  5.19955344e-02  4.46409639e-03
 -7.79446736e-02  9.24997777e-02 -3.10264193e-02 -3.75937372e-02
 -3.23797613e-02  1.30826095e-03 -4.48721163e-02 -1.52628059e-02
  1.95691474e-02  8.29643011e-02  5.50621636e-02  1.01147942e-01
 -6.66720653e-03  2.45354511e-02  2.23597754e-02  2.84404568e-02
  2.97653936e-02  8.15904588e-02 -2.83190422e-02 -2.59906519e-02
 -2.19298322e-02  7.93897826e-03  2.55428720e-02  1.60686299e-02
  2.24663094e-02  3.16571258e-03  9.73244023e-04  3.39358672e-02
  1.64788384e-02 -1.12883290e-02  4.99953441e-02  2.20025890e-02
 -4.98044230e-02 -5.73625378e-02 -6.71023643e-03 -6.41855597e-03
 -2.67065596e-02 -4.17858250e-02 -3.77045572e-02 -4.16047685e-02
 -2.07443163e-02 -1.53925754e-02 -3.45097631e-02 -4.63510826e-02
  3.62992175e-02  2.54680612e-03  1.52823012e-02  6.00823015e-02
 -4.48802561e-02 -3.72373909e-02 -4.65732366e-02 -4.30252105e-02
 -2.98436582e-02 -2.29799170e-02 -2.34842412e-02  7.03841308e-03
 -2.93127540e-03 -3.69891673e-02 -1.32335108e-02 -5.94805814e-02
 -7.40228361e-03 -7.82641117e-04 -6.36265874e-02 -8.29952285e-02
  3.44408900e-02 -4.70682606e-03 -1.54361334e-02  3.51422206e-02
  4.57154252e-02 -6.55308831e-03  9.53182764e-03  7.90169537e-02
  5.19742433e-04 -5.88864833e-03 -2.78980769e-02  1.76123921e-02
 -8.23875368e-02  2.12616418e-02  1.41227851e-02  2.76270835e-03
 -4.45459895e-02  3.05719133e-02 -2.57946625e-02 -3.34937163e-02
  4.28376608e-02  2.59693526e-02  5.20620570e-02 -5.34593239e-02
  2.39554865e-05  3.36719537e-03  4.06405404e-02  2.58254427e-02
  3.05595770e-02  9.53136012e-02  4.14939448e-02 -5.21127768e-02
 -9.57012177e-03  4.55810986e-02 -4.51784544e-02  4.88741789e-03
 -1.17874872e-02 -2.15825681e-02 -4.57422659e-02 -5.46158813e-02
 -1.15302708e-02 -1.61408056e-02 -3.29663642e-02 -2.22266484e-02
  2.74235178e-02  1.45194195e-02  1.76187754e-02 -2.17551682e-02
  3.60466093e-02 -3.64087634e-02 -4.84490246e-02 -2.44370997e-02
 -4.99554947e-02  7.33430078e-03 -3.36391516e-02  2.32771412e-02
  2.81012841e-02 -1.68062728e-02  4.95262071e-02 -7.26675009e-03
  1.19220605e-02 -2.97533721e-02  3.81291173e-02 -3.70003209e-02]","[np.float32(0.01), np.float32(-0.03), np.float32(0.01), np.float32(-0.01), np.float32(0.04), np.float32(0.0), np.float32(0.03), np.float32(0.03)]"
review_para_4,"AMDs 3550H APU is a direct competitor to Intel's Core i5 8300H and Core i5 9300H CPUs. In terms of pure CPU performance however, the APU is not quite able to match Intel. The performance difference is more noticeable in the single-threaded benchmarks compared to multi-threaded. The Intel CPUs here benefit from their 10-watt higher TDP.

By using a looped run of Cinebench R15's multi-threaded benchmark for at least 30 minutes, we test whether or not the CPU is able to sustain longer periods of time with turbo boost. The results dropped somewhat between the 5th and 6th runs and then stayed at a constant level - CPU turbo boost was in operation.",416637,Asus,Asus TUF FX705DD-AU055T,400.0,USD,416637_review_para_4,650,"[ 2.56342348e-03  7.13263499e-03 -1.07726986e-02  2.24520881e-02
  3.17162350e-02  4.18748409e-02  7.60254860e-02  5.27446344e-02
 -1.18889976e-02 -1.67012308e-02  6.38636351e-02 -1.62496716e-02
 -2.19699610e-02  2.41836086e-02  3.34569663e-02  1.64234545e-02
  6.48530722e-02 -3.56581039e-03 -2.31192093e-02  4.73372936e-02
  1.65255908e-02 -3.59681472e-02  6.65531158e-02  4.93446514e-02
 -2.23738868e-02  2.93767620e-02  2.03675535e-02 -7.48375198e-04
 -6.72058389e-02 -3.86015028e-02  2.92660692e-03  2.29909848e-02
 -8.09049793e-03 -1.55685889e-02  3.45020019e-03  3.29959439e-03
 -1.25815393e-02  1.97279919e-02 -1.51319914e-02  2.64233649e-02
 -3.46702524e-02 -1.64389852e-02 -5.65275457e-03  1.17029820e-03
 -3.78090963e-02  7.02395886e-02  1.04664022e-03 -3.10390093e-03
 -5.29785082e-02 -4.92767291e-03 -5.04518263e-02  2.42616646e-02
  2.15168800e-02  8.33430560e-04  3.75688262e-02  4.08021212e-02
 -6.60267615e-05  1.04175806e-02  5.16439136e-03 -2.68307999e-02
  5.32579198e-02  2.80201230e-02  7.80784013e-03  2.31682565e-02
  1.22625777e-03 -7.48718381e-02  2.01023556e-02 -3.98345999e-02
 -3.03380713e-02 -2.18830407e-02 -7.54993688e-03 -3.52777243e-02
 -1.29211154e-02 -7.34782731e-03  1.22759398e-02 -3.46692167e-02
  2.39836215e-03  2.03755740e-02  6.91518039e-02  3.88252735e-02
  2.53011473e-02  4.64409888e-02  1.86414749e-03  7.04022050e-02
 -9.22379363e-03  6.37290254e-03  1.81372631e-02 -1.20072579e-02
 -2.19063889e-02  1.08749874e-01 -3.69230956e-02  1.48278549e-02
  1.15890251e-02  6.99077360e-03 -3.22820954e-02 -1.66106336e-02
  8.24575219e-03 -2.67033167e-02  3.08532305e-02  2.83714831e-02
  1.34129636e-02 -5.56703433e-02  3.69324945e-02  1.17658619e-02
 -5.24917878e-02  2.59732455e-02 -1.80058852e-02 -9.18348879e-03
  4.51109745e-03  1.63253536e-03 -5.08503988e-02  9.17358603e-03
  5.16378284e-02  2.10468639e-02 -8.00766870e-02  5.92343509e-02
 -3.19441967e-02 -9.63935256e-03 -5.31052588e-04  6.36935048e-03
  1.34125073e-02  8.31676871e-02  4.25161049e-02  3.03277336e-02
 -2.30272510e-03  4.04517315e-02  5.74298250e-03  3.36133153e-03
 -1.89440399e-02 -8.14002380e-02  7.25086406e-03  2.40107290e-02
  2.60542817e-02 -1.43992445e-02 -4.83207107e-02  8.28358158e-03
  2.55532358e-02 -1.87380426e-02  5.69527298e-02  2.19562836e-02
  8.65624845e-03 -6.15814999e-02  3.81779335e-02 -4.93331775e-02
  3.25094387e-02  4.08582808e-03 -2.37592682e-02 -3.73529270e-02
  2.61365995e-02  3.70675494e-04  1.90709457e-02  2.79073231e-02
 -6.40858104e-03 -4.97548133e-02  1.44350296e-02 -4.94536525e-03
  2.81499382e-02 -5.69179840e-02 -2.73046363e-02  1.40168117e-02
 -4.78758179e-02  4.29458283e-02 -6.05988571e-05  3.08688413e-02
 -1.77601129e-02  5.24994582e-02  6.12317547e-02 -3.21434475e-02
 -1.06797451e-02  5.32900579e-02 -2.57712156e-02 -2.53197215e-02
  5.20901717e-02  4.17656405e-03  1.90733187e-02  3.96123230e-02
  6.72394782e-02  2.92393118e-02  4.64817658e-02  1.04877884e-02
 -5.67451306e-02  4.76303473e-02  3.63227651e-02 -1.98343080e-02
 -3.87655869e-02  1.90458130e-02  5.38780615e-02 -9.26981738e-04
  1.43247107e-02 -1.99874174e-02 -3.43055315e-02 -3.53739895e-02
  3.59471962e-02  6.65179314e-03  2.70980429e-02 -2.73253955e-02
 -1.63300950e-02 -3.04294582e-02  3.66607122e-02  5.97118624e-02
 -5.60541591e-03 -4.53880429e-02  3.73244397e-02 -9.36892927e-02
 -1.05447724e-01 -1.70803852e-02  4.66763042e-02 -6.33344799e-02
 -7.00470060e-02 -4.03582118e-04  8.44528992e-03 -1.68760195e-02
  8.98950174e-03  3.16890627e-02 -2.39141583e-02 -1.29051972e-02
  1.91163295e-03 -4.98764813e-02  2.51343958e-02 -4.67166752e-02
  6.99161962e-02 -1.79023631e-02 -4.12959121e-02 -1.97597733e-03
  9.68215708e-03  5.91464229e-02  3.00989836e-03 -5.53721823e-02
  2.33465619e-03  2.26690266e-02  2.01368500e-02  9.86335333e-03
 -3.75342108e-02  1.04013793e-02 -1.85558554e-02 -9.55445413e-03
 -2.43408140e-02  2.07092743e-02  4.20678742e-02 -6.32943586e-02
 -6.93780603e-03  3.47010344e-02 -2.18177065e-02  2.26146560e-02
  4.50375266e-02 -3.86014991e-02  2.11945530e-02 -7.58420071e-03
 -2.56193709e-02 -4.41349261e-02 -4.05993462e-02 -9.94891766e-03
  1.99516471e-02 -2.72675846e-02 -1.83087625e-02 -5.96593805e-02
 -2.31416039e-02  2.83810794e-02  2.43004188e-02  1.87133960e-02
  2.05831453e-02  2.79290155e-02 -2.73933131e-02  2.21406706e-02
 -8.09030794e-03 -8.30354616e-02 -3.76156606e-02  1.06133223e-02
 -1.68150533e-02 -2.29753461e-02  2.62197740e-02 -3.38239186e-02
 -2.27710772e-02 -8.00174177e-02  4.81512072e-03 -5.34870885e-02
  3.96424830e-02  3.89676467e-02 -5.43274544e-03 -1.19197452e-02
  1.61835756e-02  8.41958299e-02 -2.85416227e-02 -5.89923300e-02
 -1.99444150e-03 -1.04006454e-02  2.76140347e-02 -7.24267289e-02
 -4.31540161e-02  9.04675294e-03  9.65451822e-03 -6.36082201e-04
 -7.82913342e-02  1.00423899e-02  4.24899720e-02  2.13137846e-02
  5.85372597e-02  5.53302690e-02 -3.53515334e-02 -3.18236323e-03
  5.52051887e-02  4.38975841e-02 -4.30257851e-03  1.01095941e-02
  1.17897075e-02 -9.18613933e-03  1.04754167e-02 -5.07084727e-02
 -1.65728137e-01 -4.55437489e-02  5.73177449e-03 -4.72952724e-02
  5.58054671e-02 -7.34192505e-03 -4.66939062e-03  5.38326683e-04
 -2.25246176e-02  1.73288994e-02  3.35175693e-02 -1.32158389e-02
 -2.32416801e-02 -2.50629652e-02  2.04033637e-03  1.99550409e-02
  4.11483720e-02 -1.57292411e-02 -1.08925924e-02  8.94423947e-03
  2.08898578e-02 -6.36499152e-02 -2.78071413e-04  3.55529115e-02
  2.43047737e-02  7.00141909e-03 -3.63316797e-02 -4.16037254e-02
 -5.04837260e-02 -5.84410019e-02  1.23617509e-02 -1.11059817e-02
 -4.68111113e-02  4.32077982e-02  8.15117732e-03 -3.22465785e-02
  2.62666941e-02  3.26281525e-02  7.19656423e-02 -1.26323784e-02
  1.12882666e-02 -2.67309379e-02  3.34301847e-03 -3.27009372e-02
  1.52863255e-02  1.36951925e-02 -5.52796051e-02 -9.31193773e-03
  3.82553251e-03  3.79697345e-02 -1.83077417e-02  1.30216386e-02
 -3.74696478e-02  2.82145068e-02 -4.14922908e-02 -5.71005456e-02
  1.24265328e-02  3.13201025e-02 -2.18906514e-02  3.57956998e-02
 -9.31681618e-02 -5.67365577e-03 -3.97822112e-02 -1.02796219e-02
 -3.23816240e-02 -1.18700955e-02  1.95693858e-02 -2.93865595e-02
  2.08980273e-02  8.86950083e-03 -1.82466372e-03 -1.71834789e-02
  1.78311467e-02 -9.34303999e-02 -2.68811546e-02 -4.53281663e-02
  1.74997076e-02  6.45054281e-02 -2.24892665e-02  8.37646201e-02
  3.09146643e-02  8.37329496e-03  1.03962692e-02 -1.85894389e-02
  2.21342361e-03 -2.95361243e-02 -1.26194367e-02 -4.87383315e-03
  5.82622662e-02  5.65447360e-02  6.13921694e-02 -4.29034792e-02
 -1.38637086e-03 -4.17369381e-02  3.69411893e-02 -2.48814411e-02
 -1.29311848e-02  3.51894237e-02  1.39754573e-02 -1.68798398e-03
  1.08813206e-02 -3.74628380e-02 -1.02057317e-02 -4.33801711e-02
 -1.75290108e-02 -3.31922136e-02 -3.16554680e-02 -1.99691337e-02
  2.27841809e-02  4.10001688e-02 -2.96927057e-02 -3.79871316e-02
  3.89000699e-02 -1.20951300e-02  4.12505418e-02 -3.07189040e-02
  3.15046161e-02  5.33793308e-02 -4.47686985e-02  2.64785904e-02
 -5.75575717e-02  3.18576209e-02 -3.88944671e-02 -7.31343180e-02
 -2.86289193e-02  7.81635463e-04 -1.17642237e-02 -1.26278715e-03
 -5.22689112e-02  2.21383683e-02  8.27500410e-03  4.66631500e-05
  4.68055047e-02 -2.60555092e-02  1.55525180e-02 -1.10167051e-02
  2.66047176e-02 -2.68289614e-02  2.71463543e-02  1.07532730e-02
 -9.82887950e-03  4.13011052e-02  5.78842014e-02 -1.91708968e-03
  4.10598926e-02  2.54360139e-02  1.51760904e-02 -7.15487301e-02
  8.92847218e-03  2.32914509e-03  1.70804542e-02 -3.73796262e-02
 -8.55980720e-03 -3.42352130e-02 -3.32949385e-02  4.43700189e-03
  7.16268877e-03  1.35775656e-02 -6.73591197e-02 -6.17328212e-02
  2.54521072e-02 -1.83177087e-02 -2.63966154e-02 -3.49839125e-03
  4.33992594e-02  7.60568678e-02  1.21207652e-03  9.54549387e-03
 -3.79059138e-03 -8.81029014e-03  6.48178579e-03 -3.74005176e-02
  3.19084805e-03 -9.61228367e-03  3.38966921e-02  3.50337252e-02
  4.47717160e-02  8.63742735e-03  6.88385591e-02 -3.87598872e-02
  1.15345605e-02 -1.70501694e-02 -1.13403406e-02 -5.57120377e-03
  3.48411538e-02 -4.79201451e-02 -2.08489969e-02 -8.81056301e-03
  4.34281211e-03 -2.24708170e-02 -6.39805272e-02 -9.39612463e-03
  6.44234121e-02 -2.87084002e-02 -5.82860317e-03 -9.14925486e-02
  2.69177798e-02  1.37829287e-02  1.50005296e-02 -3.48748937e-02
 -2.24969424e-02  2.32197493e-02 -3.42210680e-02 -1.71557236e-02
  6.75285459e-02 -6.75332695e-02 -9.44186933e-03  3.37085724e-02
  3.98631431e-02  2.54334733e-02 -7.72858970e-03 -2.44449582e-02
 -4.82442193e-02  2.35349387e-02  9.59846471e-03 -2.02148780e-02
 -1.49829537e-02 -3.65895033e-02 -1.39079522e-02 -6.03756793e-02
 -3.49195465e-03  1.18751666e-02 -1.75870187e-03 -2.00124527e-03
 -7.13233277e-02 -1.40616307e-02  4.12070304e-02  4.66464693e-03
  1.76643487e-02 -7.60820806e-02  7.15773106e-02 -2.94239409e-02
  2.48349998e-02  3.82425040e-02  3.63736600e-02  1.82845704e-02
 -1.94334947e-02 -1.94948390e-02 -5.21044023e-02 -8.89184792e-03
 -4.09256145e-02  2.78130057e-03  5.85136795e-03 -3.97831127e-02
 -7.02557247e-03 -1.46638490e-02 -1.10509172e-02 -2.03937925e-02
 -5.58716133e-02  8.33503306e-02 -6.32103384e-02  1.75943784e-02
  1.65071748e-02 -2.26150878e-04  2.72289608e-02 -8.92527997e-02
 -6.14029616e-02 -2.20300183e-02 -5.45618646e-02  3.34046893e-02
 -3.58179174e-02 -3.12035941e-02 -3.49243870e-03  4.97053526e-02
  6.19408814e-03 -2.65037501e-03  2.99504530e-02 -3.78061458e-02
  3.40947919e-02 -5.19667380e-02  2.02512946e-02 -3.87377962e-02
  1.59208812e-02  2.79070493e-02 -8.74442514e-03  1.44401854e-02
  1.67341232e-02 -1.87855354e-03  5.41969202e-02 -2.84485687e-02
  3.14840004e-02  2.39645019e-02 -1.36356596e-02 -1.02203584e-03
  1.56840365e-02 -1.58752110e-02  6.54099975e-03 -2.35038809e-02
 -6.02004491e-03  5.15107356e-04  8.25489580e-04 -1.41071137e-02
  1.33272158e-02  5.27670793e-02 -6.99724779e-02 -3.36773251e-03
 -4.10558190e-03  3.28348763e-02 -5.16254865e-02 -1.33883990e-02
 -3.64688262e-02  6.94056004e-02  2.31140628e-02  1.38609130e-02
 -5.16196415e-02  3.83681012e-03  5.88477263e-03  2.44450569e-02
 -2.19376050e-02  1.68479867e-02 -4.38800007e-02 -3.50207165e-02
  2.80608162e-02  3.97186987e-02 -1.74812004e-02  3.57466489e-02
  4.95133661e-02 -1.20946430e-02 -8.54315460e-02 -1.28530646e-02
  2.87607592e-03 -2.29114853e-02  3.87387984e-02  3.47554423e-02
  4.88703549e-02  9.44506973e-02  1.45874117e-02 -5.72609939e-02
  5.13539650e-03  7.20400140e-02  3.15164775e-02 -1.52194211e-02
 -3.79445925e-02  4.55704890e-02  6.77906582e-03 -4.39129658e-02
  1.26894179e-03 -1.92341860e-02 -2.27978788e-02  5.35929669e-03
  1.73282400e-02  2.94764973e-02  5.02618887e-02  7.79983476e-02
 -4.57294751e-04  4.02769037e-02  4.09600884e-02  5.14460094e-02
  3.20302323e-02  7.94652402e-02  1.34837581e-03  4.07540798e-02
  8.11498705e-03 -1.03818150e-02 -7.19625317e-03  3.34168151e-02
 -5.60621684e-03  2.21735425e-02 -5.29240770e-03 -3.90426139e-03
  2.92107277e-02 -1.07002845e-02  3.21003348e-02  9.77348723e-03
 -2.52513625e-02 -4.77929078e-02 -3.58631462e-02  6.42097264e-04
  7.93697778e-03 -2.67606694e-03 -2.81285979e-02 -1.12879397e-02
  1.79996639e-02 -1.04194628e-02 -2.26929225e-03 -1.15033621e-02
  9.63433608e-02 -3.13927978e-02 -2.62400303e-02  4.59586419e-02
 -3.68184894e-02 -6.17970154e-02 -8.29020813e-02 -7.61076808e-02
 -4.33148742e-02  1.06080761e-03 -3.52981687e-02  1.11746676e-02
 -5.40752802e-03 -3.87737975e-02 -2.73971837e-02 -4.29488858e-03
  2.06666291e-02  6.83109229e-03 -5.63260280e-02 -5.03563173e-02
  6.87291566e-03  2.42073387e-02  8.26303381e-03  3.95050198e-02
  4.03332561e-02 -3.23947221e-02  1.81600247e-02  3.72636840e-02
  4.14874032e-03 -3.93519066e-02  1.89978499e-02 -1.05264597e-02
 -9.27352905e-02  2.29712366e-03  7.22331414e-03  9.67269298e-03
 -5.99040687e-02 -6.89875428e-03 -3.71761508e-02 -5.18461391e-02
  3.86890694e-02  3.70769165e-02  5.05782887e-02 -4.02272940e-02
  2.26104278e-02 -1.89266521e-02  7.19644921e-03  2.80555673e-02
 -8.63825157e-03  9.40639749e-02  6.51077405e-02 -8.22548289e-03
 -2.02275421e-02  3.90347578e-02 -4.66016121e-02  1.73183680e-02
 -3.19328569e-02 -2.24940304e-04 -9.59053487e-02 -9.77166370e-02
  1.79989096e-02 -7.74812466e-03  2.61900499e-02 -3.49165127e-02
  2.00875662e-02  1.01010399e-02 -3.10178157e-02 -2.06163619e-02
  3.05601545e-02 -6.67017465e-03 -3.10513228e-02 -2.08902936e-02
  5.16999792e-03  4.01281454e-02 -3.52602378e-02  1.24188606e-02
  3.44582275e-02 -4.60625440e-03  1.91452559e-02 -5.49333822e-03
  8.56748074e-02  2.22764201e-02  3.36237513e-02 -2.76012421e-02]","[np.float32(0.0), np.float32(0.01), np.float32(-0.01), np.float32(0.02), np.float32(0.03), np.float32(0.04), np.float32(0.08), np.float32(0.05)]"
review_para_19,"Despite this, the Latitude 5495 still had the biggest battery capacity of all the tested 14-inch AMD business laptops. Because of the bigger battery and the lower power consumption, it is not surprising that the Latitude 5495 outperformed both the ThinkPad A485 and the EliteBook 745 G5 in the Wi-Fi test. In this test, the Latitude scored a result of more than 9 hours, while the ThinkPad A485 just achieved 5.5 hours and the EliteBook 745 G5 just 6.5 hours.

The Dell Latitude 5495 could be a very good laptop with AMD Ryzen mobile. The focus here is on the ""could"", as Dell does almost as many things wrong as it does things right.",412269,Dell,Dell Latitude 14 3440 (ONSM006L3440V7252IN9),980.0,USD,412269_review_para_19,634,"[-1.34181362e-02 -3.64583582e-02  4.48476449e-02 -1.09261833e-03
  8.20107386e-02 -2.22929027e-02  4.29740511e-02  3.91758457e-02
  2.01504882e-02 -4.00613174e-02 -7.97248818e-03  5.78620145e-03
  9.39628389e-03  4.21668477e-02  4.24499251e-02  4.72357832e-02
  6.53051957e-02  2.67368611e-02  1.24316430e-02  3.58539424e-03
  2.07897034e-02 -2.59741023e-02  4.66459803e-02  3.94411050e-02
 -7.77035579e-03 -4.87957179e-04  3.16772647e-02 -1.58901531e-02
  6.81902887e-03 -5.90606444e-02  3.81512120e-02  2.29058531e-03
  1.42258564e-02  2.71203332e-02  4.19473127e-02 -1.89134087e-02
 -2.77553778e-02  5.90887805e-03 -5.21454476e-02 -7.45531684e-03
 -5.16952574e-02 -2.44388822e-02  2.05369163e-02  8.29995424e-03
 -4.73939441e-02  5.02174906e-02 -2.02417672e-02  4.34065983e-02
 -6.22315751e-03  5.07139973e-02 -7.90741742e-02  5.71410581e-02
  2.24119052e-02  8.02990794e-03  2.35017668e-02  6.77679032e-02
  3.30531932e-02 -4.16063853e-02  2.78771259e-02 -3.41915861e-02
  6.10510595e-02  6.91754092e-03 -5.56349894e-03  1.31646672e-03
  2.64955778e-02 -4.28279899e-02  3.12376674e-02 -3.81899402e-02
 -2.40066573e-02  2.27888096e-02 -4.53956276e-02 -2.41773259e-02
 -6.78276783e-03 -2.92505720e-03 -1.55297536e-02 -2.45925207e-02
 -4.45910404e-03  1.13423113e-02  9.90250483e-02  6.23846576e-02
  4.68846597e-03 -1.30040925e-02 -5.48461452e-04  7.90437907e-02
 -2.45723594e-02 -1.56194242e-02 -4.89394227e-03 -4.65199985e-02
 -8.60796124e-03  8.14569145e-02 -2.10329778e-02 -7.36767286e-03
  8.66986811e-03  6.58392981e-02  1.20910546e-02 -4.67187017e-02
  3.50278206e-02 -1.50820231e-02  3.73515226e-02  3.33576696e-03
  5.42627834e-02 -6.95492253e-02  1.96929928e-02 -5.50384587e-03
 -6.45448342e-02  3.89793776e-02 -5.22973835e-02 -4.77846414e-02
  5.29272519e-02  7.40853953e-04 -4.73661534e-02  1.19165359e-02
 -1.36804972e-02  4.06763963e-02 -5.65327182e-02  5.96627370e-02
  1.15656555e-02 -1.55656254e-02 -4.00257260e-02 -1.11802388e-02
  3.61546734e-03  5.61274663e-02  4.91039734e-03  4.56756204e-02
 -1.24824010e-02  5.46630807e-02 -2.34691780e-02  2.30823923e-02
 -2.38851700e-02 -3.19703259e-02  4.60992381e-02  3.22974622e-02
  1.09319463e-02  3.09494510e-02 -2.37236265e-02  4.90122428e-03
  8.59810691e-03 -2.56424886e-03  6.85013980e-02  2.65794061e-02
 -1.99598633e-02 -4.86917868e-02 -1.87026300e-02 -4.91201431e-02
  4.63216007e-02 -1.85970198e-02 -3.91170289e-03 -1.54135199e-02
  2.17863228e-02 -2.18773130e-02  4.24763141e-03  6.80962857e-03
 -5.06606139e-03 -4.08590324e-02  2.38668993e-02  1.91027373e-02
 -9.08392388e-03 -7.19891675e-03 -5.05196974e-02 -1.27535444e-02
 -2.44103069e-03  2.68308986e-02 -1.23349857e-02  2.32896395e-02
 -1.04197739e-02  4.13781703e-02  3.46403606e-02  3.28699388e-02
  1.21494932e-02  4.88661714e-02  1.32846842e-02 -1.50565179e-02
  5.62843755e-02 -4.28654850e-02 -3.94299366e-02  8.13112780e-02
  3.71444039e-02 -2.79415137e-04  3.01538855e-02 -8.03918671e-03
 -5.59382141e-02  2.88373772e-02  4.93748374e-02  1.67656150e-02
 -6.38238490e-02  4.70780581e-02  6.84144795e-02  2.56268820e-03
 -4.16327044e-02 -5.00047728e-02 -6.83942139e-02 -5.09624146e-02
  4.55674417e-02  1.10539969e-03  8.45697243e-03 -6.01014383e-02
  4.59442921e-02  1.26995984e-03  1.76697911e-03  2.44735721e-02
 -3.21976915e-02 -8.78302157e-02  2.58847997e-02 -9.55840573e-03
 -6.57784194e-02 -3.61995175e-02  5.31182215e-02 -2.41218712e-02
 -3.69490087e-02  3.55728716e-02 -2.21514404e-02 -5.71195222e-02
  8.43506213e-03  4.63739410e-02 -6.28318870e-04 -9.85395536e-03
 -7.09809363e-03 -5.64551614e-02 -1.07166665e-02 -3.56299803e-02
  3.33228335e-02 -1.46617880e-03 -2.69393320e-03  2.89797448e-02
  5.50144678e-03  7.11608753e-02  3.80031951e-02 -5.05322516e-02
 -1.29284207e-02  5.82152233e-02  6.97761215e-03  8.66941921e-03
  2.54496578e-02  7.16457283e-03  2.28973688e-03 -3.40385586e-02
  1.08706662e-02  8.32197070e-03  8.46390203e-02 -7.18899369e-02
 -4.13170055e-05  1.57560334e-02  1.23575432e-02  5.68593144e-02
  5.70916571e-03 -3.78258005e-02  1.14103463e-02  8.50781612e-03
  4.07763496e-02 -7.03157932e-02 -1.18873129e-02 -1.50217861e-02
  3.17444317e-02  3.28248031e-02  3.58905569e-02 -5.52430786e-02
  3.44017800e-03  5.00802360e-02  7.07876310e-02  3.90773639e-02
 -1.38480281e-02  3.21279950e-02  1.50659252e-02  2.53555253e-02
  1.89819857e-02 -8.98883194e-02 -5.62460199e-02 -6.67123049e-02
  4.62213717e-02  1.42033445e-03  2.60746293e-02 -2.80469041e-02
  1.49814775e-02 -1.80798769e-02 -1.36452448e-02 -3.40495370e-02
  3.35918716e-03 -3.39704886e-04 -2.06962954e-02  4.14086320e-03
  1.09487558e-02  7.96434134e-02 -6.77756686e-03 -9.55788121e-02
  4.60006036e-02 -2.71230303e-02  2.90373340e-02 -2.99553573e-02
 -4.07382473e-02 -3.04235448e-03  2.34186854e-02  2.62417663e-02
 -4.48298529e-02 -1.07846479e-03  4.65443507e-02  2.73920652e-02
  6.18214719e-02 -2.99301445e-02 -7.11226696e-03 -1.41196791e-02
  3.15712802e-02  5.78479283e-03 -2.61121280e-02 -3.17041241e-02
  1.41674969e-02 -4.34034467e-02 -5.74392360e-03 -3.11747901e-02
 -2.10958391e-01  2.42159534e-02 -2.03044023e-02 -5.02140373e-02
  1.82881821e-02 -2.30723172e-02  4.03746916e-03 -8.72709602e-03
 -3.21201459e-02  4.43382673e-02 -8.28439370e-03 -8.81301146e-03
 -2.13059364e-03  1.66591629e-03 -1.96778588e-02  8.76893103e-02
 -2.84829363e-03 -1.11430120e-02 -2.55639311e-02 -1.98632758e-02
  3.92642692e-02 -7.42509291e-02 -4.77333590e-02 -1.36453239e-02
  3.23644429e-02  8.77185315e-02  9.25721042e-03 -3.60571891e-02
 -2.97629666e-02 -3.51957185e-03  1.32791335e-02 -2.75200661e-02
 -9.64486692e-03  7.64525402e-03  1.14635592e-02  1.44549916e-02
  2.13229433e-02 -9.78388544e-03 -6.51446963e-03 -3.34628001e-02
 -1.32334167e-02 -1.82151143e-02 -8.10637488e-04  3.46235894e-02
  3.20549645e-02  1.36792026e-02 -3.11674811e-02 -3.61149386e-02
  1.40739633e-02  2.93805264e-02 -1.93052739e-02 -1.29341464e-02
 -3.90038937e-02  2.23867521e-02 -3.98776531e-02  3.17649394e-02
 -6.08204715e-02  7.52108404e-03 -3.75674926e-02  8.15549958e-03
 -2.18099523e-02 -2.04187222e-02 -6.74284324e-02 -7.36777633e-02
 -1.02393841e-02 -1.48692541e-02 -5.50294528e-03 -3.88031304e-02
 -1.05619105e-03  2.36135232e-03 -3.39478329e-02 -2.94173583e-02
  5.21013327e-03 -7.24461228e-02 -1.22273602e-02 -2.21159235e-02
 -2.47927811e-02  3.63669209e-02 -7.48714199e-03  4.39361073e-02
 -2.89299265e-02  1.19915083e-02  1.02634891e-03 -2.98797432e-02
  6.60855183e-03 -7.98142501e-05 -2.19329130e-02  7.22225464e-04
  3.28571796e-02  3.38167623e-02  3.54108699e-02 -1.70844141e-02
 -2.03230679e-02 -3.89004834e-02  4.89310324e-02 -8.83313641e-03
 -1.20278541e-02  5.39782085e-03  1.97602101e-02 -2.46501970e-03
  2.49927933e-03  1.71866338e-03  2.24221665e-02 -7.99423307e-02
 -5.47317090e-03 -1.98762142e-03 -2.72121113e-02  2.24830322e-02
  1.51596488e-02  1.14320805e-02 -4.68794256e-03 -1.16047030e-02
 -6.07313029e-03 -2.72347666e-02  7.05536408e-03 -4.03781459e-02
  5.24869598e-02  7.63593391e-02 -1.66373570e-02 -6.51445165e-02
 -6.77010864e-02  2.71674171e-02 -2.42654085e-02 -3.19677703e-02
 -6.54287860e-02  8.96643661e-03 -1.97494142e-02 -4.17962205e-03
  2.43359827e-03  2.30883993e-02 -5.24383746e-02  8.96939449e-03
 -1.47381949e-03  4.32484448e-02  1.39987115e-02  5.30769466e-04
  1.54328085e-02 -4.02070731e-02  7.12826895e-03 -8.34172033e-03
 -4.94423620e-02  6.05579913e-02  1.16541947e-03  5.23213809e-03
  4.44885902e-02  2.58051064e-02  4.69940193e-02 -5.85404336e-02
 -7.23136123e-04  3.46385427e-02  2.95828376e-02 -7.19137117e-02
  3.57671566e-02 -4.72663566e-02 -5.88792898e-02  1.11374259e-02
  2.09311619e-02  9.74614639e-04 -4.56674248e-02 -5.90198897e-02
  3.24802957e-02  7.50627555e-03  9.42293555e-03  4.11197618e-02
  7.46806199e-03  7.31194764e-02 -1.85200991e-03 -8.78898893e-03
  3.79823633e-02  9.07384045e-03  3.07800323e-02 -1.78554561e-02
  1.09010041e-02  3.33669335e-02 -1.90421066e-03  1.12030923e-01
  3.98563817e-02  4.46529500e-02  2.09369287e-02 -2.09837854e-02
 -1.07517457e-02  9.35671479e-03 -5.12586460e-02  5.07585751e-03
 -1.03509496e-03 -3.99157442e-02 -3.43191437e-02 -2.73784455e-02
 -2.45076534e-03 -1.50827169e-02 -2.89067551e-02  9.84615367e-03
  3.42450291e-02 -4.66219708e-02 -6.35973550e-03 -6.48409426e-02
  5.84610030e-02  1.94602106e-02 -3.48759480e-02 -2.07305197e-02
 -4.49019298e-03 -9.47622396e-03 -2.08977703e-02  1.51453419e-02
 -5.30912168e-03 -2.61446554e-02  4.41254564e-02  1.92246423e-03
  5.07109836e-02  2.47180704e-02 -4.68029380e-02 -5.34179546e-02
 -2.02395674e-02  4.27422598e-02  1.59401875e-02  1.02571193e-02
 -2.54068454e-03 -2.26108078e-02 -3.13674174e-02 -4.13906649e-02
 -1.22825960e-02  3.11283655e-02 -5.28282523e-02 -8.79878923e-02
 -1.19395144e-02  3.49711515e-02  2.34791264e-02  2.78691854e-03
  2.34327912e-02 -8.43313113e-02  6.82890648e-03 -2.71176342e-02
  4.37373016e-03  2.38193143e-02 -1.45466318e-02  1.69553291e-02
 -3.75861377e-02 -7.30480719e-03  1.71276188e-04  2.55950242e-02
 -7.09541980e-03  3.63804470e-03 -3.16306204e-02  1.05397012e-02
 -1.38667729e-02  3.32471691e-02  7.55404960e-03  1.68925282e-02
 -3.42775434e-02  2.37953588e-02 -1.80149861e-02 -1.69929881e-02
  1.25283515e-02  2.63638310e-02  3.97672504e-02 -2.70929728e-02
 -5.10391630e-02 -1.09145585e-02 -3.65927555e-02 -1.35350488e-02
 -1.87551305e-02  1.81294251e-02  6.38575293e-03  5.21459207e-02
  8.70734174e-03  2.49528792e-02  4.06174883e-02 -6.44714236e-02
  5.68480380e-02  5.07875666e-05  2.00995710e-02 -5.41598126e-02
  4.20904811e-03  2.14589131e-03 -9.67412197e-04 -1.43889105e-02
  4.23831120e-02 -8.10045691e-04  4.03049439e-02 -5.93893230e-02
 -3.18375826e-02  3.61775495e-02  3.65257151e-02 -4.21963520e-02
 -2.63126800e-03  2.16216091e-02 -1.22613125e-02  7.90476892e-03
 -5.90202622e-02 -2.73514409e-02  2.99816690e-02 -3.88771333e-02
  1.60840601e-02  1.80403646e-02 -7.07127228e-02 -2.50068288e-02
  2.59609018e-02  2.02457700e-02 -2.13410724e-02 -1.56318340e-02
 -1.49070313e-02  9.10656452e-02  1.52396446e-03 -1.18428832e-02
 -8.00480843e-02 -1.10356733e-02  2.98966430e-02 -7.43288696e-02
  1.56081906e-02  8.22082069e-03  3.28454524e-02 -4.79155593e-02
  3.21662463e-02  4.75954898e-02  8.85081664e-03  5.66345043e-02
  1.96675137e-02 -1.48485256e-02 -7.03609586e-02  3.48326447e-03
 -2.40053926e-02 -1.98849402e-02  3.94060947e-02  6.95265597e-03
  4.63052206e-02  7.54437074e-02 -2.42304597e-02 -5.03593720e-02
  6.22965507e-02  5.95425256e-02  6.16891906e-02  1.51256872e-02
 -1.46654230e-02  4.90344837e-02  4.31468571e-03 -2.73729246e-02
  6.11879071e-03 -7.56495968e-02 -5.36516868e-02 -5.00168419e-03
  1.93274301e-02  5.23199141e-02  5.76391667e-02  1.63387898e-02
 -3.54992971e-02  2.49935277e-02  1.34332078e-02  1.54211484e-02
  4.89456020e-02  1.58933699e-02 -2.96973363e-02 -3.89249623e-02
 -5.13970368e-02  2.20881794e-02  2.21371781e-02 -3.45705003e-02
  2.13526492e-03 -7.67792808e-03  1.38207665e-02 -2.05090772e-02
 -2.11198572e-02  5.02571687e-02  2.52405647e-02  2.15887837e-03
 -3.13614570e-02 -4.77890298e-02 -3.88437154e-04 -1.61479264e-02
  1.50720943e-02  3.21511291e-02 -1.06226057e-02  1.26261134e-02
  3.37255597e-02 -2.19375398e-02 -4.36715372e-02  4.69236774e-03
 -6.59808458e-04 -2.12314986e-02  3.21602100e-03  3.37982737e-02
 -5.39810816e-03 -4.67217080e-02 -6.05233088e-02 -1.99424718e-02
  2.97855306e-03 -5.07925786e-02 -3.56070995e-02  2.03283243e-02
  3.36302328e-03 -4.60976213e-02  3.30309719e-02 -2.62652524e-02
  5.92951290e-03 -1.34492405e-02 -4.05165702e-02 -6.13054372e-02
  2.02426165e-02  1.24723110e-02 -4.31785360e-02  8.02240223e-02
  4.87098284e-02 -4.16921899e-02 -2.22553350e-02  3.87074128e-02
 -4.55523506e-02  2.28199121e-02 -2.41319789e-03  4.81371582e-03
 -8.11871588e-02  6.15372136e-03  4.08174023e-02 -2.58154771e-03
 -3.43373232e-02  9.27976146e-03 -5.23717422e-03 -7.32439896e-03
  2.61159521e-02 -2.76515856e-02  3.76466028e-02  9.24284384e-03
  5.17020896e-02  1.78208034e-02 -3.19356918e-02  2.42560767e-02
 -2.17749048e-02  4.98479269e-02  2.25394107e-02 -5.24177263e-03
 -2.73651294e-02  3.46632972e-02 -9.47932806e-03  7.58732557e-02
 -2.81516537e-02 -1.35329934e-02 -8.94981325e-02 -6.86250255e-02
  1.32808564e-02 -4.16337103e-02 -6.96664490e-03 -2.28001848e-02
  1.76330574e-03 -1.17300591e-02 -1.48787256e-02  2.51902845e-02
  1.13570681e-02  4.08528466e-03 -5.40878475e-02 -5.00994548e-02
  4.69995989e-03  4.58675139e-02 -5.93096018e-02 -2.30156537e-02
  8.21156353e-02 -2.55449768e-02  1.56627465e-02 -6.61840588e-02
  4.83843572e-02 -1.80459190e-02  2.16345433e-02 -1.47513626e-02]","[np.float32(-0.01), np.float32(-0.04), np.float32(0.04), np.float32(-0.0), np.float32(0.08), np.float32(-0.02), np.float32(0.04), np.float32(0.04)]"
review_para_4,"In contrast to the other two Yoga 7 versions we have tested ( test #1 , test #2 ), this version boasts an OLED display as opposed to an IPS panel, which noticeably improves its picture quality. Although its brightness of just under 350 cd/m² is hardly any better and tends to be sufficient only for indoor use, which is a bit of a shame, the OLED screen is largely ahead in all the other categories. Starting with its color space, which not only covers the sRGB range, but also AdobeRGB and DCI-P3 almost completely, meaning professional users will also get their money's worth. Gamers, on the other hand, benefit from the display's very short response times. However, the main strength of OLED panels is their rich contrast, as black content really is black.",416039,Lenovo,Lenovo Yoga 6 13ALC6 (82ND00DNIN),750.0,USD,416039_review_para_4,759,"[-6.64327154e-03 -3.85911912e-02  4.09191363e-02  2.36570574e-02
  3.17875221e-02 -1.22044887e-02 -1.97989237e-03  3.77557538e-02
 -3.65803093e-02 -3.89798097e-02  2.35064588e-02  5.10133058e-02
 -5.39633334e-02  2.62988918e-02  4.57050428e-02  5.03002293e-02
  7.36698359e-02  2.27846857e-02  2.35321792e-03  6.51423773e-03
 -8.36613495e-03 -1.41306883e-02 -3.88071919e-03  3.46855223e-02
 -2.63408329e-02 -1.16365338e-02  1.38771115e-02  3.61658819e-02
 -3.47781219e-02 -4.71076816e-02  1.64834820e-02 -2.41948459e-02
 -2.29127891e-02 -2.19563069e-03  5.13743646e-02 -2.28226706e-02
 -3.68995108e-02  3.48091535e-02 -9.61898826e-03 -1.86717827e-02
 -4.40063700e-02 -5.52462451e-02  1.84013590e-03  1.07079856e-02
 -5.39749935e-02  2.68957112e-02 -5.06165810e-02  1.81560405e-02
 -4.17641178e-02  2.56041996e-02 -2.82660089e-02  2.64106113e-02
 -3.96460667e-03  3.43718752e-02  8.43495354e-02  3.53557467e-02
  2.86243036e-02  3.57202925e-02 -1.84902512e-02 -2.55318880e-02
  4.91093919e-02 -4.64295596e-03 -1.93409678e-02 -3.57693657e-02
  3.19794975e-02 -1.99917704e-02 -9.99090075e-03  2.09861044e-02
  3.79247568e-03  3.55024263e-02 -1.13189500e-02  1.24723054e-02
 -3.22820283e-02 -1.20997308e-02  2.59202551e-02 -1.67209264e-02
  1.93506270e-03 -3.36681455e-02  6.11041076e-02 -3.53225507e-02
  3.57726850e-02  2.00334601e-02  3.31430025e-02  4.59440611e-02
 -1.04951672e-02  7.47588696e-03  2.76123565e-02 -1.43670747e-02
 -4.48708273e-02  2.95808148e-02 -1.14258723e-02 -1.66667011e-02
  8.43554437e-02  4.64285240e-02 -1.99527424e-02 -1.18958391e-02
  5.16252890e-02 -3.06288172e-02 -1.83972355e-03 -1.73690338e-02
  3.56263518e-02  1.00923711e-02  1.17258669e-03 -3.64193842e-02
 -7.09598809e-02  3.29911076e-02 -2.95849368e-02 -5.65854944e-02
  2.41606962e-02  4.95337136e-02 -2.56430171e-02  1.65196434e-02
  5.19863609e-03 -1.45036215e-02 -4.17810678e-02  2.51364876e-02
 -4.26698523e-03  1.36775384e-02 -3.36560607e-02  1.36341183e-02
  3.77513915e-02  6.53220564e-02  2.08908562e-02  5.30508645e-02
  2.11082958e-02  1.28086833e-02 -2.97004655e-02  1.45341484e-02
 -3.65592539e-02 -2.51801480e-02  5.00191115e-02 -8.02027900e-03
  2.05346805e-04  1.22643095e-02  3.13099171e-03  2.21102731e-03
  2.77986862e-02 -3.18259001e-02  2.09094733e-02 -4.26380783e-02
 -3.72111984e-02 -4.48874943e-02  3.68442200e-02 -4.47802572e-03
  2.86407769e-02 -3.97696346e-02 -7.90807512e-03 -2.25397348e-02
  1.70857944e-02 -2.44813394e-02  1.58682205e-02 -2.49193292e-02
  3.74976397e-02 -6.60783052e-02 -3.62338088e-02  2.70749256e-02
  3.02972216e-02  2.02811696e-02 -9.47867800e-03 -4.96593304e-02
 -6.07540458e-03 -4.01860923e-02  3.91254164e-02 -3.11461650e-03
 -1.18372384e-02  1.61803477e-02  3.39767523e-02 -5.18903928e-03
  9.40730236e-03  5.23604602e-02 -7.39793479e-03 -5.71488915e-03
  5.95064310e-04  9.25776828e-03 -4.55348864e-02  6.49032146e-02
  7.12683350e-02  6.85361549e-02  3.95826501e-04 -1.12036848e-02
 -7.06961527e-02  1.08978886e-03  2.04321723e-02  9.33519006e-03
 -4.54461090e-02 -4.24641483e-02  5.13235629e-02 -3.90482955e-02
 -6.49420545e-03 -3.44726034e-02 -6.64481595e-02 -1.51240025e-02
  3.55628245e-02  1.72643047e-02  7.27804452e-02 -2.89618336e-02
 -2.46569552e-02  1.47917820e-02  4.36907485e-02  3.85503285e-02
  4.14369348e-03  2.66907513e-02  2.07555760e-02 -4.04736847e-02
 -6.54456317e-02 -4.10324782e-02  7.25042401e-03 -1.31921554e-02
 -3.76125984e-02  6.47132099e-03  2.02743728e-02 -5.51559441e-02
  5.21480255e-02  2.43142638e-02  1.79246382e-03  9.97460820e-03
  1.89251208e-04 -1.87010374e-02  8.36580154e-03 -2.42350176e-02
 -8.04964732e-03  9.21305444e-04 -8.17957334e-03  1.08578429e-02
 -1.19287043e-03  9.75263938e-02  4.66395132e-02 -4.64038178e-02
  7.38347764e-04  1.64117217e-02 -2.89435238e-02 -3.32781859e-02
 -9.30311624e-03 -1.43090086e-02 -3.88102490e-03 -4.45569120e-02
  2.70460686e-03 -1.59707330e-02  8.86389539e-02 -5.38696758e-02
 -1.55242542e-02  2.27448903e-03 -7.33040599e-03  6.15136996e-02
  3.64428759e-02 -3.49167921e-02  2.56914590e-02 -6.86256727e-03
 -2.48351600e-02 -1.26477508e-02 -2.04027910e-02  5.89533336e-03
 -5.10679558e-03  1.40678016e-02  1.42939975e-02 -6.09568581e-02
 -2.64891814e-02 -4.97571239e-03  4.96109314e-02  3.79214734e-02
  2.83168107e-02  1.62219331e-02  8.00597761e-03  4.31899689e-02
 -4.29486483e-02 -6.04790486e-02 -5.61556816e-02  4.21463214e-02
 -4.61543612e-02  1.68478210e-02  3.66163552e-02  2.95169707e-02
 -3.62743586e-02 -1.62324421e-02 -5.88893071e-02 -3.51751670e-02
  3.33616808e-02  3.14417742e-02  7.45246746e-03 -2.02566776e-02
  4.25338186e-02  3.79487723e-02  4.10087267e-03 -7.27759600e-02
 -2.10728571e-02 -3.84868868e-02 -1.57315899e-02 -4.02606055e-02
 -5.13157509e-02 -7.96409976e-03  2.99332533e-02  6.72555417e-02
  4.86829504e-03  3.74892391e-02  7.35997781e-02 -2.80289445e-04
  1.31028146e-02  2.18812879e-02 -1.66093484e-02  2.91394093e-03
  4.92755473e-02 -1.74708739e-02  8.42603296e-02  1.76504161e-02
 -2.59882826e-02 -1.19282519e-02  9.75148100e-03 -6.03961200e-02
 -2.32887194e-01  6.55305432e-03  1.63408574e-02 -2.23310255e-02
  2.32959632e-02 -6.99719042e-02  7.10410625e-03 -4.65897135e-02
 -2.36498192e-02  6.22907132e-02 -8.04486498e-03  1.13703776e-02
 -1.23883979e-02  2.43177135e-02 -7.44716672e-04  4.14998494e-02
  6.98697791e-02 -1.06177141e-03 -2.13796482e-03  3.88655476e-02
 -2.81590875e-02 -5.16581386e-02  3.79460340e-04  9.89871379e-03
 -5.09977667e-03  4.77982722e-02 -2.23569032e-02 -6.28025010e-02
 -3.05780452e-02 -2.12096237e-02  2.91839112e-02 -2.85596047e-02
 -1.09934229e-02  1.28454464e-02  7.73090543e-03 -8.24537594e-03
  1.96637604e-02 -6.10796772e-02 -2.82829944e-02  2.08151005e-02
 -1.83260571e-02 -1.69392712e-02  1.78921632e-02  4.62239608e-02
  5.62837832e-02  1.41537450e-02 -7.74361119e-02 -7.28301425e-03
  1.02976114e-02  7.46840909e-02 -7.09609129e-03  5.47397882e-03
 -9.52039063e-02  3.51983774e-03 -5.30112386e-02  2.07718741e-03
 -2.05279496e-02  4.15727794e-02  1.15551660e-02 -7.43924500e-03
 -6.56837896e-02  2.50896048e-02 -5.51236048e-02  1.04503194e-02
 -2.49668374e-03 -3.43887918e-02 -4.56705829e-03 -3.81792709e-02
  3.66224051e-02  5.22578647e-03 -2.85347542e-05 -4.54136953e-02
 -5.36872493e-03 -9.39154252e-02  6.29012939e-03 -3.55582614e-03
 -4.76246588e-02  2.45841462e-02 -2.99187452e-02  1.20075634e-02
 -1.62937585e-02 -3.77580151e-02  2.13856418e-02 -2.88258493e-02
  1.17860558e-02 -8.37813038e-03 -4.41708323e-03  2.21349224e-02
  3.81103456e-02  2.42185090e-02  9.76267010e-02 -6.98834062e-02
 -4.44111563e-02  1.71255153e-02  8.97178892e-03  1.91820767e-02
  2.24414095e-02  2.78995978e-03 -1.44924456e-02 -2.40559299e-02
  4.26182784e-02 -2.23970264e-02  6.94547174e-03  1.78458504e-02
 -1.96710471e-02 -1.38789965e-02  4.61384933e-03 -3.00616072e-03
  5.07041626e-02 -4.99942899e-02 -1.16350465e-02 -1.59255764e-03
  1.32140853e-02 -2.69330647e-02  9.38345268e-02 -5.45587800e-02
  3.11715044e-02  3.02480161e-02 -7.50513282e-04 -3.14429253e-02
  2.58492562e-03  7.86553789e-03 -2.63659004e-02 -2.78854347e-03
 -9.17287618e-02  5.98547384e-02 -9.61554516e-03 -2.24687923e-02
 -8.96399561e-03 -1.58650819e-02 -1.32829454e-02 -2.68316381e-02
  5.95945446e-03  4.72912043e-02  1.39609268e-02 -4.22415920e-02
  9.89805628e-03 -3.42836115e-03 -8.87893606e-03 -1.23598576e-02
 -3.57065462e-02  4.86717671e-02 -1.31985061e-02  4.52645682e-02
  1.90278962e-02  2.42300844e-03  2.22394355e-02 -1.20158913e-02
 -2.02632975e-02  1.83115490e-02  4.80863862e-02 -7.81563297e-02
 -1.11500686e-02 -4.22362499e-02 -6.12806939e-02 -5.22087738e-02
  1.38650872e-02 -2.94832308e-02 -7.69133819e-03 -8.70570987e-02
  4.68299761e-02  1.09294206e-02 -4.16440926e-02  1.41836749e-02
  3.68036032e-02  4.66146953e-02  3.20129320e-02 -4.25928459e-02
  1.71755478e-02  3.24986465e-02  3.59373391e-02 -4.32863310e-02
  1.56722516e-02 -1.80231780e-02 -1.60061866e-02  5.75129129e-02
 -2.57162414e-02 -5.59808547e-03  3.52815650e-02  3.63087194e-04
  6.15996979e-02 -3.71198468e-02  3.69706599e-04  1.09122200e-02
  3.45704742e-02 -2.39518527e-02 -3.94379497e-02 -3.04908156e-02
  8.30207579e-03  1.28850471e-02  1.90053117e-02  2.16167700e-03
  9.41858068e-03 -1.78530719e-02 -2.76114885e-02 -7.17737451e-02
 -1.43965902e-02  2.26346329e-02 -9.85286105e-03 -3.02115064e-02
 -1.02333780e-02  3.44242342e-02 -2.70942729e-02 -2.55897697e-02
 -4.10837913e-03 -3.43097039e-02  5.37878238e-02  5.29664271e-02
 -5.51862046e-02 -4.64846799e-03 -2.72014774e-02 -5.35343736e-02
 -6.55806856e-03 -4.39998768e-02  3.27363797e-03  2.86942106e-02
 -3.93995605e-02 -5.02478443e-02 -1.59529094e-02 -2.95984522e-02
 -3.34783159e-02 -3.04283258e-02 -3.90385725e-02 -4.06286083e-02
 -2.29672901e-02  4.16583382e-02  1.55089973e-02 -2.77855317e-03
  2.16602907e-02 -5.59921637e-02  1.70510001e-02 -2.84784660e-02
  2.48165149e-02  4.77656648e-02 -1.09158913e-02  6.38068914e-02
 -4.10778373e-02  1.37458704e-02  9.18693095e-03  3.30330320e-02
 -2.68974490e-02 -4.86545376e-02 -2.13743299e-02 -2.54312879e-03
  1.47883622e-02  3.09760049e-02  3.14795296e-03 -5.42818382e-02
 -9.78079438e-02  6.87799975e-02  9.27231926e-03  5.44558698e-03
 -4.47376035e-02 -3.90676670e-02  3.64755206e-02 -6.02625050e-02
 -1.37445247e-02 -1.55061800e-02 -7.34485686e-02  3.03793233e-02
 -9.54956003e-03  2.02742871e-02  1.00954520e-02  6.01126030e-02
  3.54239531e-02  5.44631481e-03  3.23692225e-02 -7.56601766e-02
  7.08938241e-02 -3.03449128e-02 -4.75701084e-03 -3.78310829e-02
  3.86668779e-02  3.01920213e-02  3.24291661e-02 -1.21598719e-02
 -1.80427544e-02 -2.33424250e-02  4.14125212e-02 -5.67120612e-02
  1.63301826e-04 -3.27403261e-03 -5.75026218e-03 -5.58912791e-02
 -1.49001889e-02 -4.58291844e-02 -8.33367929e-03 -6.86363224e-03
 -3.32565792e-02 -1.18890963e-02  1.72396582e-02  6.06214162e-03
  3.19762193e-02  2.22311728e-03  2.70113174e-04  1.48106515e-02
  5.34352548e-02  3.66560705e-02 -5.32885119e-02  4.08122921e-03
  1.53199648e-02  9.06634703e-02  7.34762102e-02  6.54862914e-03
 -2.84847361e-03 -1.59052685e-02  2.58682901e-03 -3.12042404e-02
  3.53004574e-03  4.83529875e-03 -4.00584098e-03 -3.81937474e-02
  3.83050218e-02  1.21356146e-02 -4.87174392e-02 -8.84112796e-06
  2.75983755e-02 -1.40416604e-02 -3.96301999e-04 -3.89847457e-02
  5.73395798e-03  2.63740905e-02  7.71633461e-02  6.09373860e-03
  4.15633619e-02  4.59899344e-02 -1.05661503e-03  1.62899327e-02
  2.53541358e-02  6.97974041e-02  9.96856764e-02  4.63529639e-02
  3.92928347e-03  3.46579775e-02 -4.52436768e-02 -4.59979996e-02
  3.97600420e-02  8.12993478e-03 -4.99766655e-02 -2.03760732e-02
  2.88459621e-02  5.03739268e-02  3.36380862e-02  4.09481190e-02
 -1.71931125e-02  4.13994081e-02  2.27091238e-02  2.84251524e-03
 -1.36274183e-02 -1.21855158e-02  4.22640797e-03 -5.01290485e-02
 -1.57775991e-02  1.30349211e-02  3.21804695e-02 -4.56702076e-02
  2.03996152e-02 -1.83456391e-02 -1.78070040e-03  4.32411321e-02
 -1.71875432e-02  4.76225913e-02  5.73218428e-02 -9.78353806e-03
 -6.01264611e-02  3.31241861e-02  2.47999616e-02  1.04756812e-02
  5.88440197e-03  3.05912085e-02  3.72907370e-02 -8.08787439e-03
  2.94224769e-02 -9.25413147e-03  5.15913516e-02  3.41893695e-02
  6.68783486e-03 -1.35242259e-02  1.66683663e-02  8.07250589e-02
  3.17111053e-02 -3.16301957e-02 -6.47854432e-02 -8.01531747e-02
 -1.87426303e-02 -2.52248906e-02 -6.86947703e-02  1.59418173e-02
 -3.57990228e-02 -5.88557012e-02 -6.10179529e-02 -4.53141192e-03
  1.03514930e-02 -6.96955156e-03 -4.98372503e-02 -2.92563997e-02
  5.03712073e-02  4.91329581e-02 -3.74379754e-02  2.09616888e-02
  5.84228523e-02 -4.70951796e-02 -2.26886980e-02 -2.65868939e-02
  1.35785406e-02  4.73346561e-02 -2.85874475e-02  1.14552155e-02
 -6.22745752e-02 -3.59881291e-04  1.85037944e-02 -1.43013019e-02
 -3.71155404e-02 -1.27334148e-02 -1.96261406e-02 -1.45598957e-02
  6.75683022e-02 -2.07462944e-02 -6.44488726e-04  2.02084053e-03
  2.08223797e-02  3.22722122e-02  4.21356522e-02  1.81052014e-02
  5.73656522e-03  5.57384603e-02  2.86269877e-02  4.08826694e-02
  4.10115756e-02  4.98063937e-02 -1.75392777e-02  2.01189704e-02
 -3.79373692e-02 -2.73840465e-02 -6.77031055e-02 -7.07559139e-02
  7.38223316e-03 -4.32001352e-02 -8.71129893e-03 -7.87969306e-02
 -1.71839483e-02 -5.73001988e-03  2.24283282e-02 -4.75193746e-02
  2.88000740e-02 -3.37616466e-02 -3.20177227e-02  9.35320102e-04
  1.59584209e-02 -8.46292078e-03 -4.58919704e-02 -1.21584232e-03
  3.75158042e-02 -3.16080004e-02 -1.04731810e-03  2.09915545e-03
  2.73590740e-02  4.68306653e-02  5.34735508e-02 -3.39671001e-02]","[np.float32(-0.01), np.float32(-0.04), np.float32(0.04), np.float32(0.02), np.float32(0.03), np.float32(-0.01), np.float32(-0.0), np.float32(0.04)]"
review_para_20,"We noticed an interesting (reproducible) behavior in the Cinebench loop in Standard Mode, where performance briefly drops a bit after the first run until the fans kick in. In Performance Mode, the multi-core performance is about 7% higher, but the fans also get significantly louder here.

The processor can consume a maximum of 46 watts on battery power. This has no impact on single-core performance, but multi-core performance is about 23% lower. Additional CPU benchmarks are available here .",416376,Asus,Asus VivoBook 15 OLED X1505VAU-LK543WS,605.0,USD,416376_review_para_20,496,"[ 6.04853453e-03 -4.47740033e-03 -5.96207287e-03  6.95046270e-03
  6.31705076e-02  1.67352241e-02  1.61771737e-02  1.86677538e-02
  9.63633787e-03 -5.64932264e-03  5.78882657e-02 -2.62820907e-02
 -6.07660487e-02  2.29863878e-02  8.81850836e-04  6.06974103e-02
  5.96193373e-02  1.09863440e-02  2.43148208e-02  2.54509673e-02
  5.34952991e-02  2.52748057e-02  7.84110278e-02  6.29065484e-02
 -1.63450465e-02 -2.50160694e-02 -6.65455684e-03 -5.29371155e-03
 -1.41815040e-02 -3.22629302e-03  1.57758221e-02 -2.04485608e-03
  2.28502657e-04  1.24798520e-02  7.67251924e-02 -8.88491422e-03
 -2.91225500e-02  1.33525375e-02 -2.70329248e-02  1.24119110e-02
 -5.43729402e-02 -1.90252718e-02 -6.11513620e-04 -6.78746030e-03
 -3.39785032e-02  4.99841608e-02  3.83618381e-03  2.08035633e-02
 -5.02498150e-02  6.44054916e-03 -4.78733182e-02  6.96428353e-03
  1.75545700e-02 -4.69357567e-03  2.70882640e-02 -4.04845970e-03
 -1.79873686e-02 -3.13324295e-02 -2.38131136e-02 -1.80924088e-02
  6.62744641e-02  1.68287312e-03 -5.10237552e-03 -8.53858050e-03
  4.02162261e-02 -5.79940788e-02  1.52735198e-02  3.35339010e-02
 -2.43388824e-02 -1.40144173e-02 -4.51985467e-03  1.07268896e-02
  2.03358252e-02 -7.71455327e-03  2.69144736e-02 -3.38171013e-02
  6.89549223e-02  6.11157017e-03  7.64854252e-02  4.49899063e-02
  4.12151217e-02  1.82239488e-02  2.88402792e-02  9.38671231e-02
 -1.33783529e-02  4.25345311e-03  9.90681257e-03 -1.99941006e-02
 -2.90203001e-02  5.39324619e-02 -2.41502933e-02  5.06826956e-03
 -8.44659563e-03  1.49646942e-02 -3.30160595e-02 -3.33378874e-02
 -1.13714216e-02 -2.00311188e-02  1.42389340e-02  2.06166860e-02
  3.44424136e-03 -4.98974286e-02 -7.89955445e-03 -3.83489877e-02
 -6.23867996e-02 -4.17247340e-02 -4.96077128e-02  9.70016420e-03
  4.22544889e-02  9.13548470e-03  3.77473724e-03 -1.75580252e-02
 -2.22650375e-02 -1.81756187e-02 -8.08319375e-02  6.14260249e-02
 -2.04977971e-02 -3.51204760e-02 -2.12769955e-02  3.66322510e-03
  7.40988106e-02  1.09579027e-01 -1.87757760e-02  5.80360107e-02
 -1.13460911e-03  5.57093099e-02  3.32319066e-02  1.95601154e-02
 -3.61117013e-02 -9.38977301e-02  5.22634536e-02  3.28802615e-02
  2.29195766e-02  3.41812061e-04 -5.47312312e-02 -8.17508064e-03
  4.08870094e-02 -2.08056904e-02  5.78541681e-02  1.55839929e-03
  2.42021941e-02 -5.85087873e-02  4.84761521e-02 -9.37699899e-03
  7.13946596e-02  1.24864755e-02 -1.77756585e-02 -8.59302748e-03
  2.80640461e-02 -9.19984654e-03 -2.78788130e-03  5.41534275e-02
 -1.48176001e-02 -4.23233137e-02  6.75591901e-02 -2.79275738e-02
  6.66029602e-02 -6.25801682e-02 -2.68284064e-02 -7.28033995e-03
 -2.06297394e-02 -4.98673879e-04 -2.27346886e-02  1.92341190e-02
  1.65092442e-02  1.65036600e-02  4.90192473e-02 -6.27399608e-03
  2.74926368e-02 -1.72668730e-03 -4.64879870e-02 -1.20003456e-02
  3.06220297e-02 -1.14781205e-02 -9.59947240e-04  5.09192757e-02
  5.93524054e-02  2.60982756e-02  1.06358966e-02  1.45002464e-02
 -6.43538758e-02  3.74730527e-02 -1.50654484e-02  1.35332681e-02
 -2.37252507e-02  1.97810046e-02  8.16095546e-02  8.63009784e-03
 -4.67688143e-02 -3.67680378e-02 -5.87672591e-02 -3.06260101e-02
  5.12456894e-02  1.26169417e-02  2.06201691e-02 -3.56776528e-02
  1.07224770e-02 -4.73250486e-02  4.31389622e-02  4.37423447e-03
 -2.05751341e-02 -1.11058233e-02  7.89888725e-02 -7.19297603e-02
 -1.04838096e-01 -3.69768590e-02  5.48406541e-02 -8.46616402e-02
 -5.12729622e-02  2.52253469e-02 -4.43949588e-02  2.24725958e-02
  1.61224846e-02  4.74743061e-02 -1.99925397e-02 -2.95671094e-02
 -4.04115729e-02 -6.00208081e-02  6.47282824e-02 -1.19152088e-02
  3.07153706e-02  1.89478565e-02 -5.46505786e-02  3.27348821e-02
 -3.31273191e-02  7.37433061e-02  1.22402823e-02 -3.77337039e-02
 -5.87703809e-02  4.74887975e-02 -5.02173491e-02 -4.94340109e-03
 -3.11549418e-02 -3.89115792e-03 -3.02720293e-02  3.36384997e-02
 -1.96608100e-02  1.93016324e-02  4.82812636e-02 -3.64186950e-02
 -3.33828405e-02  4.41808440e-02 -1.22491689e-02  6.93041757e-02
  5.00299148e-02 -2.25039627e-02  2.98921950e-02 -2.51985621e-02
 -3.33643369e-02  3.96746065e-04 -5.00454009e-02  1.35469846e-02
  4.52739932e-02 -1.48446159e-02  1.44001916e-02 -4.38905768e-02
  1.73319075e-02 -3.95500008e-03  4.87028435e-02  1.61538124e-02
 -8.22289754e-03  5.63525222e-02  2.03490127e-02  1.73296873e-02
 -1.06516294e-02 -6.28426895e-02 -6.43351823e-02 -2.08254047e-02
  3.59360017e-02 -3.47870216e-02  2.83665657e-02 -1.48262158e-02
 -1.24408202e-02 -3.40235978e-02  2.17946190e-02 -1.82542335e-02
  1.12449573e-02  1.29271913e-02  1.94587593e-03 -1.18460013e-02
  2.92914640e-02  5.41613325e-02  8.34990572e-03 -5.49320839e-02
 -1.69747099e-02  1.22746713e-02  3.19672562e-02 -4.71333191e-02
 -9.41040553e-03  4.94299643e-03  6.37727976e-02 -9.46219545e-03
 -4.69867848e-02  2.03942824e-02  2.57783979e-02  3.96798663e-02
  3.49125788e-02  3.42647620e-02 -2.16548070e-02 -9.93219111e-03
  5.02374209e-03  1.92443859e-02  3.91678233e-03 -1.97847635e-02
 -3.52119990e-02 -1.49275223e-02 -4.71443916e-03 -3.32226418e-02
 -2.06322193e-01  4.83422866e-03  9.40273330e-03 -2.21974757e-02
  4.03137244e-02 -1.54126610e-03 -2.89962385e-02 -2.77370755e-02
 -2.63900124e-02  4.13106717e-02  2.71205604e-02 -1.43243186e-02
 -7.00658280e-03  3.13068628e-02  6.94481377e-03 -7.78413890e-03
  2.09941678e-02 -9.17636696e-03 -1.81955714e-02  1.26180043e-02
  4.45391014e-02 -8.15188065e-02 -2.00032033e-02 -4.43703793e-02
  1.88589990e-02  4.03738697e-04 -4.90032993e-02 -1.55813340e-02
 -6.26403093e-02 -1.37129258e-02  1.34689938e-02 -4.03923215e-03
 -5.02421334e-02  3.23688500e-02  1.28766820e-02  8.24211538e-03
  6.21038824e-02  1.43035483e-02  2.74406578e-02 -2.09666993e-02
 -1.32727418e-02 -3.14406976e-02 -3.60970125e-02  3.18090152e-03
  4.67584878e-02  4.57047485e-03 -6.55730665e-02 -4.90827113e-02
 -2.29884032e-02  3.23260352e-02 -4.39454336e-03 -4.36754525e-02
 -2.62967329e-02  1.39039448e-02 -6.24624938e-02 -3.90810929e-02
  4.94978298e-03  4.19765525e-02 -1.50935855e-02  2.34820116e-02
 -6.26639426e-02 -3.97207141e-02 -3.66254300e-02  4.37740609e-03
 -1.92951988e-02  1.70023367e-02 -2.80444734e-02 -8.41939915e-03
  5.21721467e-02  1.05468109e-02 -8.65610503e-03 -1.84726920e-02
  8.47996678e-04 -8.63563940e-02 -4.17303666e-02 -4.48890440e-02
 -3.28692161e-02  5.86798266e-02 -2.37568226e-02  7.06729814e-02
  1.50692658e-02  1.33417239e-02 -3.04230861e-02  2.62404103e-02
 -1.67367961e-02 -4.00355645e-02 -4.33825962e-02 -1.65197700e-02
  4.68747765e-02  1.65005438e-02  6.37293607e-02 -5.40197529e-02
 -4.35329676e-02 -2.62925588e-02  2.71529555e-02 -1.21058561e-02
  8.76199268e-03 -9.89678130e-03 -5.25568565e-03  1.10127917e-02
  2.75604762e-02 -1.33407575e-05 -5.87666128e-03 -4.72815149e-02
 -2.97836009e-02 -1.95257494e-03  1.25627755e-03 -4.94354684e-03
  1.86587516e-02  4.18051742e-02  2.72314176e-02 -1.26462765e-02
  2.66235732e-02 -3.01784687e-02  6.42056391e-02 -2.10599937e-02
  1.53648155e-02  2.45416127e-02  1.21359285e-02 -1.86755136e-02
 -7.46171921e-02  7.66398981e-02 -6.31946549e-02 -2.20470261e-02
 -4.52272706e-02  1.75945070e-02 -1.86727773e-02  2.76145563e-02
 -5.30143492e-02  2.24321969e-02 -4.49933410e-02 -5.85740106e-03
  1.64435115e-02  8.86885170e-03  6.57317862e-02 -2.30374862e-03
 -3.51767614e-03 -3.75507995e-02  3.44125438e-03 -6.25267439e-03
  1.57203805e-02  1.88096054e-02  4.82311994e-02  1.40056210e-02
  3.19774337e-02  6.72797859e-02  4.55467105e-02 -1.66946314e-02
  5.69506176e-03 -6.63312664e-03  5.96380495e-02 -3.09357289e-02
 -3.34434584e-02 -3.88968997e-02 -4.04708683e-02  3.15336399e-02
  1.54121602e-02 -2.68916804e-02 -3.99474651e-02 -5.79851605e-02
  6.78508431e-02  3.81227255e-05 -5.09275645e-02 -2.00485904e-02
  3.19541758e-03  5.04459105e-02 -1.24104479e-02 -8.84895306e-03
 -1.66547520e-03 -8.69591255e-03 -1.08315647e-02 -9.83318780e-03
 -1.27837257e-02 -1.89344846e-02  3.75913046e-02  3.67112309e-02
  3.06337643e-02 -3.84056871e-03  3.24690752e-02 -1.13663850e-02
  3.09826224e-03  2.33555827e-02 -2.01437715e-02  1.85780488e-02
  1.11458004e-02 -3.18123326e-02 -2.09256355e-02 -1.38288224e-02
 -2.66768271e-03 -1.64203160e-02 -4.33409773e-02 -1.97996516e-02
  1.57755222e-02 -6.62067607e-02 -1.51375181e-03 -7.81764463e-02
  4.67509776e-02  5.95561638e-02  3.06388992e-03 -4.35512550e-02
  1.28583172e-02  4.86472771e-02 -1.83420554e-02 -2.96896715e-02
  4.59357947e-02 -1.61365215e-02  1.58645641e-02  2.56773327e-02
 -5.06775361e-03  2.29880288e-02 -6.57819910e-03 -4.22515199e-02
 -1.39844222e-02 -1.98220741e-03  7.52381515e-03  2.67987438e-02
 -4.54359353e-02  2.91030249e-03 -2.10709535e-02 -4.14599255e-02
 -5.24478499e-03 -7.91233592e-03  1.66733563e-02 -6.13472648e-02
 -6.65580109e-02  1.13463309e-02  3.84865552e-02 -4.88758879e-03
  1.77715402e-02 -5.82513064e-02  3.97580341e-02 -3.26805599e-02
  2.41038669e-02  1.99869536e-02  3.34656574e-02  1.66659430e-02
 -1.56554505e-02 -8.89891479e-03 -1.93430632e-02 -7.97026046e-03
 -3.93213294e-02  3.42944898e-02 -1.35935098e-02 -2.53749266e-03
 -4.80738692e-02  2.83153765e-02 -2.60624252e-02 -1.74228996e-02
 -6.07079640e-02  3.65857482e-02 -6.99322224e-02  1.26173180e-02
  9.28892195e-03  2.48308131e-03  2.42184233e-02 -6.07176572e-02
 -2.37517320e-02 -4.13822271e-02 -3.38258818e-02  3.82191911e-02
 -4.53279875e-02 -6.30218536e-03 -2.06586570e-02  5.90371750e-02
  3.69485421e-03  3.49844955e-02  2.50610765e-02 -4.61270213e-02
  1.05412742e-02 -6.21221261e-03  1.15645081e-02 -3.95890288e-02
 -2.81317160e-02  8.86161160e-03  3.00716665e-02  1.68195236e-02
 -2.57981308e-02 -4.29681055e-02  6.41090348e-02  4.85393172e-03
 -8.37705377e-03  2.82546412e-03 -1.57489907e-02 -1.07184928e-02
  2.05673520e-02 -4.00329456e-02 -1.43949222e-02 -1.60755459e-02
 -1.37176635e-02  4.62973826e-02 -1.66305881e-02  1.58312246e-02
  1.41312545e-02  2.29500644e-02 -1.79630201e-02  6.74226461e-03
  1.09360451e-02  3.49879228e-02 -4.77570593e-02 -9.37201735e-03
 -4.55936603e-02  2.71208696e-02  4.77358177e-02  2.68678274e-02
 -3.39805819e-02 -5.11736702e-03 -1.14326961e-02 -4.57406715e-02
 -4.01963741e-02 -1.22049265e-02 -3.54728326e-02 -3.71877067e-02
  2.37972662e-02  5.57231605e-02 -4.64222915e-02 -3.72130275e-02
  1.40233468e-02  2.48497963e-04 -5.26858009e-02 -2.33519413e-02
  1.07615339e-02 -3.02106850e-02  7.27003440e-02  2.79659759e-02
  3.21712010e-02  4.56847548e-02 -7.20733916e-03 -3.16545889e-02
  3.45864519e-02  4.71073538e-02  4.24284935e-02  2.11768132e-02
 -1.36980852e-02  6.32528067e-02 -4.59758341e-02 -4.57686186e-02
 -3.90517190e-02 -1.32604921e-03 -7.39575848e-02 -8.72023590e-03
  2.84387507e-02  9.06118229e-02  6.00275248e-02  8.63827616e-02
 -2.92008016e-02  3.32218735e-03  7.10876286e-02  3.16528194e-02
 -1.46190049e-02  8.44085738e-02 -1.24302907e-02  3.80619755e-03
 -3.97037379e-02  1.90160573e-02  1.22231254e-02  3.14457491e-02
  3.91474254e-02  3.20260189e-02  1.40088880e-02  2.54618358e-02
  3.04821264e-02  4.71854284e-02  6.87442943e-02  1.41429119e-02
 -5.48468418e-02 -4.66240458e-02 -3.41604389e-02  3.14058997e-02
  1.54682458e-03 -2.16039978e-02 -4.08571400e-02  2.68819761e-02
 -2.88013779e-02 -3.04967090e-02  3.36553901e-02 -4.78978157e-02
  1.81949455e-02 -3.34297679e-02  3.39539256e-03  2.68296674e-02
  1.61141735e-02 -6.24879114e-02 -4.75594439e-02 -8.13350454e-02
 -5.90581745e-02 -1.19113792e-02 -1.28272697e-02 -9.79237724e-03
  3.71421501e-02 -3.46816294e-02 -7.81726744e-03 -3.22655193e-03
 -1.24087026e-02  3.41468714e-02 -6.01286665e-02 -5.21582440e-02
  2.13569403e-02 -7.70609733e-03  1.39475719e-03  9.75103583e-03
  8.11409801e-02 -6.07420737e-03 -1.24060893e-02  8.60768110e-02
  2.64803041e-02  1.10956160e-02 -2.17278153e-02 -2.95854989e-04
 -8.90157074e-02  2.42580604e-02  1.33878551e-02 -9.66970157e-03
 -4.06485274e-02  8.77262931e-03 -1.69601124e-02 -9.63255949e-03
  5.68100847e-02  1.01662278e-02  5.95635064e-02 -5.15873134e-02
  9.66723729e-03 -1.15568219e-02  6.17001019e-02  4.57353219e-02
 -1.27794910e-02  5.96682355e-02  3.02296765e-02 -3.04410495e-02
  7.36045139e-03  3.09181735e-02 -6.62442520e-02  1.08710176e-03
 -4.91777761e-03  2.67233811e-02 -5.07378615e-02 -6.70040920e-02
 -4.68152761e-03  8.97380617e-03  5.80536341e-03 -3.11421864e-02
  1.74023192e-02  2.55446490e-02 -3.35985012e-02 -3.64380307e-03
  1.78932510e-02 -5.36987931e-02 -2.16272958e-02 -3.87417078e-02
 -7.79559975e-03  2.09811125e-02 -1.21499468e-02  1.91122461e-02
  2.28736028e-02 -3.42626050e-02 -2.79546101e-02 -3.09836876e-04
  3.72137539e-02 -4.38078167e-03  2.63712797e-02 -2.95012649e-02]","[np.float32(0.01), np.float32(-0.0), np.float32(-0.01), np.float32(0.01), np.float32(0.06), np.float32(0.02), np.float32(0.02), np.float32(0.02)]"
review_para_14,"In terms of audio, there are two stereo speakers, which are complemented by a subwoofer for lower frequencies. The sound is balanced overall and at least offers some amount of bass. For an ideal audio experience however, we still recommend using a headset. The latter can be connected to the laptop via the 3.5 mm jack or USB.

Gaming laptops tend to consume more power than traditional workstations. While idling, the Legion Y740-17 draws only 15.7 to 28 watts. Under maximum load, the consumption increases to up to 177 W from the 230-Watt AC adapter.",411819,Lenovo,Lenovo LOQ 15IRX9 (83DV00X6IN),770.0,USD,411819_review_para_14,553,"[ 5.17371111e-02  1.39056798e-02  2.57350150e-02 -2.81401463e-02
  2.33842432e-02  1.35058332e-02  3.17324698e-02  5.84421977e-02
 -4.42863861e-03 -6.05224669e-02  2.74273530e-02  5.06884083e-02
 -4.39714938e-02  3.08334641e-02 -8.82510468e-03  5.29661179e-02
  5.51445819e-02  3.43248546e-02  4.78016911e-03  1.44804940e-02
  2.90171076e-02 -7.18759489e-04  4.40363884e-02  7.48474523e-02
 -2.76312027e-02  4.92121605e-03  1.19960215e-02  1.27848331e-02
  1.59467477e-02 -1.20398565e-03  6.47122040e-03 -2.19618734e-02
  5.88785205e-03 -4.01409157e-02  3.89263742e-02 -1.98896080e-02
  2.30352934e-02 -2.44191047e-02 -7.75034167e-03  3.27841453e-02
 -4.65368479e-02 -3.32795493e-02 -1.96644515e-02 -2.13099606e-02
 -6.03709891e-02  3.15556042e-02  3.03307753e-02  3.90220881e-02
 -5.80732152e-02  1.30336471e-02 -6.05371073e-02  1.58191305e-02
 -2.77610365e-02  1.88494641e-02  3.80425490e-02  1.00007998e-02
  6.86332304e-03 -5.75136654e-02 -4.81013721e-03 -3.58436406e-02
  6.49520755e-02  1.46675352e-02 -3.96292061e-02 -2.64424980e-02
  2.66956817e-02 -3.83106694e-02  7.95886759e-03  1.68031827e-02
 -1.47346091e-02 -2.12791860e-02 -2.88829952e-02  4.57436629e-02
 -2.64165234e-02 -8.13902318e-02 -2.73858774e-02 -4.85835448e-02
  2.17120126e-02 -1.24688947e-03  7.86827803e-02  4.80993837e-02
  1.50611755e-02 -4.82298844e-02  7.33350739e-02  7.42540732e-02
 -3.50557715e-02 -2.76506692e-02  2.88456511e-02  2.92795412e-02
 -1.91326346e-02  2.56081410e-02 -4.48226146e-02 -3.96675393e-02
  2.60827821e-02  2.28101518e-02 -5.06749265e-02  1.87679250e-02
  5.37475236e-02 -3.78702953e-02  1.15571339e-02  1.81988291e-02
  4.34156246e-02 -1.81750506e-02 -1.65820140e-02 -2.52968315e-02
 -2.81772446e-02 -3.70722227e-02 -2.32707150e-02 -2.62912288e-02
  1.60090197e-02  3.15876654e-03  9.93256271e-03 -6.00831173e-02
 -2.88333204e-02 -1.13535952e-03 -3.21769528e-02  3.22666094e-02
  2.19426658e-02  7.96675030e-03  1.54523039e-02  1.14288013e-02
  7.13517144e-02  6.91323578e-02 -2.45538559e-02  6.50686771e-02
  3.73282731e-02 -6.12229295e-03  1.33067975e-02  2.63063479e-02
  6.23522792e-03 -5.75283356e-02  6.99208900e-02  2.96050850e-02
  3.29032056e-02  2.73022782e-02 -1.27196144e-02  1.16326530e-02
  8.18025507e-03  5.47374487e-02  5.70502616e-02  1.30201122e-02
 -5.05885482e-02 -3.42319496e-02  2.50479560e-02 -4.94045429e-02
  3.40867378e-02  7.12552061e-03 -5.58649711e-02 -6.55478910e-02
  2.47385586e-03  1.08081335e-02  2.69118194e-02  1.01182619e-02
 -1.52097913e-02 -6.23091087e-02  5.03033437e-02  1.95794180e-03
 -1.55209762e-03 -4.25813906e-03 -9.81637742e-03  5.11539821e-03
 -1.46258241e-02  6.35051494e-03 -3.29196490e-02  2.49068160e-02
  3.67094986e-02  4.66674827e-02 -2.37038191e-02  7.24471407e-03
 -5.18970788e-02  2.02982724e-02 -7.26810247e-02 -8.66885483e-03
  1.32931527e-02  1.96594633e-02 -5.16451076e-02 -8.33778549e-03
  7.74302408e-02  4.02187258e-02  3.21033038e-02  2.15955414e-02
 -5.21528423e-02  3.57011557e-02 -2.07755733e-02  1.44622605e-02
  1.85624994e-02  2.29349714e-02  4.09949534e-02 -3.52771878e-02
 -6.01296164e-02 -3.02274935e-02 -5.51353656e-02 -4.59454246e-02
 -2.86465418e-03  4.46149111e-02  4.56531756e-02 -5.54560199e-02
  9.06123035e-03  2.17705453e-03  2.79869139e-02 -2.27627228e-03
 -5.62483724e-03 -3.18644233e-02  5.56409061e-02 -3.85880247e-02
 -9.66031402e-02 -2.18992122e-02  3.11556868e-02 -1.71983484e-02
 -7.71492196e-04  1.61507502e-02 -1.07075525e-02  7.53236527e-05
  4.06371653e-02  3.11905541e-03  3.38923819e-02 -7.59191206e-03
  5.38776815e-03 -5.43480031e-02 -1.15984883e-02 -2.85722353e-02
  1.89686939e-02 -8.10914021e-03 -1.95379779e-02  5.61914593e-02
 -7.62450621e-02  6.14505038e-02  4.72364947e-02 -2.34477632e-02
 -6.55307770e-02  1.01595232e-02 -2.88771875e-02 -9.65927669e-04
 -3.96623388e-02  2.69222297e-02 -5.27272001e-02 -5.02898358e-03
 -3.06424797e-02  7.17255753e-03  2.67460011e-02 -4.30994891e-02
 -2.28749011e-02  4.83329557e-02 -3.59804258e-02  3.28473039e-02
  1.36507563e-02  1.99621189e-02  7.03519285e-02 -1.74661130e-02
  4.78165634e-02 -1.81149207e-02 -3.29240747e-02  8.78285896e-03
  3.41939591e-02  3.29468697e-02  1.91227403e-02 -4.27105948e-02
 -1.16149550e-02  3.59899364e-02  3.71027961e-02  3.33553106e-02
 -6.09341171e-03  3.74464616e-02  1.53253963e-02  1.73002575e-02
 -1.19206766e-02 -6.89821094e-02 -4.63456362e-02  3.53968609e-03
  3.33299786e-02 -1.77678466e-02  3.32557894e-02  4.02365364e-02
  3.51340286e-02  1.55457165e-02 -3.62776686e-03 -8.50616547e-04
  1.36498800e-02 -4.12592012e-03 -6.90197747e-04 -5.87601401e-02
  3.04601230e-02  8.93266797e-02 -1.54532809e-02 -4.18046378e-02
 -6.26882631e-03  3.48505820e-03  1.27914955e-03  5.35320863e-03
  1.84973497e-02 -3.93745303e-02  3.73676196e-02 -1.61385685e-02
 -1.73772927e-02  1.66488327e-02  8.81556049e-03  2.32319143e-02
  2.74816342e-02  3.01381964e-02  1.21905133e-02  2.10438552e-03
 -7.46904016e-02  3.26458504e-03  1.15670869e-02  1.98537167e-02
 -1.75954569e-02 -6.43736944e-02  3.00022606e-02 -3.79565693e-02
 -2.41132692e-01  1.33576216e-02  1.82671042e-03 -3.99159417e-02
  1.94739681e-02  6.73011737e-03 -3.64695005e-02 -5.27642146e-02
 -5.95737323e-02  1.88535545e-02 -2.79657897e-02  1.30798640e-02
  1.42315391e-03  3.69707160e-02  3.86367738e-02 -1.17849438e-02
  2.29604188e-02 -3.00095771e-02  2.41486076e-02 -1.94455013e-02
 -2.74584573e-02 -5.02777509e-02 -3.65897454e-02  5.65794855e-03
  5.77022918e-02 -7.13949499e-04 -1.14107383e-02 -1.51671814e-02
 -3.87030803e-02  1.35044968e-02 -3.82976723e-03  5.67818061e-03
 -5.94951436e-02  2.92907059e-02  1.40270656e-02 -6.59773964e-03
  2.93249916e-02 -1.73196774e-02  6.45071492e-02 -2.26876728e-05
  1.24219423e-02 -1.71287172e-02  1.73083525e-02 -1.26764667e-03
  5.10468557e-02 -1.13489814e-02 -6.94173202e-02 -1.40652945e-02
  8.88321549e-03  5.35794199e-02 -1.83264520e-02 -3.77949066e-02
 -7.85757825e-02 -9.45320074e-03 -5.23396954e-02  8.61751009e-03
  1.76810175e-02  6.86230883e-02  1.12810237e-02 -6.24295278e-03
 -2.91176401e-02 -3.88775691e-02 -5.01364060e-02 -3.32454778e-02
 -1.24593256e-02  2.28677969e-02 -1.54349189e-02 -2.66343169e-02
  5.22008017e-02  5.35020418e-02 -1.47468718e-02 -1.58905108e-02
  3.63172069e-02 -9.61193889e-02 -1.05086900e-02 -2.46861018e-02
 -5.22024818e-02  4.69374023e-02 -4.24425900e-02  4.80042398e-02
  2.21763737e-02  2.00122260e-02 -7.55609572e-02  2.24119481e-02
 -3.05334963e-02  5.69147384e-03  1.19406031e-02  7.56492431e-04
  5.50725684e-03  5.07371910e-02  4.20761704e-02 -4.70911972e-02
 -6.17000870e-02 -4.70970497e-02  1.12617072e-02  3.79632562e-02
  4.61253291e-03  1.11927511e-02  3.81376036e-02  2.07909010e-02
  2.92525124e-02 -2.36494467e-02 -1.00203315e-02 -8.29896033e-02
 -2.26518251e-02  1.70406774e-02  4.22221608e-03 -3.65768857e-02
  2.22119857e-02  1.85015351e-02 -3.12263612e-03  1.06856357e-02
  2.90850662e-02 -5.27352132e-02  5.28376885e-02 -3.85142565e-02
  1.70739740e-02  4.93541285e-02  1.04065258e-02 -2.58286577e-02
 -1.14026098e-02  3.47823836e-02 -3.95035371e-02 -3.38289067e-02
 -5.95248789e-02  7.74816349e-02 -3.92185375e-02  7.64688896e-03
 -5.18979430e-02 -3.82207781e-02 -6.59097806e-02 -3.79106738e-02
  1.85290631e-02  5.57353199e-02  3.36312056e-02 -3.68171670e-02
 -1.77994668e-02  1.63809664e-03  3.59343700e-02  4.19552140e-02
 -2.43399404e-02  5.76677360e-03  1.76604427e-02  2.62055453e-03
 -3.97275202e-04  3.15886363e-02  2.63351854e-02  1.15695735e-02
  9.60763544e-03  1.93571544e-03  5.33678457e-02 -1.93692800e-02
 -2.59729791e-02 -1.73857342e-02 -3.00039295e-02  1.72218774e-02
  2.74590217e-02  2.19047186e-03 -6.61176294e-02 -7.16084093e-02
  2.14616694e-02 -6.77730069e-02 -4.53789532e-02  3.51422206e-02
 -3.66882272e-02  4.68986593e-02  1.31583391e-02 -4.53101695e-02
  4.77277441e-03  3.49771045e-02  1.12729790e-02  7.79342721e-04
 -5.85281570e-03  2.20447015e-02  6.57054484e-02  2.00219583e-02
  5.43235689e-02  1.41272619e-02  3.06807011e-02  1.66239347e-02
  4.36098389e-02  5.26655093e-02 -1.27617852e-03 -3.49373668e-02
  3.74912880e-02 -1.48737701e-02 -2.42597181e-02 -8.07001907e-03
  1.59165114e-02 -8.96675140e-03 -3.90360765e-02 -2.60086302e-02
  4.65773838e-03 -4.92110290e-02 -2.73957644e-02 -2.81371903e-02
  4.82629314e-02  5.68697900e-02 -4.60036807e-02 -6.23235740e-02
  1.33081237e-02 -5.47648780e-03 -1.33882398e-02 -2.17288323e-02
  8.38530343e-03 -4.77434695e-02  1.70084406e-02 -1.05840694e-02
 -1.73781961e-02  3.17982771e-02 -2.19872352e-02 -1.97302084e-02
 -1.39731346e-02 -1.33010354e-02  4.57786471e-02  3.32955294e-03
 -3.97197716e-02 -2.90182717e-02  5.86720370e-03 -1.42888604e-02
 -2.05358583e-02 -5.66514283e-02 -3.95804383e-02 -4.68184240e-02
 -5.23759462e-02  1.62904207e-02  1.28829814e-02  1.45397959e-02
  2.52204966e-02 -4.37241569e-02 -2.84306123e-03 -7.77690560e-02
  2.14567725e-02  4.63759387e-03  1.84407141e-02  6.30836189e-02
 -2.38300897e-02 -6.22604880e-03 -4.54240404e-02  7.85312802e-03
 -3.82852182e-03 -5.25492302e-04 -2.66522802e-02 -5.33454902e-02
 -1.35573437e-02  3.67420688e-02 -3.10114957e-02 -2.62137242e-02
 -3.76128890e-02  2.46639848e-02 -3.35837193e-02 -4.68501449e-02
 -5.99239171e-02  3.30511890e-02  1.57732014e-02 -6.84298649e-02
 -2.32716240e-02  5.78242689e-02 -4.26084697e-02 -7.02074589e-03
 -1.12898517e-02  2.24397276e-02 -4.15070988e-02  6.56991750e-02
  3.80979367e-02 -5.03626745e-03  2.02513430e-02 -1.41010119e-03
  1.94789134e-02 -1.14881350e-02  1.36214383e-02 -1.08645773e-02
  1.83218755e-02  8.13005492e-03  1.71495099e-02 -1.02432901e-02
 -3.91730107e-03 -4.12711613e-02  7.60746449e-02 -2.84341648e-02
 -6.37573015e-04  1.81929972e-02  2.49283342e-03 -8.23218748e-03
 -6.65428583e-03 -1.56394523e-02  1.46851325e-02 -9.71118105e-04
  5.37500018e-03  3.22374739e-02 -1.20417727e-03  7.44487671e-03
  5.79744913e-02  2.32373248e-03 -8.62230640e-03 -4.81430348e-03
  3.37362476e-02  4.75857826e-03 -2.28308514e-02  2.77434085e-02
 -4.33222502e-02  5.27801849e-02  2.56089494e-02  8.91219266e-03
  1.72866543e-03 -2.72401143e-02  2.89732264e-03 -5.62034436e-02
 -2.86789443e-02 -2.44918466e-02 -2.47201733e-02 -3.48064527e-02
  1.50988353e-02  3.55814025e-02 -2.48247441e-02 -4.22334448e-02
  5.56426086e-02  3.33656147e-02 -2.46674325e-02 -2.58396734e-02
 -1.27675422e-02 -1.90221407e-02  2.27763522e-02  3.43528623e-03
  7.79309496e-02  4.18114550e-02 -2.85440497e-02 -8.61705840e-03
  6.21894524e-02  4.85280119e-02  1.19210985e-02  3.22120562e-02
  2.43369751e-02  4.30614129e-02 -9.05580521e-02 -4.21527959e-02
 -2.01876108e-02 -7.40725920e-03 -4.61720340e-02  2.38571060e-03
 -5.95841324e-03  7.56891146e-02  6.40956759e-02  9.71858501e-02
 -1.22839808e-02  3.21710743e-02  4.06198349e-04 -3.55937146e-02
  6.31329976e-03  2.66481098e-02 -2.98851822e-02  5.57707483e-03
  3.26585434e-02  1.16502913e-02  3.92830335e-02 -5.20134754e-02
 -2.07997952e-03  2.33398750e-02  7.74408225e-03  8.04258585e-02
  6.26451820e-02  6.78815916e-02  6.20890297e-02 -3.10878325e-02
  6.17245259e-03 -1.17996354e-02 -2.90931039e-03 -1.83604099e-02
 -1.64744817e-02 -3.62605751e-02  2.67759040e-02  1.89237837e-02
 -3.93900760e-02  5.85619407e-03 -9.20514390e-03  2.40015220e-02
  2.62961201e-02 -2.94811856e-02  1.02827251e-02  3.55249718e-02
  2.17178669e-02 -8.51075165e-03 -3.66891436e-02 -6.93616718e-02
 -1.58318002e-02 -1.89300645e-02  2.70094648e-02 -2.92085689e-02
  4.07281652e-04 -2.45601386e-02  2.60751368e-03 -2.10926179e-02
 -1.46012390e-02 -2.43037343e-02  7.02276081e-03 -7.61483237e-02
  7.90119097e-02 -3.36006954e-02 -1.06597645e-02  1.43158203e-02
  4.23947759e-02 -3.63130197e-02 -5.48696294e-02  3.53471786e-02
  9.42717120e-03  3.40515561e-02 -3.56438123e-02 -6.90300204e-03
 -6.70715794e-02  4.05791961e-02  1.95986070e-02  1.73863098e-02
 -7.96732232e-02  2.32126508e-02  4.29428443e-02  7.01126875e-03
  2.20485274e-02 -2.26779585e-03 -1.97078455e-02 -5.23171276e-02
 -6.03268947e-03  7.53491074e-02  4.07987647e-02  5.73037118e-02
 -1.37210358e-02  6.41507879e-02 -1.15387319e-02 -4.13100347e-02
 -3.76407765e-02  4.58070450e-02 -3.48362364e-02  4.02906761e-02
 -2.71726660e-02 -3.76307257e-02 -8.57748184e-03 -5.87610267e-02
  1.65876243e-02 -4.68716404e-04 -6.43235352e-03 -4.21291254e-02
  3.33328843e-02 -5.58265299e-02 -2.94150095e-02 -6.93874061e-03
 -2.30057575e-02 -4.16356474e-02 -3.57330218e-02 -3.94651517e-02
 -2.90762056e-02  4.22584526e-02 -1.77547820e-02  9.45993699e-03
  4.01623994e-02 -7.07878545e-03 -2.71319970e-02 -4.99346573e-03
 -7.24594109e-03  5.78132719e-02  9.30114742e-03 -4.35807966e-02]","[np.float32(0.05), np.float32(0.01), np.float32(0.03), np.float32(-0.03), np.float32(0.02), np.float32(0.01), np.float32(0.03), np.float32(0.06)]"
review_para_20,"The 15-cs0003ng is a comparatively energy efficient laptop. Our test device consumes a minimum of 3.3 W at idle, which is on par with the best of our comparison devices, and a maximum of 67 W under load. The device averages 56 W under load too, which may initially look alarming. However, the 15-cs0003ng has a more powerful GPU than most of our comparison devices and is on par with the VivoBook 15 X542UF , which also has a GeForce MX130 GPU .

HP includes a 65-W charger, which will be overwhelmed by the 15-cs0003ng when the system is pushed hard. This should not be a problem in daily use, but it is something worth keeping in mind if you are looking for a device on which you can also do some light gaming.",411989,HP,HP 15s-eq0500AU (440L6PA),370.0,USD,411989_review_para_20,712,"[-1.32448394e-02 -4.90125977e-02  5.94808906e-02 -2.81670392e-02
  1.75319966e-02 -3.29768211e-02  1.39112846e-04  7.13052675e-02
  1.04713682e-02 -2.95875985e-02  4.42302898e-02  1.27699217e-02
 -2.07847096e-02  3.48651409e-02 -2.48460434e-02  2.79904697e-02
  5.99952042e-02  5.16787618e-02  2.86475867e-02 -2.32596379e-02
 -7.62875425e-03 -2.47631874e-02  2.82062963e-02  4.36328538e-02
 -4.26671281e-03  2.64330991e-02  1.39279794e-02  1.72959007e-02
 -1.03774546e-02 -3.26832645e-02  4.59015220e-02  2.79794130e-02
  3.82247777e-03  8.62748176e-03  1.01917766e-01 -2.61385646e-02
 -2.51179449e-02  2.83837109e-03 -6.93399683e-02 -1.76045194e-03
 -1.23627093e-02 -5.49062975e-02 -2.67220642e-02  4.02970910e-02
 -3.85101773e-02  9.41229425e-03  8.26592464e-03  1.39936106e-02
 -5.94957545e-02  1.35535188e-02 -7.83375129e-02  2.73805689e-02
  1.56956419e-04  1.61911044e-02  1.34208640e-02  2.78515872e-02
  2.00308524e-02 -4.71579954e-02 -1.15067745e-02 -1.32375769e-02
  6.69305772e-02  7.53664365e-03 -3.66993174e-02  1.18438508e-02
  1.09701259e-02 -5.78883700e-02  7.58002177e-02  3.04436916e-03
 -4.15182160e-03 -1.64388474e-02  2.47723963e-02  4.17267717e-02
 -3.16700339e-02 -2.63202265e-02 -8.52031447e-03 -2.70196889e-02
 -1.65486466e-02  5.81233716e-03  2.05273908e-02  7.52211139e-02
  3.45030241e-02 -7.70263746e-03  3.56639922e-02  4.05843705e-02
 -3.27844024e-02 -2.90034129e-03 -3.27740684e-02 -1.88766532e-02
 -2.90225372e-02  2.94915400e-02 -2.67842263e-02 -8.73277895e-03
  4.53638844e-02  4.96569984e-02 -1.86171271e-02  1.68448966e-02
  2.69436035e-02 -2.27312427e-02  7.35308835e-03 -2.66874693e-02
  1.94777809e-02 -6.42050207e-02  1.42495101e-02 -2.86781266e-02
 -6.75023571e-02 -1.04703382e-02 -3.67749929e-02 -6.95875511e-02
  6.60140887e-02 -1.68569796e-02 -1.18143121e-02 -7.14242272e-03
 -3.67942080e-02  1.54090002e-02 -5.10304160e-02  6.08038306e-02
 -5.64111630e-03 -1.65014882e-02 -1.92209128e-02  2.68323161e-02
  1.29414992e-02  7.00612143e-02 -7.15559023e-03  2.80318912e-02
  4.46590744e-02  2.51835976e-02  3.74342278e-02  2.67772619e-02
  1.99746806e-02 -8.05960894e-02  4.87292148e-02  4.79950234e-02
  2.93904245e-02  1.07446043e-02 -2.72898022e-02  3.47561315e-02
  8.08018912e-03 -1.20846815e-02  4.44626883e-02  2.76792459e-02
  3.55701661e-03 -4.64409068e-02  8.23504031e-02  1.33806979e-02
  4.50556464e-02 -3.91129330e-02 -2.12466810e-02 -4.50865366e-02
  2.18157340e-02 -2.01176596e-03  1.28255105e-02  3.49658653e-02
 -6.16739225e-03 -7.48260617e-02  4.12160084e-02  4.00422849e-02
  2.09717471e-02  6.48361980e-04 -4.22795564e-02 -3.23367082e-02
  1.15366206e-02  1.98845956e-02 -5.33659793e-02  2.79750656e-02
 -3.20460796e-02  3.43641825e-02  4.24738601e-02  2.71201916e-02
 -2.17311271e-02  1.92823056e-02 -5.72583638e-02 -7.65074864e-02
  4.80867624e-02 -2.37153638e-02 -3.43199708e-02  5.77138364e-02
  7.20674992e-02 -2.28810832e-02  1.55038666e-02  2.04669666e-02
 -5.88186793e-02  5.94880618e-02  2.57946532e-02  2.97999196e-03
 -4.06839699e-02 -7.11229257e-03  7.99143463e-02 -4.22764895e-03
 -4.31812294e-02 -1.93451829e-02 -6.97637051e-02 -3.60481255e-02
  4.20971997e-02  1.71054173e-02  1.35935200e-02 -4.83651794e-02
  1.95206124e-02  3.56449522e-02 -2.87627466e-02 -1.03632258e-02
 -2.51493398e-02 -2.90293675e-02  7.20501691e-02 -3.36017944e-02
 -1.16647720e-01 -4.59484272e-02  4.68106531e-02 -2.52024289e-02
 -4.67830822e-02  3.80980894e-02  3.67207155e-02  6.51446544e-03
  5.87002002e-02  4.15365398e-02  9.00869537e-03 -1.75859872e-02
  1.79371964e-02 -4.27072085e-02  4.66521122e-02 -3.94872315e-02
  4.63406704e-02  3.31038460e-02  1.72759988e-04  2.79689860e-02
 -3.04791145e-02  7.51075447e-02  2.58249734e-02 -4.06418629e-02
 -4.22734916e-02  2.05560848e-02 -3.08953095e-02 -5.78579074e-03
 -2.34145261e-02  1.78199448e-02 -5.47399037e-02  1.01409573e-02
  1.64665449e-02  1.58533864e-02  6.85267299e-02 -5.16535863e-02
 -1.77437458e-02  6.93186894e-02 -3.84133449e-03  3.08057070e-02
  2.96013858e-02 -2.58756541e-02  1.76320467e-02  1.33518688e-02
 -4.16541938e-03 -4.84036840e-02  9.92611423e-03  2.18322631e-02
  4.10644226e-02  2.73381397e-02 -1.19535439e-02 -4.55072038e-02
 -2.96508744e-02  3.45000550e-02  2.11136844e-02  7.50571862e-02
  5.52971214e-02  3.12502421e-02  2.47753058e-02  4.97883335e-02
 -5.38999389e-04 -4.67937849e-02 -6.87323585e-02 -7.23004937e-02
 -1.16634732e-02 -2.36220546e-02  4.24714088e-02  5.99608291e-04
 -5.93854487e-03  2.52173352e-03 -3.30071524e-03 -4.60979678e-02
  6.96669566e-03  1.77976061e-02 -4.62601287e-03 -3.48826274e-02
  1.39691969e-02  6.13001585e-02 -4.67610685e-03 -9.26829726e-02
  2.52983924e-02 -4.13127914e-02 -4.69336007e-03 -4.04027104e-02
 -2.44970843e-02 -3.19663547e-02  3.42893787e-02 -2.45864205e-02
 -2.74258610e-02  3.03409342e-03  4.15600166e-02  1.37919532e-02
  2.06482112e-02  2.21508872e-02 -5.82654634e-03  2.22220570e-02
  2.52047610e-02  1.94833148e-02  2.97729969e-02  4.52352874e-03
 -3.73252183e-02 -6.12258539e-02 -6.58772374e-03 -6.74203485e-02
 -2.16205075e-01 -6.59546466e-04  3.03061474e-02 -2.02998314e-02
  1.32330749e-02 -4.16458547e-02 -3.91136110e-02 -3.88776623e-02
 -1.41930049e-02  4.43556719e-02  3.87727693e-02  1.15598161e-02
 -2.31724442e-03  1.74091551e-02  2.26257071e-02  6.47573126e-03
  2.00514290e-02 -3.37301493e-02 -1.43314032e-02  1.13548734e-03
  1.09383268e-02 -3.07106972e-02 -4.31534871e-02 -2.02002730e-02
  4.88994941e-02  2.62469668e-02 -1.12197595e-02 -3.84169593e-02
 -6.74133077e-02 -3.00652697e-03  3.42722349e-02 -2.25957651e-02
 -2.25277152e-02  3.70644741e-02  1.74532086e-02  2.74594612e-02
  1.76086891e-02  3.41578871e-02  1.03792371e-02  1.09397126e-02
  1.21954512e-02 -9.32247844e-03 -4.16950742e-03  1.66093893e-02
  1.46715231e-02 -3.32318572e-03 -6.76070824e-02  2.86226673e-03
  2.99157668e-02  4.65130880e-02 -3.44169661e-02 -2.58552786e-02
 -6.92939535e-02  2.08291225e-02 -2.73740161e-02  8.43260624e-03
 -1.54594518e-03  5.16630225e-02 -3.94713506e-02 -2.02352982e-02
 -6.45349324e-02 -3.05518927e-03 -4.49951217e-02 -4.82238792e-02
 -1.16403680e-02  9.03392117e-03 -3.89662944e-02 -4.93803956e-02
  3.63926683e-03  4.85044122e-02  1.55697027e-02 -1.50467921e-02
  7.94531778e-02 -8.98835585e-02 -4.28539747e-03 -6.13418519e-02
 -1.02384174e-02  6.36102632e-02 -2.49126897e-04  2.84178164e-02
 -1.01904431e-02 -5.05330935e-02 -3.10422815e-02  1.62110254e-02
  9.49383061e-03 -3.61068472e-02 -2.04646550e-02 -1.86140370e-02
  5.39583974e-02  4.68188040e-02  7.62280151e-02 -1.34563474e-02
 -1.21331224e-02 -3.93191241e-02 -4.06741630e-03  3.66558805e-02
 -5.07082231e-03  1.89253204e-02  9.38034710e-03 -1.45725599e-02
  4.26819548e-02 -2.19470188e-02 -5.54711296e-05 -1.38040287e-02
 -3.63607146e-02  7.47767929e-03  5.06064994e-03 -5.67147182e-03
  5.69188371e-02  1.27242189e-02  1.34869786e-02 -4.20467220e-02
 -3.12874876e-02 -3.64656821e-02  6.55990914e-02 -9.44084581e-03
  2.76035834e-02  2.09734850e-02 -2.09334176e-02 -5.72229773e-02
 -2.17862870e-03 -4.94956877e-03 -4.94491346e-02 -7.03194886e-02
 -9.10176486e-02  6.76444098e-02 -1.17752803e-02  1.23767648e-02
 -4.36882526e-02 -2.36887988e-02 -6.47978708e-02  3.81394476e-03
  1.87706426e-02  3.22804004e-02  1.94814652e-02 -3.33948585e-04
 -3.10381055e-02 -1.29831983e-02  8.42471886e-03  4.43090638e-03
 -6.22825511e-02  4.25595939e-02  1.51749495e-02 -2.69243754e-02
  2.48371996e-02  2.35794019e-02  9.08280164e-03 -7.37697864e-03
  1.25591382e-02  4.14755233e-02  2.24403385e-02 -8.11705664e-02
 -2.88323313e-02 -3.31967771e-02 -3.64025421e-02  6.70517376e-03
  2.03959048e-02  7.21755764e-03 -7.08959103e-02 -2.63617691e-02
  2.51236614e-02 -6.36572316e-02 -2.91791372e-02 -1.47932617e-03
  4.55654673e-02  2.47035436e-02  2.90311892e-02 -8.93167872e-03
 -1.93129908e-02  6.51375949e-02  4.42387015e-02  9.85158980e-03
 -3.67842317e-02  1.73399076e-02  4.68162149e-02  6.94369972e-02
  1.92889478e-02  1.58589855e-02  2.50430554e-02  1.45970369e-02
  4.23124898e-03 -1.56393442e-02 -1.17364498e-02 -2.98720691e-02
  6.98625445e-02 -5.86375929e-02 -8.26683245e-04 -1.88140459e-02
  2.12925598e-02 -1.92075800e-02  1.50328800e-02  3.73802008e-03
 -4.22591576e-03 -1.40626309e-02  3.81565362e-04 -5.56583181e-02
  9.79973376e-03  6.17639646e-02  1.06387434e-03 -4.71031703e-02
  2.49019880e-02 -1.36494357e-03 -3.15073468e-02 -3.37559953e-02
 -5.05956879e-04 -3.38722952e-02 -2.59139528e-03  1.42799048e-02
  6.05640523e-02  3.89923677e-02 -3.39734443e-02 -1.62781887e-02
  1.98385064e-02 -3.51682156e-02  3.12177744e-02 -5.90565288e-03
 -5.02054058e-02 -1.16822589e-03  2.18399409e-02 -1.63427405e-02
 -6.50829449e-02  3.63685414e-02 -1.23057002e-02 -5.35131246e-02
 -3.27397883e-02  9.54448537e-04  4.67116386e-02 -6.98104594e-03
  2.56721471e-02 -5.08339852e-02  2.21412419e-03 -5.70637211e-02
  2.78961775e-03  3.21374321e-03  3.97845730e-02  6.06223270e-02
  4.93363990e-03 -8.83000903e-03 -2.86709983e-02  8.30841996e-03
 -7.23010227e-02  2.12033885e-03  1.30146847e-03 -3.53145041e-02
 -8.04697722e-03  6.40557855e-02 -1.47099411e-02 -2.08512321e-02
 -4.86729555e-02  5.68613745e-02 -2.38483436e-02 -4.05110419e-02
 -1.60534156e-03  3.76784243e-02  1.51865818e-02 -7.93309510e-02
  1.01076830e-02  1.12406574e-02 -4.71385233e-02 -2.81581525e-02
 -2.18222048e-02  1.11399181e-02  1.77561566e-02  2.62775403e-02
  9.94465896e-04  4.21908088e-02  7.19731823e-02 -5.83671592e-02
  6.04031831e-02 -3.94212715e-02  4.80635799e-02 -3.43926102e-02
 -6.31720293e-04  3.05925496e-02 -2.24438366e-02 -2.81615630e-02
 -1.15013905e-02 -6.90284243e-04  1.65638607e-02 -2.63378881e-02
 -3.59198190e-02  8.61729402e-03 -1.47600779e-02 -3.35765705e-02
 -5.43987304e-02 -1.99117307e-02  2.41225753e-02  8.45994893e-03
 -1.50943883e-02 -1.94496810e-02  2.16285735e-02 -9.53930710e-03
  2.18231380e-02 -2.08923630e-02 -5.74261993e-02  3.11930161e-02
  5.35275154e-02 -3.51072475e-03 -1.98449641e-02 -1.89546887e-02
 -2.67118495e-02  7.52093568e-02  5.57822064e-02 -1.22124534e-02
  1.30156474e-02  2.41363831e-02  6.10408513e-03 -1.78208966e-02
 -1.55434702e-02 -5.02851652e-03 -2.53415317e-03 -6.30269796e-02
  2.62125675e-02  6.12094961e-02 -4.56164451e-03 -5.38169742e-02
  3.25965323e-03  2.74596340e-03 -4.61033694e-02 -3.57626304e-02
 -4.85562580e-03 -6.72534294e-03  7.27179870e-02  6.44562300e-03
  2.62403563e-02  6.10005893e-02 -3.86314914e-02 -4.24823388e-02
  2.49660201e-02  5.68441339e-02  2.47769952e-02  1.86049622e-02
 -1.05154691e-02  4.26642820e-02 -1.60881113e-02 -1.44945700e-02
  7.91981257e-03 -2.09932607e-02 -5.64496443e-02  3.92488725e-02
  3.90260033e-02  4.89453562e-02  3.70882601e-02  6.59558848e-02
 -3.60324644e-02  3.82982418e-02  3.34042832e-02 -8.98292195e-03
 -8.90054798e-04  1.04518924e-02  2.70457435e-02 -2.59134569e-03
 -4.04001884e-02  1.92620903e-02 -1.51171144e-02 -1.39785809e-02
  2.21513528e-02 -3.08130961e-03 -4.47670510e-03  1.08873667e-02
  1.42759026e-03  1.58804283e-02  3.89624201e-02 -2.82446332e-02
 -4.22288924e-02 -2.39947177e-02 -2.02849600e-02 -3.05558257e-02
 -1.72258320e-03 -1.09102810e-02 -1.81082301e-02 -1.46314334e-02
 -1.83907654e-02  3.00139491e-03 -3.22385086e-03  1.70317348e-02
 -2.98279934e-02  7.08281761e-04 -9.88859311e-03  2.22834479e-02
 -2.83455905e-02 -7.49893412e-02 -2.50485577e-02 -5.37573695e-02
 -4.79082279e-02 -1.41828312e-02 -1.66480020e-02  2.41852514e-02
 -6.03968464e-03 -1.44650489e-02  1.87087599e-02 -1.04851779e-02
 -2.72412878e-02 -2.52874545e-03 -8.35107416e-02 -5.01649454e-02
  4.54252400e-02 -1.03732543e-02 -2.46436149e-02  4.50013392e-02
  3.20975594e-02 -3.84812765e-02 -6.38554618e-02  5.65289110e-02
 -1.59880593e-02 -1.46078912e-03 -9.79625527e-03  5.11654504e-02
 -1.06118485e-01  2.49605235e-02  1.01497890e-02 -1.34294899e-02
 -5.97891584e-02  9.28624906e-03  2.76241452e-02  2.93043703e-02
  6.05926774e-02  2.55488344e-02  1.27965575e-02 -4.11652774e-03
  1.31482841e-03  6.07343577e-02  5.24172261e-02  4.59793955e-02
  7.73935951e-03  3.85022908e-02  2.91220620e-02 -1.61173716e-02
 -1.67801213e-02  3.48912776e-02 -4.31540757e-02  1.27670430e-02
 -4.35831547e-02  1.46720437e-02 -2.90700570e-02 -5.74506037e-02
  3.72416489e-02  5.03978413e-03  6.85095461e-03 -1.13979559e-02
  2.00036094e-02  8.67261831e-03  1.18175158e-02  2.03466360e-02
 -1.57433972e-02 -2.82606781e-02 -3.26068513e-02 -2.70477161e-02
 -2.25210395e-02  5.16903773e-02 -2.02160049e-02  1.17211981e-04
  3.10557149e-02 -4.78801094e-02 -7.87459500e-03 -2.12491639e-02
  8.62864405e-03  3.19632329e-02  5.36681935e-02 -3.19727091e-03]","[np.float32(-0.01), np.float32(-0.05), np.float32(0.06), np.float32(-0.03), np.float32(0.02), np.float32(-0.03), np.float32(0.0), np.float32(0.07)]"
review_para_14,"The 330-15IKB performed better than its Ryzen-powered siblings in these tests though, but that is not saying much. All three laptops have awful battery life, and we hope that Lenovo equips its future 15-inch IdeaPad laptops with larger batteries.

The Lenovo IdeaPad 330-15IKB is a bit of an anachronism. Its Core i5-7200U processor and Radeon 530 GPU are both outdated, as is its TN display. Moreover, the battery is simply too small for a 15.6-inch laptop.

Additionally, while the SSD is fast enough to keep the system running smoothly, it is considerably slower than M.2 2280 drives with which most OEMs equip their modern laptops. Furthermore, we cannot understand why Lenovo failed to include a backlit keyboard.",417315,Lenovo,Lenovo Thinkpad E14 (20RAS1M500),800.0,USD,417315_review_para_14,718,"[-5.48141971e-02 -3.38892974e-02  8.18372797e-03  2.13335883e-02
  8.08113664e-02  2.14924514e-02 -1.99603215e-02  1.66695435e-02
 -1.93730816e-02 -1.56376883e-02  1.79115161e-02 -1.70935374e-02
 -1.79906916e-02  5.88480979e-02 -1.88281629e-02  2.72856969e-02
  6.45895973e-02  2.31012627e-02  2.07624640e-02  1.03120096e-02
  2.51008328e-02 -1.92476160e-04  4.82115410e-02  1.45540631e-03
 -8.29750672e-03 -4.63817455e-03  5.58119500e-03  2.56409287e-03
 -2.13228818e-02 -4.77802530e-02  1.22818016e-02  1.03165489e-02
 -1.15202088e-03  8.97352211e-03  6.37419820e-02 -2.93774158e-02
 -4.33359817e-02  3.26858014e-02 -4.93828133e-02  1.89216286e-02
 -4.21817899e-02 -2.82014869e-02 -9.19458456e-03  1.67195778e-02
 -5.26265688e-02  7.00323097e-03 -8.33869539e-03  1.99575722e-02
 -3.73697840e-02  5.28354533e-02 -4.09461632e-02  3.40845659e-02
  1.83929056e-02 -1.98064167e-02  2.58234832e-02  1.45852407e-02
  3.41439284e-02 -8.24569985e-02 -1.28441304e-02  2.02305038e-02
  1.47925643e-02  2.60399445e-03 -1.14198411e-02  1.30803185e-02
  3.45240943e-02 -8.01781118e-02  7.00174123e-02 -1.09104570e-02
 -5.61979488e-02  1.91538676e-03 -2.30335947e-02  2.51649246e-02
 -3.22548598e-02 -3.11969779e-02  3.92175913e-02 -4.65858765e-02
  6.12917263e-03  1.52234058e-03  8.84089842e-02  2.53852066e-02
  2.60294303e-02 -1.26624042e-02  2.47117598e-02  8.84267092e-02
 -2.20238380e-02  5.12239384e-03 -2.67375130e-02 -6.69099018e-02
  1.53959391e-03  4.23800424e-02 -1.58565864e-02 -3.61484960e-02
  4.99744900e-02  6.15973659e-02 -3.58712152e-02 -4.41142395e-02
  3.05109192e-02 -2.24826019e-02  3.09429299e-02  3.59023325e-02
  3.12036965e-02 -8.35508853e-02  2.83316663e-03 -1.86569970e-02
 -6.18914776e-02 -1.14553319e-02 -4.71175872e-02 -5.38108386e-02
  3.87127213e-02  5.80708263e-03 -3.68731171e-02  4.05450538e-03
  2.51091793e-02  4.26959433e-02 -4.48139422e-02  3.11720502e-02
 -3.83297801e-02 -3.17295752e-02 -1.36243850e-02 -2.19290536e-02
 -1.37758004e-02  7.13657141e-02 -4.24791276e-02  2.84610577e-02
  6.58588205e-03  1.10578360e-02  1.79350842e-02  7.96511676e-03
 -1.07717589e-02 -4.55215983e-02  6.84899539e-02  5.92526831e-02
  3.39229256e-02  1.72043983e-02 -2.20759921e-02 -3.83570455e-02
  5.23836678e-03  2.97288764e-02  4.25302424e-02  3.19304094e-02
 -2.57310166e-04 -6.11601770e-02  3.28548588e-02  4.24385704e-02
  5.11844903e-02  2.41658706e-02 -1.71109568e-03 -4.01261486e-02
 -2.55854167e-02 -4.63830158e-02 -2.13195663e-02  1.71917246e-03
 -3.01532820e-02 -2.60104593e-02  5.24896048e-02  3.25167738e-02
  6.77625183e-03 -3.29461396e-02 -4.25695293e-02 -1.72923114e-02
  6.45715103e-04 -7.91558903e-03 -6.40441254e-02  4.61847894e-02
 -5.84021397e-03  2.76467130e-02  3.92039195e-02  1.71391591e-02
  5.96503541e-03  4.13130678e-04 -5.77908829e-02 -3.50928493e-02
  6.54440597e-02 -4.88853604e-02 -4.18584310e-02  4.01651487e-02
  7.47820660e-02  6.55266037e-03 -7.15831900e-03  3.11027505e-02
 -5.98240830e-02  1.11929607e-02 -3.40312943e-02  1.18071884e-02
 -7.50617981e-02 -1.46142766e-02  8.17012042e-02 -2.38219053e-02
 -8.00781026e-02 -6.20827898e-02 -8.81834403e-02 -7.61523983e-03
  5.47231138e-02  2.53025349e-02  6.20599724e-02 -4.30586599e-02
  1.57469809e-02 -7.26144621e-03 -6.54204339e-02  1.94002092e-02
 -3.01903486e-02 -1.55333597e-02  5.84507845e-02 -3.66703942e-02
 -5.04510179e-02 -9.46451351e-03  6.24108203e-02 -1.98505018e-02
 -2.50845905e-02  2.08382332e-03  2.56174020e-02 -3.07742823e-02
  7.50524551e-02  4.11712863e-02  2.54859477e-02 -1.88732520e-03
 -1.09033938e-02 -6.46888465e-02  1.78279951e-02 -1.54902637e-02
  1.62460580e-02  1.92918442e-02 -1.27442405e-02 -8.69069993e-03
 -4.50755060e-02  6.25780672e-02  6.07349984e-02 -6.29248321e-02
 -9.75931715e-03  2.11503617e-02 -1.61148608e-02 -2.80277934e-02
 -1.88920833e-02 -1.07093330e-03 -2.44139098e-02 -2.23675277e-03
  1.70539208e-02 -1.20890522e-02  4.54083979e-02 -7.02192113e-02
 -9.25996806e-03  6.77421317e-02  2.31897496e-02  3.79140861e-02
  6.29103929e-03 -2.93423142e-02  1.98396668e-03  2.08397228e-02
 -2.06679050e-02 -3.28453965e-02  1.43948849e-02  1.24775022e-02
  6.57250583e-02 -8.03072471e-04  8.95832200e-03 -3.10105570e-02
 -2.30178870e-02  4.18140553e-02  2.51705647e-02  3.62999775e-02
  5.74757019e-03  4.14104313e-02  2.65148040e-02  5.25966175e-02
 -3.07245944e-02 -2.95961853e-02 -4.11421880e-02 -2.43117698e-02
 -2.55699735e-03 -6.63653598e-04  5.38333505e-02 -3.75279412e-02
 -1.54901417e-02 -2.18300447e-02 -1.99842490e-02 -3.57529670e-02
  2.53232592e-03  1.72373548e-03 -1.19811548e-02 -4.10312191e-02
 -1.65932123e-02  8.63348544e-02 -4.12872620e-02 -1.02483690e-01
  1.27550466e-02 -2.76830867e-02  2.67616715e-02 -4.71832752e-02
 -4.38301563e-02 -2.13433411e-02  4.72000614e-02  3.04129440e-02
 -3.97932390e-03  5.92466891e-02  5.60094453e-02  5.05444072e-02
  2.77826171e-02 -1.95087381e-02 -2.70204712e-02  5.27386032e-02
 -1.21779246e-02  8.64651520e-03  1.71871930e-02  3.09451148e-02
  2.51951657e-04 -3.01189274e-02  2.49683671e-02 -3.39434743e-02
 -2.11024195e-01  1.60644148e-02 -1.81440602e-03 -7.38779083e-02
  2.69382894e-02 -1.15439799e-02  6.75150799e-03 -2.04348397e-02
 -2.29280163e-02  3.47869471e-02  2.16880701e-02  1.57275423e-02
  1.37890261e-02  2.63234265e-02 -1.10427216e-02  2.18329579e-02
 -6.25178963e-03 -9.42604337e-03 -3.80748622e-02 -7.23732775e-03
  3.23810987e-02 -6.32657483e-02 -7.56196380e-02 -1.79668535e-02
  3.69895585e-02  7.85940811e-02 -2.84899725e-03 -3.90397124e-02
 -4.40939516e-02 -6.80856407e-03 -3.17300670e-02 -1.57075450e-02
  1.77211557e-02 -1.41571462e-02  2.09449511e-02 -2.18821522e-02
  1.39983585e-02 -3.54178809e-02  2.12692004e-02  3.58489081e-02
 -1.98457520e-02 -1.20210936e-02  1.95358284e-02  2.40801256e-02
  1.77893415e-02  5.84500935e-03 -7.53386244e-02 -4.86161327e-03
  7.12702097e-03  4.69858497e-02  5.77804446e-03 -5.21845743e-02
 -5.40412925e-02  3.05656679e-02 -4.18494493e-02  9.42591112e-03
 -3.87988277e-02  3.90744433e-02 -6.93805004e-03 -1.28737725e-02
 -2.75208019e-02  3.19414362e-02 -6.21529035e-02 -1.49026867e-02
 -4.18309756e-02 -4.48653884e-02  3.02830283e-02 -2.42541935e-02
  5.74245676e-03  2.57689971e-02 -4.99500819e-02 -4.58699418e-04
 -2.28369832e-02 -9.94749516e-02  1.12990970e-02  9.80360433e-03
 -2.67991964e-02  3.40279713e-02 -1.45733804e-02  4.38530631e-02
 -1.76661219e-02 -6.42559864e-03 -2.52166037e-02 -1.77229866e-02
 -1.32365571e-02 -2.80289669e-02 -2.45838072e-02 -1.58432387e-02
  6.61172792e-02  3.64145264e-02  3.67882065e-02 -2.90937740e-02
 -1.84997451e-03 -4.72024716e-02  2.92207375e-02 -6.66723773e-03
 -2.89192908e-02  5.40364608e-02 -7.51697784e-03  1.77936032e-02
  8.67300387e-03  2.49154959e-02  1.16687175e-02 -3.71169019e-03
 -3.69278304e-02 -1.23430034e-02  8.16710293e-03  3.53467488e-03
  8.81238468e-03  3.92200286e-03  6.49432931e-03 -6.24796785e-02
 -3.46842664e-03 -6.09185062e-02  5.87754697e-02 -4.75762188e-02
  3.37042809e-02  6.50617257e-02 -2.04086490e-02 -5.06747738e-02
 -2.37999130e-02 -4.54651937e-03 -4.18660715e-02 -4.18024175e-02
 -5.88188656e-02  5.93901146e-03 -1.95892863e-02  6.29605446e-03
  4.40685777e-03  5.41335158e-03 -4.42267619e-02  1.54169081e-02
  8.20718240e-03  2.61538737e-02  2.35251039e-02 -3.75544168e-02
 -8.53121979e-04 -5.82672050e-03  6.17644237e-03 -2.03562807e-02
 -4.55755256e-02  1.46045135e-02  2.53696106e-02 -7.00587500e-03
  8.49464722e-03  3.55445854e-02  4.31732759e-02 -2.06724294e-02
  1.77180488e-02  9.55628511e-03  2.37779878e-02 -7.99668953e-02
 -1.70092266e-02 -5.06210066e-02 -2.79705487e-02 -2.93762051e-02
  2.93738693e-02 -2.40439344e-02 -2.68323962e-02 -3.54487002e-02
  6.01342367e-03  2.51728352e-02 -4.12270315e-02  2.03519361e-03
  4.13014628e-02  5.23744710e-02  2.62557939e-02 -1.02500515e-02
  3.25326971e-03  6.72731400e-02  4.42042155e-03 -5.49306832e-02
 -1.60213485e-02 -1.19594149e-02  2.51603946e-02  4.89590801e-02
  2.20788084e-02  2.25237422e-02  1.99898034e-02  7.45318690e-03
  2.07523108e-02 -1.54647110e-02 -7.11279921e-04  4.22214568e-02
  3.36387902e-02 -2.58874204e-02  4.95234795e-04 -1.94279328e-02
  9.33472533e-03 -1.95688717e-02 -2.46553198e-02 -3.91935259e-02
  3.41661461e-02 -1.67314764e-02 -2.87796091e-02 -6.87129796e-02
  3.02000102e-02  1.66384187e-02  3.17557977e-04 -4.04409692e-02
 -2.31357431e-03 -1.34538226e-02 -2.89340969e-02 -1.05755394e-02
  1.70365460e-02 -3.53051201e-02  1.91943441e-02  3.82165052e-02
  4.94753756e-02  1.48229953e-02 -4.48786616e-02 -8.19546636e-03
 -3.88595252e-03  1.39098521e-02  1.64927747e-02  3.22837606e-02
  5.60953794e-03 -4.24058735e-02 -5.15484484e-03 -2.25434061e-02
 -1.44444760e-02  2.92386785e-02 -3.65642942e-02 -5.91862798e-02
 -5.30780405e-02  3.62478606e-02  4.07134108e-02  1.08384080e-02
  1.35044090e-03 -5.41796461e-02  5.18746898e-02 -8.70364979e-02
  2.64748908e-03 -1.18484553e-02  1.79716628e-02  6.91769123e-02
  5.44710271e-02  6.71376649e-04  4.35401406e-03 -2.32036528e-03
 -5.31474575e-02 -6.44268608e-03  2.10777912e-02  1.00928592e-02
 -5.19145187e-03  3.78489532e-02 -6.88419770e-03 -3.29273450e-03
 -3.88155691e-02  4.41683941e-02 -3.21725532e-02 -2.53000110e-02
  6.38430286e-03  2.10115109e-02  3.42598185e-02 -4.07420322e-02
 -2.77851503e-02 -1.74254999e-02 -7.13252053e-02 -2.38087736e-02
 -9.88884596e-04  1.97931845e-02  1.16345678e-02  4.86833863e-02
 -4.52171220e-03  5.24675846e-02  5.08614369e-02 -7.06095919e-02
  6.68269992e-02 -3.04248575e-02 -4.37915605e-03 -9.71369073e-03
  6.63856743e-03  2.68752668e-02 -3.39390710e-02 -1.00232363e-02
  4.13533673e-03 -1.59643274e-02  1.29914917e-02 -1.01841912e-02
 -2.97085308e-02  2.13317536e-02  5.54564130e-03 -5.86812086e-02
 -1.94254611e-02 -1.80538706e-02  6.20651767e-02 -4.19031605e-02
 -4.44160476e-02 -3.11710034e-02  4.14901972e-02 -1.92540176e-02
  3.28335017e-02  3.71892191e-02 -7.10493550e-02 -1.29025197e-02
 -5.24748233e-04  1.09089445e-02 -1.86768733e-02  6.72810711e-03
  2.41725370e-02  9.92234871e-02  5.22964410e-02  1.63004193e-02
 -1.04838004e-02 -1.70655940e-02 -2.41910070e-02 -3.67932059e-02
  1.36312386e-02  2.13199258e-02  2.49375775e-02 -1.66265443e-02
  4.99593765e-02  7.64804780e-02 -2.25611385e-02  1.98826520e-03
  3.51936673e-03  5.80455828e-03 -3.39396223e-02 -4.14213911e-02
 -1.05276247e-02  2.86067575e-02  5.17868139e-02  1.44725544e-02
  5.80796413e-02  4.76351604e-02 -3.51176076e-02 -3.15935798e-02
  9.80057288e-03  5.24314791e-02  3.48251127e-02  4.91044745e-02
  1.90812107e-02  7.62852579e-02 -2.59614773e-02 -6.38531297e-02
  1.32576665e-02 -4.32499349e-02 -1.93245858e-02 -3.25058214e-03
  1.05903056e-02  2.29962673e-02  2.97589842e-02  1.62384566e-02
 -2.17741858e-02  6.33309409e-02  5.05050868e-02  1.83518548e-02
  2.57305950e-02  2.34833024e-02  6.20933343e-03 -2.51450632e-02
 -6.87662587e-02  2.02304497e-02 -2.36377344e-02  9.38450859e-04
  3.80502618e-03  1.21711334e-02 -1.82797629e-02  2.48200702e-03
 -3.03904768e-02  6.29932433e-02  5.57730235e-02 -2.42002085e-02
 -3.01945880e-02 -2.81466730e-02 -3.72061655e-02 -1.17941685e-02
  2.16513798e-02 -2.46941857e-03  2.46085916e-02  2.95270700e-02
  4.30369340e-02 -3.09949704e-02 -1.96966622e-02  1.72563400e-02
  3.66452001e-02 -2.04364527e-02 -2.84917615e-02  3.13565657e-02
 -3.37571427e-02 -1.77236032e-02 -1.79991070e-02 -6.24773912e-02
 -1.10306516e-02  5.58708271e-04  3.43646929e-02  4.22948450e-02
 -1.55198658e-02 -9.07203648e-03 -3.19495238e-02 -4.52519991e-02
 -1.88496355e-02  1.81992725e-03 -4.62437905e-02 -8.33556652e-02
  2.99569732e-03  1.20434938e-02 -4.76296842e-02  9.78569239e-02
  4.83208075e-02 -5.57794832e-02 -1.58032384e-02  7.70764872e-02
 -1.24863973e-02  1.00327760e-03  1.26027288e-02  6.41168468e-03
 -8.13068002e-02 -3.37193646e-02  4.41829488e-02  5.11503220e-03
 -5.01106754e-02  2.36372612e-02 -2.30371673e-03  4.39431146e-02
  5.73620759e-02 -1.28087262e-02  2.89215446e-02 -2.05915552e-02
  4.01345380e-02  1.83303934e-02  2.00244039e-02  2.25862414e-02
 -6.09084638e-03  8.00506026e-02  5.49048968e-02  2.46400218e-02
 -8.40807334e-03  9.18135140e-03 -1.46872289e-02  5.23709878e-02
  3.07508046e-03 -3.61820241e-03 -7.69589841e-02 -2.81002689e-02
  6.95975078e-03 -3.41631882e-02 -4.85479226e-03 -3.44314910e-02
  7.20617846e-02 -4.07052087e-03 -1.57914404e-02  9.91091481e-04
 -1.54327890e-02 -1.06865661e-02 -2.96134986e-02 -4.38786484e-02
  4.28381516e-03  2.23141294e-02 -1.05555682e-02  1.72616169e-03
  4.64747995e-02 -3.45246568e-02  3.56147848e-02 -1.75522715e-02
  4.64969464e-02  1.38112335e-02  8.09236914e-02 -4.46200930e-02]","[np.float32(-0.05), np.float32(-0.03), np.float32(0.01), np.float32(0.02), np.float32(0.08), np.float32(0.02), np.float32(-0.02), np.float32(0.02)]"
review_para_19,"Like the AMD variant , the HP Envy x360 15 Intel is also fairly quiet under low to medium load. Compared to other convertibles, the test device performs well and does not show any conspicuous noise. The average load noise of 27 dB(A) is even better than that of the AMD counterpart and is only beaten by the HP Envy x360 15 2022 . The maximum noise development under load is also slightly lower with the Intel model than with the AMD variant and of the competitors we selected, only the Lenovo IdeaPad Flex 5 14IRU8 is quieter. This makes the HP Envy x360 15 Intel Convertible ideal for working in a library or office. Since the device does not get particularly loud even under load, even more demanding applications can be used comparatively quietly.",418626,HP,HP Envy x360 13-bf0141TU (81B47PA),1080.0,USD,418626_review_para_19,751,"[-4.30769175e-02 -3.77767943e-02  6.67405799e-02 -2.43679453e-02
  3.99535038e-02  5.52637242e-02 -9.59615107e-04  5.16102649e-02
 -4.07019909e-03 -4.98325713e-02  4.30338643e-03  1.40905660e-02
 -7.60411937e-03  1.98002420e-02  6.92452714e-02  1.44270360e-02
  8.06232989e-02  3.85624799e-03  6.30175462e-03  5.71075594e-03
  4.81030606e-02 -3.83373164e-02  3.72306183e-02  2.57971026e-02
  1.55554824e-02 -8.45127366e-03  5.16427448e-03 -2.39008125e-02
 -2.69673616e-02 -2.24972852e-02  2.18190197e-02  1.89528856e-02
  3.11405025e-02 -6.72100857e-03  4.03105058e-02  4.92139114e-03
 -1.73702538e-02  2.47014742e-02 -2.84007434e-02  2.64428407e-02
 -2.37116348e-02 -2.46077366e-02  9.05260630e-03  2.65890434e-02
 -5.67696877e-02 -1.73633301e-03  2.69766431e-03  4.08794060e-02
 -6.62900358e-02  1.79115161e-02 -6.97736517e-02  3.11772954e-02
 -2.73500308e-02  2.42511071e-02  2.02733837e-02  1.32287741e-02
 -1.16516287e-02  1.41286757e-03  2.23530103e-02 -2.05803346e-02
  7.84522519e-02  1.08202230e-02 -5.53802541e-03  3.96743882e-03
  3.55491675e-02 -2.46716850e-02  4.29101102e-02 -8.82776268e-03
 -2.94369720e-02 -2.32140981e-02 -3.95576619e-02  3.16341780e-02
 -1.54399294e-02 -6.31453469e-02 -6.58143591e-03 -6.46377951e-02
  1.20068118e-02  5.73909329e-03  5.51471226e-02  6.65286034e-02
  4.44332547e-02 -1.88287010e-03  5.08630462e-02  7.89512917e-02
  7.66661810e-03 -4.64801267e-02  4.65388736e-03  2.74250768e-02
 -5.70872612e-03  5.47658578e-02 -1.76911131e-02 -3.37754600e-02
  1.55339865e-02  5.22372089e-02  2.94963538e-04  1.08221360e-02
  4.75511327e-02 -3.25837284e-02  3.53414267e-02  3.30350995e-02
  3.38952765e-02 -3.47787067e-02  9.86661296e-03 -2.39072293e-02
 -8.51203799e-02 -5.66649716e-03 -3.81621439e-03 -5.17467447e-02
  2.41537690e-02  8.59367941e-03 -5.22695365e-04  2.88771149e-02
 -1.01414993e-02  3.10904346e-03 -6.09944761e-02  4.81812209e-02
  3.39717008e-02  4.48728167e-02 -2.83290017e-02  1.18247676e-03
  1.39988502e-02  8.77380893e-02  2.51613371e-02  1.81522481e-02
  1.05072949e-02  3.75552513e-02 -1.46675706e-02  9.97838005e-03
  1.49797751e-02 -2.38983054e-02  2.05196925e-02  5.97917698e-02
 -1.93251222e-02  2.31264550e-02  8.94613378e-03  1.60548650e-02
  1.87452920e-02 -7.06103910e-03  5.88362888e-02  1.58038363e-02
 -2.73752604e-02 -1.07670249e-02  2.53868848e-02  2.06186846e-02
  3.07437126e-02 -4.23396416e-02 -4.25868072e-02 -4.74489741e-02
 -1.34772304e-02  1.48437489e-02  2.01085135e-02  6.22013211e-03
  1.88417349e-03 -9.19963494e-02  8.62079933e-02  3.97873260e-02
  3.49689536e-02 -2.48414539e-02 -1.05636492e-02 -1.47457337e-02
 -4.10107709e-02  6.85807317e-02 -4.09596711e-02  4.56813239e-02
 -3.33586968e-02  3.38184908e-02 -1.40655981e-02 -1.53587935e-02
 -4.58692983e-02  8.38374719e-03 -2.98790112e-02  3.67626338e-03
  5.54279424e-02  4.57114838e-02 -2.53025852e-02  4.63999584e-02
  7.48438910e-02  1.23804179e-03  4.17621657e-02  4.29068208e-02
 -5.63637763e-02 -1.58240441e-02  6.03823271e-03  3.86523828e-02
 -5.52987829e-02  6.61994424e-03  5.91526814e-02 -3.48945782e-02
 -2.13236012e-03 -4.33404222e-02 -6.97275996e-02 -2.94630346e-03
  2.05863155e-02 -4.38963994e-03  3.78028601e-02 -5.56365773e-02
  2.01154593e-02  3.01647149e-02 -2.92011946e-02  2.51696501e-02
  1.03151184e-02 -1.09797334e-02  2.04187501e-02 -3.31080258e-02
 -1.22491859e-01 -2.31591575e-02  2.32119206e-02 -3.25230770e-02
 -5.56684844e-02 -3.14634107e-02 -8.85853358e-03 -4.44325968e-04
 -1.35093937e-02  4.36036177e-02 -1.29414015e-02 -3.41418162e-02
  8.64743907e-03 -4.50212769e-02  1.84341408e-02 -3.04671172e-02
  3.49920951e-02 -1.93003435e-02  8.55595805e-03 -5.33989165e-03
 -4.30179350e-02  6.66921511e-02  5.59955202e-02 -7.84616694e-02
 -9.78145190e-03  6.13536797e-02 -1.00663900e-02  6.60618022e-03
  1.28223537e-03  6.49511144e-02 -2.95275468e-02  2.47394871e-02
  1.45859057e-02  2.03722380e-02  4.09090221e-02 -4.57204580e-02
 -2.21286155e-02  5.95458411e-02  1.88637548e-03  4.31168303e-02
  3.82299647e-02 -3.25750113e-02  5.51455691e-02  2.95639131e-03
  8.01058020e-03 -3.64132039e-02  1.39171146e-02  1.62963495e-02
  6.49865791e-02  2.10023131e-02 -1.02364663e-02 -7.25819245e-02
  2.70137917e-02  8.24542642e-02  2.84102671e-02  4.53355573e-02
 -2.51288693e-02 -5.07610431e-03  3.91819663e-02  3.81489135e-02
 -1.09801926e-02 -8.48537460e-02 -6.57458827e-02 -4.35707811e-03
  2.03846749e-02 -4.72354777e-02  4.23363671e-02  9.78924334e-03
  6.25889190e-03  5.86656062e-03 -4.69005154e-03 -5.35891019e-02
 -5.36478264e-03  1.85351931e-02 -1.37574999e-02 -6.51352406e-02
  6.19716337e-03  9.54109654e-02 -4.10880111e-02 -6.30166829e-02
  1.05129862e-02 -5.22312671e-02 -5.72796911e-03 -7.38806129e-02
 -3.71508561e-02 -1.48286868e-03  1.97950620e-02 -5.92786521e-02
 -3.33084464e-02  2.45066062e-02  1.45484842e-02  2.12131757e-02
  1.68486759e-02  4.39556502e-03  4.62502998e-04  1.53617794e-02
  2.84465565e-03  3.43310907e-02  1.84899550e-02  1.12684499e-02
 -8.70990846e-03 -4.21583429e-02 -4.93377354e-03 -5.89987189e-02
 -2.13721439e-01  2.21784376e-02  4.70088236e-02 -7.34885260e-02
  3.84032726e-02 -2.86963508e-02 -1.29161524e-02  1.93175476e-03
 -1.81336515e-02  6.61199465e-02  1.02232490e-02  3.44489329e-02
  1.20470356e-02 -3.15885246e-03 -5.58923371e-03  1.55868828e-02
  3.46377976e-02 -3.09179798e-02  1.83937624e-02 -3.93273309e-02
  2.47055404e-02 -2.52449568e-02 -4.86775488e-02 -1.06835542e-02
  1.16779832e-02  1.03441486e-02 -2.87414268e-02 -6.09757658e-03
 -6.38854951e-02  7.80015835e-04  4.59531415e-03 -3.08838487e-02
 -3.49658094e-02  4.07663025e-02  1.89272072e-02  9.79653466e-03
 -1.23586515e-02  1.57204028e-02  4.42139916e-02  4.58844043e-02
  1.15897777e-02 -1.45761287e-02  4.13832441e-03 -2.69016083e-02
 -2.91810534e-03 -3.86459231e-02 -9.75994393e-02  5.07050287e-03
  1.85743265e-03  1.78975575e-02 -1.50998328e-02 -6.24964386e-02
 -8.05228651e-02  2.75007561e-02 -5.48128486e-02 -2.55202390e-02
 -3.13078845e-03  6.26150668e-02 -1.51886540e-02 -6.35094650e-04
 -6.13067783e-02 -2.18599420e-02 -7.46301785e-02 -6.24450482e-02
  4.89423331e-03  5.17289154e-03 -1.74019858e-02 -2.84485463e-02
  2.78507452e-02  5.03439419e-02  1.20430179e-02 -3.80496681e-02
  3.83488238e-02 -7.99343437e-02 -1.23106847e-02 -3.48136611e-02
 -2.26823464e-02  5.92990741e-02 -1.50136035e-02  5.07848971e-02
  4.24508415e-02 -1.79492142e-02  1.58965327e-02 -4.19146754e-02
 -7.55656436e-02 -3.03213503e-02 -4.32577915e-02  1.85647178e-02
  2.46213302e-02  2.07095705e-02  1.03711672e-02 -1.65968183e-02
 -3.09920684e-02 -3.72963287e-02  2.57068332e-02 -1.52714662e-02
  1.87417248e-03 -9.38906707e-03  2.49143373e-02  2.76457015e-02
  1.81738138e-02  1.23065070e-03 -3.10170893e-02 -5.80644682e-02
 -8.41058791e-03  2.22501229e-03 -8.06801312e-04  2.44066659e-02
  4.89460118e-02 -1.96528528e-02  3.08030192e-03 -2.35956293e-02
  2.66146306e-02 -8.13029706e-02  5.96241653e-02 -6.56375885e-02
  8.93143658e-03  3.95952761e-02 -1.43235852e-03 -7.33027235e-02
 -1.66160222e-02  3.29851964e-03 -2.14547329e-02 -1.38098095e-02
 -8.16997737e-02  6.75880834e-02 -1.58340111e-02 -6.72323117e-03
 -5.07749878e-02 -6.34510815e-03 -5.32971323e-02 -3.80310602e-02
  1.66259464e-02  2.66900606e-05  3.20750140e-02 -9.01775528e-03
 -1.08576436e-02  1.32313333e-02  3.14094685e-02 -3.62502895e-02
 -2.55670398e-02  2.22054143e-02  7.55641749e-03  4.88121388e-03
  5.31914532e-02  2.62023136e-02 -9.45393089e-03 -3.77699845e-02
  1.89293511e-02 -9.70249437e-03  1.36450678e-02 -5.32226041e-02
 -1.41864410e-04 -1.58036966e-02 -4.84552421e-02 -3.30648967e-03
  4.77494486e-02  1.84017010e-02 -1.06250472e-01 -7.91151300e-02
  5.53050861e-02  2.94877049e-02 -7.22842216e-02  1.83816068e-02
  4.69564945e-02  6.40059263e-02  3.23453285e-02  8.13526660e-03
  2.41751708e-02  8.10121745e-03  2.66559869e-02 -4.65807542e-02
  6.32566819e-03 -2.49174237e-02  3.06355339e-02  5.81397377e-02
  9.17467102e-03  2.61201058e-02  2.66256109e-02  1.79979438e-03
  1.07927108e-02  2.69713276e-03 -1.45025551e-02  9.08633601e-03
  1.25247706e-02 -3.81509997e-02 -7.35575659e-03 -3.02387048e-02
  1.36405118e-02 -6.13431097e-04 -4.60978523e-02 -4.18065265e-02
 -4.65244381e-03  4.32534143e-03 -2.46089697e-02 -5.97103611e-02
  1.69772264e-02 -1.90561563e-02 -2.59696040e-02 -4.86846827e-02
 -2.68708672e-02 -1.99210420e-02  3.47195106e-04  3.63138714e-03
  3.94112058e-02 -3.87730859e-02  2.54194345e-02  1.05703901e-02
  6.33534370e-03  2.76002362e-02 -5.41044474e-02 -2.63734050e-02
 -4.46307771e-02  1.85587145e-02  4.36456241e-02 -4.15791646e-02
 -3.81159298e-02 -3.11620366e-02 -3.44616808e-02 -2.56795585e-02
 -1.54486001e-02  4.98230848e-03 -1.61079597e-03 -5.08470051e-02
 -5.67268692e-02  9.44183487e-03  3.65314186e-02  9.33932606e-03
  1.06060365e-02 -5.55897541e-02  1.23420190e-02 -2.05988586e-02
  1.80406831e-02  8.76831356e-03 -6.53491449e-03  6.74686283e-02
  1.51718101e-02 -2.38800701e-02 -6.42281398e-02 -1.54966582e-02
 -1.06947143e-02 -4.37055118e-02 -2.72600260e-02 -1.59843434e-02
 -1.59165040e-02  5.26845977e-02 -1.14128450e-02 -1.44141400e-02
 -5.58310486e-02  4.95101251e-02 -3.74990664e-02 -4.71021347e-02
 -2.08150987e-02  2.16982495e-02  3.95723321e-02 -5.89951687e-02
 -2.90098637e-02 -3.51768639e-03 -5.28780036e-02 -5.41016809e-04
 -1.46520147e-02 -1.35952141e-02  2.64389720e-02  6.06691912e-02
  3.73507338e-03  4.52894568e-02  4.56411690e-02 -5.48086315e-02
  5.29378317e-02 -2.65742894e-02  1.72987282e-02 -1.50855640e-02
  4.99022612e-03 -7.29573052e-03 -1.64995377e-03  1.78870335e-02
 -2.98508722e-02  9.25786421e-03  8.83796811e-02 -2.48690918e-02
 -4.94251435e-04 -7.48621300e-03  1.49836726e-02 -1.68341976e-02
 -3.43543403e-02  5.57438517e-03  1.08155617e-02  3.12276222e-02
  8.85589456e-04 -1.14188660e-02  6.78012669e-02  3.94087983e-03
  3.34703885e-02  1.44704599e-02 -6.22370020e-02 -1.09725883e-02
  3.43249366e-02  1.94418300e-02 -2.39014085e-02  1.16137927e-02
 -3.13055702e-02  7.98924118e-02  4.65514399e-02  2.03827322e-02
 -6.54390501e-03  2.91290320e-03  3.13114375e-02 -3.36332694e-02
 -3.87520716e-02 -2.34717447e-02 -8.26696772e-03 -1.82697121e-02
  2.85539124e-02  6.60856739e-02  1.62824597e-02 -1.81459449e-02
  1.09838357e-03 -3.27302259e-03 -1.44325309e-02 -2.69127619e-02
 -1.18790334e-03 -1.92732681e-02  2.43082810e-02  2.33164001e-02
  1.09686237e-02  5.99844903e-02 -1.89392287e-02 -5.78321656e-03
  3.09175793e-02  4.48261052e-02  4.10164557e-02  5.38798533e-02
 -3.92840290e-03  5.18076457e-02 -1.59519855e-02 -2.78587397e-02
 -4.14322242e-02  1.55687826e-02 -3.93851511e-02 -3.91499139e-03
  2.99631041e-02  3.80073152e-02  2.66640559e-02  3.79078016e-02
 -2.65972670e-02  6.67435490e-03  3.45123596e-02  1.11686881e-03
  1.10517070e-02  5.00325747e-02 -2.63756197e-02  1.13237696e-02
 -2.92789340e-02  1.90512482e-02 -9.16044228e-03  2.24201772e-02
  3.18046436e-02 -1.27887325e-02 -3.71179287e-03  1.69000924e-02
  7.34576350e-03  4.74309400e-02  5.22625297e-02 -2.43167076e-02
 -7.60429054e-02 -3.72971990e-03  1.00510158e-02 -1.53161027e-03
 -4.07629982e-02  1.80034735e-03 -1.39829982e-03  1.14299990e-02
  2.26156842e-02 -5.19251125e-03  1.97936874e-02  3.44107337e-02
  1.55614736e-02 -1.81705933e-02 -9.45912767e-03  2.98894364e-02
 -4.36186753e-02 -4.51074876e-02 -5.43977208e-02 -4.45624031e-02
 -1.41620939e-03 -1.86884757e-02 -3.09785153e-03 -1.29475957e-02
  1.82470120e-02 -1.63297057e-02 -9.00523551e-03 -2.54401118e-02
  2.98154727e-03  1.44171314e-02 -6.42355457e-02 -7.29510412e-02
  9.58489254e-03 -1.43956142e-02 -5.01397960e-02  8.16773623e-02
  4.43240814e-02 -2.55188793e-02 -8.94292817e-03  1.00752696e-01
 -9.45133157e-03 -7.22009502e-03 -1.26569895e-02 -3.42022721e-03
 -9.38873738e-02 -1.86592750e-02 -5.69241354e-03 -5.29992115e-03
 -7.32553676e-02  2.88536493e-02  1.95990987e-02 -1.15555506e-02
  5.49308546e-02  3.14340070e-02  1.56143401e-03 -3.57585140e-02
  2.38514831e-03 -6.01425674e-03  4.51073460e-02  6.63167890e-03
 -1.14981888e-03  6.47051111e-02  2.71088704e-02 -6.06760085e-02
  6.07526209e-03  1.75866801e-02 -6.92891106e-02  3.84895205e-02
 -9.80190560e-03  1.49887567e-02 -2.55890507e-02 -6.69988170e-02
  3.66200842e-02 -2.69096401e-02 -2.88169831e-03  2.24934076e-04
  2.27300376e-02 -1.41598750e-02 -3.03947330e-02  2.12347023e-02
 -9.71154775e-03 -2.50584707e-02 -1.34568103e-02 -4.13323753e-02
 -6.51068706e-03  2.85926387e-02  2.71402411e-02  1.80413004e-03
  5.97914532e-02 -4.10484942e-03  5.64288255e-03 -3.30823548e-02
  3.73515412e-02  3.72667536e-02  5.71982609e-03 -1.81975309e-02]","[np.float32(-0.04), np.float32(-0.04), np.float32(0.07), np.float32(-0.02), np.float32(0.04), np.float32(0.06), np.float32(-0.0), np.float32(0.05)]"
review_para_0,"What can users expect from a notebook that costs only $300? Lenovo has packed an Intel Pentium N4200 processor, a 128-GB SSD and 4 GB of RAM into the 15-inch case of the IdeaPad 320. These components should ensure sufficient performance for everyday tasks. But other manufacturers are also trying to gain a foothold within this entry-level segment, for example with the Acer Extensa 2519 . But the question remains: Will this entry-level device do?

Lenovo has given its new notebook a matte case with a black display cover and gray base unit. The case is simple but good-looking for this price range. Particularly the keyboard is an eye-catcher with its brushed aluminum look.",411598,Lenovo,Lenovo Ideapad 3 15IAU7 (82RK00EEIN),360.0,USD,411598_review_para_0,677,"[-6.23879172e-02 -4.54703234e-02 -2.20793486e-02  9.35536530e-03
  6.24174811e-02  4.08353582e-02 -1.20808184e-02  2.68250257e-02
  1.49958732e-03 -4.64254431e-02  2.24882253e-02 -2.45475806e-02
  9.71758272e-04  5.59401102e-02  5.90100186e-03  2.47059092e-02
  8.89830142e-02  3.54760736e-02  3.01687028e-02  1.42147485e-02
  1.52970413e-02 -2.59977244e-02  3.73411626e-02  4.09090035e-02
 -6.90214708e-03 -1.82544161e-02  2.11647321e-02  5.54574048e-03
 -3.14187631e-03 -2.29587965e-03  2.11857352e-02  1.87555850e-02
  2.55157938e-03 -3.10283946e-03  5.13750799e-02 -4.82499488e-02
 -8.81876890e-03  3.72577496e-02 -3.03953663e-02  1.30425708e-03
 -7.14852437e-02 -2.18317416e-02  2.09306204e-03  4.82701175e-02
 -5.90613484e-02 -3.88648012e-03 -2.87698321e-02  1.95475910e-02
 -7.31816590e-02  3.78641747e-02 -2.01542247e-02  9.06609464e-03
  2.00841930e-02 -3.58290151e-02  9.96218994e-03  1.73399299e-02
  3.31360400e-02 -2.57140044e-02 -7.66864326e-03 -1.51068438e-02
  3.23827676e-02  4.23789397e-02  1.52523490e-02 -1.05453376e-02
  1.60529111e-02 -4.84977849e-02  4.92155366e-02  1.00201471e-02
 -5.97832836e-02 -2.72097755e-02 -1.40289506e-02  3.23362909e-02
 -3.40612121e-02 -8.74159764e-03  2.11674045e-03 -6.81692883e-02
  1.98429190e-02 -1.81010235e-02  5.67889735e-02 -9.90109798e-03
  1.95496380e-02  2.63359062e-02  1.73113402e-02  5.89792803e-02
  3.13493535e-02  1.69966277e-02 -5.06282151e-02 -1.86894438e-03
 -4.77508642e-02  3.84909436e-02  1.95365239e-04 -3.84933278e-02
  4.43417504e-02  3.50552574e-02 -1.22839184e-02 -8.41089245e-03
  2.38426886e-02 -2.58612242e-02  3.68265696e-02  5.30591756e-02
 -1.11804092e-02 -3.68997492e-02  2.15038024e-02 -2.23097391e-02
 -3.09254136e-02  1.50438619e-03 -2.44726706e-02 -2.16072109e-02
  7.40408301e-02 -3.84410378e-03  1.09615512e-02 -6.61051869e-02
 -2.73845401e-02  3.33012603e-02 -4.91637401e-02  4.11149934e-02
 -1.07828155e-03 -8.72943085e-03 -3.93533856e-02 -1.59004983e-02
 -2.27261912e-02  8.44358560e-03 -3.90439034e-02  3.22255865e-02
  1.77582167e-02 -2.54414044e-04 -6.48294948e-03  3.93895060e-02
  9.71963815e-03 -8.27824920e-02  5.57655171e-02  4.37265262e-02
  1.52963391e-02  2.93094316e-03  1.43623073e-02  2.34674737e-02
 -5.11634862e-03  1.00556100e-02  4.36841659e-02  1.11679127e-02
  1.57729313e-02 -3.24122086e-02  6.13809749e-02  6.44022948e-05
  5.05866371e-02 -1.88721938e-03  3.52530889e-02 -4.20809500e-02
 -5.83057329e-02 -4.75870371e-02 -5.13765449e-03  2.39095930e-03
 -2.39788033e-02 -3.32654566e-02  3.51300463e-02  2.24662852e-02
  4.73095253e-02  6.67378260e-03 -6.92922324e-02 -1.00049367e-02
  3.77463587e-02  2.24449746e-02 -6.31219894e-02  2.77751163e-02
  9.75813251e-03  5.00911735e-02  2.54819319e-02 -8.80391151e-03
 -2.85160225e-02 -1.09407790e-02 -5.53473504e-03 -1.34554692e-02
  5.85299544e-02 -2.68230457e-02 -1.01539856e-02  1.88005883e-02
  6.96882382e-02  1.94810443e-02 -4.02030582e-03  8.04107450e-03
 -4.35607955e-02  2.46039522e-03  2.48216223e-02  4.09261417e-03
 -5.20139411e-02 -9.65429097e-03  5.54304272e-02 -9.13136173e-03
 -5.87259680e-02 -5.03421463e-02 -5.81230484e-02 -3.92711274e-02
  1.98036246e-02  1.33766057e-02  4.06866744e-02 -2.48301439e-02
  4.25529443e-02  6.20226264e-02  2.49631167e-03  4.10821140e-02
 -2.60354672e-02  4.87974286e-03  4.74771373e-02 -1.37296766e-02
 -3.92488912e-02 -1.38845500e-02  4.96418588e-02 -4.58913520e-02
 -3.06450645e-03 -9.77902021e-03  3.26543041e-02 -2.60465760e-02
  5.18223271e-02  2.60094330e-02 -1.93526093e-02 -1.76250469e-02
  2.64325719e-02 -5.54698035e-02  1.14950342e-02 -1.67346410e-02
  5.17651963e-04 -2.50133127e-03  1.10665839e-02 -4.07725312e-02
 -7.32203275e-02  8.64401907e-02  1.81654878e-02 -6.68167248e-02
 -2.14401186e-02  1.03461109e-02 -4.92025204e-02 -5.03808409e-02
  4.46509337e-03  2.80986503e-02 -1.26906484e-02  3.11756078e-02
  2.75742467e-02 -3.59705798e-02  5.34385554e-02 -7.96115994e-02
 -5.88524668e-03  4.83677872e-02  2.96965875e-02 -2.60244310e-03
 -1.73762571e-02 -1.45774838e-02  2.24418640e-02  2.36097891e-02
  3.43054458e-02 -7.47257145e-03  4.47178399e-03  1.35533191e-04
  3.29298377e-02 -8.28990422e-04 -3.14993709e-02 -4.79559079e-02
 -2.63902396e-02  1.69996507e-02  5.99528439e-02  2.52660476e-02
  1.26004731e-02  6.18471056e-02  2.28124820e-02  7.20491931e-02
 -2.74840072e-02 -6.46909624e-02 -2.67777462e-02  3.80989404e-05
 -9.50227678e-03  1.91543065e-02  9.61522479e-03 -1.66992471e-02
  3.05155907e-02 -5.83904795e-03 -1.12627065e-02 -2.22090948e-02
  6.94923569e-03 -2.00067461e-02 -9.61340498e-03 -6.59536123e-02
  1.07106939e-02  7.42114186e-02  7.68667832e-03 -6.33768216e-02
  1.87761653e-02 -4.54853810e-02  2.26051270e-04 -3.07031907e-02
 -1.81000214e-02  1.40666645e-02  5.63453995e-02  1.25108380e-02
 -5.50945895e-03  2.75955889e-02  4.38211039e-02  4.02745157e-02
  7.07009458e-04 -4.20952253e-02 -8.14349297e-03  2.11993176e-02
  8.97140894e-03  2.99626123e-02  3.06931399e-02  4.17508520e-02
  3.10804509e-02 -2.82656346e-02  5.67249469e-02 -4.51292135e-02
 -2.01265424e-01  1.67276133e-02  6.71803672e-03 -6.94842786e-02
  8.11251905e-03 -4.04528081e-02 -2.43730247e-02 -2.01319624e-02
 -2.12573223e-02  9.71945841e-03  5.57417609e-03  6.80492492e-03
  1.06779849e-02  5.79673015e-02 -3.45748477e-03  2.84313112e-02
  2.86561996e-02  1.03172874e-02 -2.40865070e-02 -4.14327299e-03
  5.67717059e-03 -7.10875094e-02 -6.70798272e-02 -8.20100401e-03
  4.00476418e-02  4.70161997e-02 -1.42934620e-02 -4.37159576e-02
 -5.00239246e-02  2.91184857e-02 -5.50900362e-02 -3.26055884e-02
 -1.37840789e-02  4.11896780e-03 -4.45730286e-03 -2.39279512e-02
 -2.60369219e-02 -4.92199659e-02  3.07433959e-02  4.67176698e-02
 -1.01346495e-02  3.70044052e-03  3.04323677e-02  1.47050871e-02
  3.42051499e-02 -1.58442017e-02 -7.52439201e-02 -1.45144919e-02
  3.48906890e-02  3.87309156e-02 -4.41364795e-02 -4.07233909e-02
 -4.86024618e-02  4.98254597e-02 -1.98178012e-02  1.14384238e-02
 -3.27510834e-02  3.99391614e-02 -1.28812613e-02  9.45525989e-03
 -5.04856221e-02  5.33171045e-03 -9.67173874e-02 -9.31379665e-03
 -3.41222920e-02 -5.41642830e-02 -7.11385626e-03  4.87892935e-03
  3.43325585e-02  6.97967708e-02 -1.05070118e-02 -1.52989081e-03
 -1.37489643e-02 -9.74040031e-02  1.01479739e-02 -2.01359484e-03
  2.31174361e-02  8.01698714e-02  7.75393425e-03  3.17431875e-02
 -1.27256075e-02 -2.39636581e-02 -4.07607295e-03 -1.82775147e-02
 -5.12717217e-02 -2.99797338e-02 -1.96859632e-02  9.67600383e-03
  2.37724930e-02  9.95909050e-03  4.69145067e-02 -1.34456512e-02
 -3.02438182e-03 -8.43895078e-02  1.40786013e-02 -3.19198845e-03
 -1.38334744e-02  3.19994651e-02 -4.37217718e-03 -7.50369160e-03
  1.45438779e-02  2.92676855e-02 -1.99590507e-03 -1.00730611e-02
 -4.87915501e-02 -1.20881414e-02  9.93461814e-03  1.94724612e-02
  6.67381734e-02 -1.52141759e-02  1.96545734e-03 -6.82170019e-02
 -1.73245778e-03 -2.31355801e-02  2.80404929e-02 -5.45556806e-02
  2.08227783e-02  4.01160643e-02 -3.56333777e-02 -4.92295250e-02
 -1.67495813e-02 -1.66014880e-02 -3.83473225e-02 -2.15042066e-02
 -6.08767420e-02  8.17688741e-03 -4.29553352e-02  9.92068648e-03
  2.79408367e-03  6.21918635e-03 -3.23565006e-02 -1.02260746e-02
 -1.34378793e-02 -1.24112144e-03  2.46515460e-02 -7.45251253e-02
  2.87897717e-02 -8.64681415e-03  1.47967320e-02 -2.23085415e-02
  5.20991674e-03 -1.58321243e-02  7.97895342e-03  2.19290666e-02
 -1.32786669e-03  4.77795489e-02  2.28020232e-02 -1.21370247e-02
 -2.94829183e-03  1.33511899e-02  4.96482849e-03 -4.71172370e-02
 -3.41754011e-03 -3.40139829e-02 -9.47536901e-02 -5.14996275e-02
  3.92785929e-02 -2.57686470e-02 -2.23999619e-02 -1.59748364e-02
 -4.22389759e-03  3.29784602e-02 -3.72248404e-02  3.90093699e-02
  4.93595675e-02  7.99601600e-02 -3.03996745e-02 -3.90807912e-02
 -8.93576536e-03  5.04660495e-02  2.77509727e-02 -6.54288754e-02
  2.44387868e-03 -3.87186781e-02  6.22472204e-02  3.68876085e-02
  6.25242516e-02  2.06682719e-02 -9.24516376e-03  5.51534481e-02
  2.29863226e-02 -2.47870144e-02 -1.63125284e-02  9.23281536e-03
  2.44917460e-02 -1.77792870e-02 -4.18490171e-02  3.37362364e-02
 -3.56338657e-02 -5.23752123e-02 -2.64109038e-02 -5.79150058e-02
  4.36110888e-03 -3.75443371e-03 -8.30736384e-03 -5.73989488e-02
  3.58482338e-02  3.35018560e-02  2.86417156e-02 -3.72995920e-02
 -1.48748383e-02 -1.02083432e-02 -3.22825462e-02  5.01031876e-02
 -8.01816932e-04 -6.01361543e-02  4.96177301e-02  2.47802585e-02
  6.01712465e-02  4.61154692e-02 -6.62473887e-02 -4.40001972e-02
 -2.88486313e-02 -9.37696081e-03  2.28192993e-02  1.07525084e-02
  1.42476929e-03 -5.78557067e-02  6.09825784e-03 -2.98393983e-02
 -7.30372407e-03  3.17094363e-02 -3.41512822e-02 -4.99163531e-02
 -4.10465859e-02  8.32740311e-03 -6.63614366e-03 -3.39798070e-02
  1.40925329e-02 -6.12701513e-02  5.77291250e-02 -6.21617883e-02
  2.23391317e-03  1.65101513e-03  2.12137867e-02  3.96803766e-02
  1.50436815e-02 -1.77619122e-02  3.24115641e-02  2.27306802e-02
  3.32579337e-04 -4.79101837e-02 -3.39046195e-02  2.22804230e-02
  7.14815501e-03  4.62096073e-02 -3.01869400e-03  2.65031923e-02
 -3.67340259e-02  4.95464318e-02 -5.38006015e-02 -8.51131219e-04
 -8.69370904e-03 -5.23569435e-03  3.16683911e-02 -1.83806922e-02
 -1.57066602e-02 -4.00296412e-03 -7.82085657e-02 -1.78886149e-02
 -2.60387105e-03  3.00746243e-02 -3.80206329e-04  9.58166197e-02
 -2.88775936e-03  3.77282575e-02 -8.71714577e-03 -6.76806197e-02
  6.78813830e-02 -5.13775647e-02 -3.59446257e-02 -4.24495973e-02
 -2.79205311e-02  1.47173628e-02 -1.51749542e-02 -7.98086822e-03
 -7.62943923e-03 -1.49133857e-02  4.45291474e-02 -3.31911296e-02
 -6.23404223e-04  3.48264277e-02  2.72754915e-02 -2.20174380e-02
  2.54766177e-03 -6.87913969e-03  2.41971891e-02 -4.05844348e-03
 -4.01322506e-02  8.10546149e-03  3.41363624e-02  2.10665003e-03
 -2.47728359e-03  4.40766998e-02 -2.62088291e-02 -4.12636101e-02
  2.24062037e-02  1.74954459e-02  2.80438177e-03  3.26852314e-02
 -7.70214526e-03  6.24743402e-02  3.64479013e-02 -6.87772781e-03
 -2.14547031e-02  3.81595455e-02 -4.57934104e-03 -2.93683857e-02
  1.53117180e-02 -7.51324580e-04  6.68720761e-03 -3.59449089e-02
  6.37192503e-02  1.36286067e-02 -8.21717270e-03 -6.52409159e-03
  1.75911095e-02 -2.72910893e-02 -4.16936539e-02 -5.13840429e-02
 -3.06685828e-02  3.00998427e-02  4.00973894e-02  4.46557142e-02
  6.60979226e-02  4.16614935e-02 -4.62271459e-02 -3.26547883e-02
 -4.39450219e-02  5.77839315e-02  3.77195552e-02  5.43469638e-02
 -8.30113888e-03  4.34828103e-02 -3.87616269e-02 -4.81495336e-02
 -6.62637828e-03 -7.12060854e-02 -2.68223956e-02  2.24783812e-02
 -8.43429472e-03  1.69571843e-02  3.02935485e-02  4.55961935e-02
 -1.94240231e-02  2.69187558e-02  7.94293210e-02  3.62980105e-02
  5.83083816e-02  3.50946225e-02 -7.80865736e-03 -1.02344546e-02
 -4.31715995e-02  1.88003213e-03 -2.64290478e-02  1.17383059e-02
  1.45730341e-03 -1.91654358e-02 -4.84146588e-02  4.57825372e-04
 -3.36379074e-02  6.92308173e-02  6.60164282e-02  8.52019619e-03
 -6.08191751e-02 -1.13466918e-03 -1.02208361e-01  9.82861221e-03
  1.19183091e-02  1.58963036e-02  1.98885910e-02  2.44925311e-03
  1.94182675e-02 -6.70117978e-03 -1.00310864e-02 -1.98917892e-02
  4.14048694e-03 -8.04093760e-03 -1.13457991e-02  4.32148241e-02
  1.05248615e-02 -2.79258732e-02 -3.60639915e-02 -5.96094057e-02
 -3.90064642e-02 -3.88424732e-02  2.09001247e-02 -2.79236771e-03
  3.91975604e-02 -1.95396412e-02 -3.49271335e-02 -6.21848479e-02
 -1.21753728e-02  2.71188822e-02 -5.30264415e-02 -6.27868921e-02
  3.55186276e-02  4.47117947e-02 -6.07555658e-02  8.53418037e-02
  4.97973599e-02 -5.26837371e-02 -4.54742424e-02  5.51433712e-02
 -2.58270185e-02  4.84338924e-02  7.54333753e-03  3.68049704e-02
 -1.01545289e-01 -3.50367874e-02  3.03264800e-02 -7.06933811e-03
 -5.33835255e-02  2.87430752e-02  1.74527075e-02  4.99881171e-02
  6.54410347e-02  4.13805917e-02  6.14689998e-02 -3.20686586e-02
  3.12137324e-02  2.92905848e-02  6.18439652e-02  3.48480418e-02
  1.71277300e-02  6.28137514e-02  3.81673984e-02  6.83416147e-03
 -1.84706468e-02  3.33662964e-02 -5.67166880e-02  3.55892628e-02
 -3.02403737e-02  3.79421227e-02 -2.32850872e-02 -1.63339600e-02
 -2.91438471e-03 -1.31661389e-02 -2.53909547e-02  6.47899415e-03
  2.54985895e-02  2.32809838e-02 -2.79961079e-02 -1.33735817e-02
  4.19857772e-03  1.25891501e-02 -4.67911586e-02 -5.03029488e-02
 -1.41999172e-02  1.40343364e-02  4.47795633e-03 -3.22483666e-02
  7.14436471e-02 -4.21396717e-02  1.46822375e-03 -4.29355353e-02
 -9.65315662e-03  2.09013075e-02  4.10289653e-02 -3.77043374e-02]","[np.float32(-0.06), np.float32(-0.05), np.float32(-0.02), np.float32(0.01), np.float32(0.06), np.float32(0.04), np.float32(-0.01), np.float32(0.03)]"
pros,Pros: webcam with mechanical cover | good keyboard | sturdy case | good maintenance options | free SATA bay,412232,HP,HP ProBook 445 G10 (99T88PA),550.0,USD,412232_pros,107,"[-3.40579115e-02 -2.66637355e-02  4.53368127e-02  3.42020765e-02
  6.32314980e-02 -8.72608833e-03  3.47762438e-03  5.24428561e-02
  9.83226951e-03 -1.32348174e-02 -1.62242949e-02  3.21406536e-02
 -3.92197073e-02  7.05034239e-03 -1.21834828e-02  4.07238007e-02
  5.59609495e-02  1.14578465e-02  5.75807504e-02  1.96207911e-02
 -1.20607466e-02 -2.48601679e-02  2.65355073e-02  2.19530817e-02
 -1.59868412e-02 -1.16255032e-02  1.45099638e-02  5.79287261e-02
 -2.95124184e-02 -1.60616916e-02  4.74782102e-02 -2.53810678e-02
 -3.75169776e-02  4.11755852e-02  2.83497851e-02 -6.57729357e-02
 -8.52006022e-03  2.35529877e-02 -5.52134402e-03  9.79871117e-03
 -5.49753085e-02  1.17712189e-02  2.03653499e-02  1.34794833e-02
 -2.10531689e-02  1.19886836e-02 -1.90266147e-02  4.52679694e-02
 -3.25643197e-02 -3.22884619e-02 -1.29910978e-02  4.78932522e-02
 -8.43598694e-03  2.94021461e-02  3.23806442e-02  3.23198102e-02
  6.74531460e-02 -2.49300990e-02  3.03137116e-02  5.13996091e-03
 -1.05899209e-02 -5.29816700e-03  2.27944590e-02  6.07573474e-03
 -4.14593471e-03 -3.78246121e-02  1.85147002e-02  3.89846670e-03
 -3.36921439e-02  1.37235764e-02 -1.82185229e-02 -1.00572349e-03
 -3.55190374e-02 -7.00576231e-02  2.21002921e-02 -2.66497917e-02
 -1.11544393e-02 -2.57926434e-02  7.04025701e-02  3.39081660e-02
  5.73518574e-02  2.09693611e-03 -1.05415359e-02  4.70076017e-02
  4.56483103e-02 -1.61576569e-02 -2.68843286e-02 -1.10462569e-02
 -4.81650867e-02  5.76264895e-02 -8.70840810e-03 -1.19109191e-02
  4.90835980e-02  5.45988791e-02 -5.20734750e-02 -6.28289357e-02
  2.91648973e-02 -1.80546083e-02  6.26009032e-02 -5.78679610e-03
  8.96606967e-03 -2.33194744e-03 -5.44740297e-02 -2.75624320e-02
 -4.47763205e-02  2.25648447e-03 -5.20497859e-02  1.28699942e-02
  7.94662461e-02  4.96307313e-02  1.51739130e-02 -1.74816400e-02
  7.65545759e-03  3.01532410e-02 -6.32641762e-02  1.34281674e-02
 -2.94328220e-02 -4.44329195e-02 -2.16332786e-02  1.34903993e-02
  3.02409381e-02  3.53032202e-02 -4.20830436e-02  7.35536800e-04
  5.14506698e-02 -1.91693772e-02  1.84516031e-02  5.24339080e-02
 -3.26942168e-02 -3.73822004e-02 -4.28230269e-03  1.28534455e-02
  1.24025706e-03 -8.88553914e-03  6.77022804e-03  3.90853509e-02
  5.38229495e-02 -4.26844927e-04 -1.35476915e-02  1.47905229e-02
 -6.92600990e-03 -1.57016162e-02  2.28850525e-02  2.46091262e-02
  6.17881604e-02 -1.37983402e-02 -1.42080411e-02  3.19270790e-02
 -1.41197983e-02 -3.07837650e-02  1.10949650e-02 -3.05483751e-02
  2.21980140e-02 -5.78827187e-02 -2.82318685e-02  3.28942202e-02
  4.10507582e-02  2.22376119e-02 -5.22601902e-02 -5.58596030e-02
  3.64095531e-02  2.52116881e-02 -7.86025450e-02 -1.13786636e-02
 -2.31756899e-03 -1.16154198e-02  4.34144437e-02 -3.06848940e-02
 -1.01190563e-02  6.23308234e-02 -3.86663824e-02  1.10343180e-03
  2.50674691e-02 -1.44425128e-02 -5.20194769e-02  9.84472260e-02
  8.73789266e-02  1.12175150e-02  1.58307478e-02 -1.70582123e-02
 -5.22729792e-02  5.25355265e-02 -1.55198621e-02  8.63594376e-03
 -1.96469389e-02 -4.38916450e-03  7.19755962e-02 -9.00393538e-03
 -3.15057524e-02 -4.94283549e-02 -6.97006881e-02 -7.02913404e-02
  1.51684526e-02  5.09328358e-02  5.74303716e-02 -3.90580818e-02
  3.55742238e-02  6.20560832e-02  2.22136453e-02  8.81782025e-02
 -8.39990750e-03  5.51581681e-02  2.55437698e-02 -5.89033738e-02
 -4.37755175e-02  3.53713520e-02  7.91788101e-03 -3.06505486e-02
 -4.76524644e-02 -5.99561958e-03 -2.88321674e-02  8.52876529e-03
  4.76648435e-02  3.44089866e-02  9.49705765e-03 -1.87175479e-02
 -1.08645495e-03 -5.45726642e-02 -3.45845930e-02 -2.40654740e-02
  5.33828959e-02  8.81104544e-03 -1.05462037e-02  4.29307185e-02
 -1.34022543e-02  7.10626543e-02  4.55713198e-02 -2.64703613e-02
  4.62404639e-03  5.45512624e-02 -4.04910333e-02 -1.82266831e-02
  9.63000767e-03  1.81948161e-03  1.76241680e-03  1.67588349e-02
  2.24524084e-03 -7.85788801e-03  4.23558541e-02 -4.56322432e-02
 -1.69069264e-02  3.27326767e-02  5.24618626e-02  3.38285379e-02
  7.79445237e-03 -1.02113755e-02 -2.46298928e-02  2.71891169e-02
 -2.66558435e-02 -1.41758658e-02  9.33900662e-03 -2.96078715e-02
  2.70369300e-03  9.33797751e-03 -2.05212720e-02 -7.43554458e-02
 -3.36507596e-02  1.69915967e-02 -3.29511948e-02  4.20677364e-02
 -1.15347346e-02  4.52213362e-02 -3.12134251e-02  3.51841301e-02
 -2.14466136e-02 -5.45648858e-02 -1.91747509e-02 -3.40202190e-02
 -6.90703327e-03  4.77868840e-02 -1.95221528e-02  1.03470879e-02
 -1.50388926e-02  5.05481586e-02 -2.23667733e-02  2.14990992e-02
  2.49582399e-02  3.16561349e-02 -4.07373707e-04 -1.73653234e-02
 -5.54295722e-03  4.25834581e-02 -7.49738654e-03 -3.03785875e-02
  2.59529911e-02 -1.46374041e-02 -4.76895347e-02 -3.19671296e-02
 -8.54374990e-02 -3.73987816e-02 -4.19373950e-03 -3.22901271e-02
  9.08354204e-03  2.17346139e-02  3.55526730e-02 -6.86832750e-03
  2.21619895e-03 -2.28235722e-02 -4.04050923e-04 -1.05540548e-02
  3.54863182e-02  2.85636410e-02  1.75050832e-02  1.23894140e-02
  5.78028336e-02 -6.13566078e-02  4.33252752e-02 -4.58834916e-02
 -2.25556552e-01  1.81765631e-02  2.37288699e-02 -2.25831456e-02
  2.93812379e-02 -5.60165159e-02  6.91980198e-02 -5.86486347e-02
 -3.11539378e-02 -2.72968638e-04 -2.86894161e-02 -6.58420287e-03
  9.69608373e-04  2.36419030e-02  5.24214767e-02  4.61355114e-04
  1.54360142e-02  3.21512576e-03  2.65669059e-02 -3.84705253e-02
  1.65320616e-02 -2.97166891e-02  3.31740305e-02 -3.94163094e-02
  1.71221253e-02  3.29069607e-02 -1.56426169e-02  1.37494979e-02
 -5.20267338e-03  8.23569670e-03 -2.15053707e-02 -1.03461125e-03
  2.01198389e-03 -3.11625339e-02  5.19232713e-02  2.21392065e-02
  7.03140497e-02  2.49275379e-03  5.05690835e-02  9.08369478e-03
  3.39751318e-02 -8.01033806e-03  2.53700595e-02  4.54689935e-02
  7.86618218e-02 -2.50656288e-02 -3.63436937e-02 -1.24246497e-02
  8.87926854e-03  4.06433642e-02 -2.87707001e-02 -2.61387564e-02
 -9.26774815e-02  3.36387791e-02 -1.20780170e-02  5.22391349e-02
 -6.88261818e-03  6.54220730e-02 -2.67486218e-02  1.47088515e-02
 -5.82325496e-02 -1.82107452e-03 -3.34454700e-02 -6.03394583e-02
  1.71847586e-02 -5.61934859e-02 -1.42734554e-02 -1.21673020e-02
  4.53030951e-02  5.73112704e-02 -2.87888292e-02 -1.46632874e-03
  1.92671642e-02 -4.85775732e-02  5.36094978e-02  1.10516511e-02
 -6.67099506e-02 -3.60812782e-03 -7.70923868e-03  2.11269520e-02
 -1.25754634e-02 -2.23710611e-02  4.27656025e-02  6.66704867e-03
 -4.23712395e-02 -9.77259204e-02  2.94965245e-02 -8.42392351e-03
  1.94545034e-02  8.48629512e-03  5.70381396e-02 -4.00052443e-02
 -1.70348473e-02 -2.48134062e-02  4.12466982e-03  2.57920101e-02
  1.89968497e-02 -3.66951823e-02  1.73657760e-02 -5.42241940e-03
 -2.70980466e-02  2.47854944e-02  6.90310821e-03  7.09339650e-03
 -3.14301476e-02 -1.96298230e-02  3.12570890e-04 -7.24641746e-03
  4.62452248e-02  5.18962368e-03 -7.62131065e-04  3.39980237e-02
  2.27674679e-03 -4.66030985e-02  4.10066433e-02 -3.24926972e-02
  3.03551331e-02  7.84886815e-03  3.31872068e-02 -4.22465876e-02
 -3.18232295e-03 -1.54009312e-02  1.49117876e-02  4.50329520e-02
 -1.12797081e-01  1.52406730e-02 -3.41405645e-02  7.68580893e-03
 -3.00427265e-02  3.28427367e-02  2.77275518e-02  1.05974367e-02
  3.76179907e-03  3.99377104e-03  6.93170950e-02  2.18315981e-02
  5.15424507e-03 -4.24651131e-02  9.08202585e-03 -3.06676254e-02
 -2.15400709e-03  1.46348570e-02 -3.05833109e-02  7.36878952e-03
  3.08977021e-03  3.43843848e-02 -9.51007195e-03  4.10691202e-02
  2.57305428e-02  1.06280074e-02 -4.77212332e-02 -8.86696130e-02
 -2.89873760e-02 -2.15426483e-03 -2.39668079e-02 -3.73429921e-03
  1.56759135e-02 -1.56378020e-02 -7.62292296e-02 -1.54042803e-02
  1.39850313e-02 -5.07504679e-02 -4.91781794e-02 -9.39024054e-03
  2.55328082e-02  7.38328770e-02  1.60344429e-02 -3.86767164e-02
  2.70707589e-02  5.91010414e-02  3.49683464e-02 -2.45527010e-02
 -4.62292135e-02 -4.65669930e-02  3.69583592e-02  5.11350762e-03
  2.94214557e-03  2.23585665e-02  2.05579996e-02  1.82713307e-02
  8.41824152e-03 -1.02778384e-02 -6.34479942e-03  6.18534395e-03
  5.67473955e-02 -4.87793982e-02 -7.90487677e-02 -6.03251681e-02
 -8.00175034e-03  3.02789379e-02  1.65479891e-02  1.67838205e-02
  2.34022364e-02  1.59978680e-02 -1.10945432e-02 -1.21336237e-01
  1.73421875e-02  3.17916162e-02  9.75087241e-05 -3.41844396e-03
 -5.87234180e-03  4.17658448e-04 -7.52408709e-03  5.86808361e-02
 -3.80850993e-02 -1.94243584e-02  5.21963499e-02  2.01765783e-02
  1.47435367e-02  7.65500441e-02 -3.67364958e-02 -4.05921042e-02
 -3.84841934e-02 -5.89196454e-04 -1.22190267e-02 -4.98695932e-02
 -4.80775721e-02 -1.04149524e-02 -3.01525146e-02 -2.82040816e-02
 -4.15998362e-02 -1.94995794e-02 -5.36930524e-02 -2.66409516e-02
 -3.52857858e-02  2.96808928e-02  8.18795699e-04  1.01400102e-02
  7.74701301e-04 -1.60374716e-02  3.17093544e-02 -6.33856282e-02
  5.08831115e-03 -1.11357514e-02 -1.92872379e-02  8.50194413e-03
 -4.30271327e-02 -1.46994414e-02 -2.66817119e-02  4.01731953e-02
  1.80317424e-02  1.12896785e-02 -1.78975835e-02 -2.85644345e-02
 -6.71697482e-02  4.12396453e-02 -9.77346394e-03  2.52389964e-02
 -2.69976258e-02  7.11957179e-03 -2.44104639e-02  2.30809432e-02
 -3.60672995e-02 -2.96159480e-02  8.00326408e-04 -4.13494781e-02
 -4.50404035e-03 -2.30703838e-02 -2.93894559e-02  1.73372291e-02
  3.29537205e-02 -9.74713545e-03  9.25111026e-03  5.33325318e-03
 -1.39246630e-02  1.91146769e-02 -1.78418476e-02 -7.39197657e-02
  5.56944348e-02 -2.89650057e-02 -4.72691236e-03 -2.96934955e-02
  2.38614008e-02  5.65355495e-02 -2.51991376e-02 -7.17899995e-03
  2.37182109e-03 -1.44779915e-03  3.37014236e-02 -4.82840315e-02
  1.83345738e-03 -4.94852476e-03 -8.23872983e-02 -1.88263115e-02
 -4.79495749e-02 -1.31169502e-02  2.89310403e-02  2.39993576e-02
 -1.98233202e-02  3.03763244e-02  3.60983573e-02  2.52740029e-02
  1.51149509e-02  3.97593863e-02 -8.62119719e-03 -4.81671952e-02
  3.42935920e-02  3.60884033e-02 -2.86566988e-02  2.17976887e-02
 -2.90048923e-02  3.43459137e-02  2.91782971e-02  1.54016698e-02
  7.07360730e-02  2.00427067e-03 -6.43821582e-02 -3.94788049e-02
 -1.63033679e-02  2.78503951e-02 -3.85192968e-02 -5.92856631e-02
  5.44496737e-02  5.43808416e-02 -2.95477211e-02 -6.77438602e-02
  7.54421577e-02 -3.13674435e-02 -6.71662688e-02 -3.41977514e-02
 -1.12903947e-02 -4.01791595e-02  3.32449824e-02  2.28801109e-02
  4.80341874e-02  3.77096869e-02 -5.34340777e-02  4.75223735e-02
 -1.83561873e-02  6.36007413e-02  6.08574413e-02  4.77883108e-02
 -1.63881003e-03  5.13820201e-02 -1.23881279e-02 -3.39472368e-02
 -5.72308265e-02  1.99342892e-02 -6.46805167e-02  3.56224589e-02
  5.25799254e-03 -8.00783746e-03 -6.60706020e-04  3.96831967e-02
 -3.11558954e-02 -1.67215858e-02  1.14816930e-02  6.77233487e-02
  3.62086967e-02 -1.85717028e-02  1.07766436e-02  7.47612794e-04
 -2.18309034e-02  3.42861237e-03  2.73563229e-02 -3.93389314e-02
 -8.92970897e-03 -1.73845459e-02 -9.37276185e-02  4.44591157e-02
 -1.27758423e-03  6.70430139e-02  2.69880835e-02  1.19484160e-02
 -4.37577628e-02  3.60146984e-02 -1.80475749e-02 -3.00788768e-02
  5.64828701e-02 -1.18621308e-02  2.25616507e-02  2.63812244e-02
 -3.39453145e-05  1.42191304e-02  9.64236073e-03 -7.34869763e-03
 -1.30162546e-02  2.54696421e-02  9.40838456e-03  4.31153923e-02
 -1.34437988e-02 -6.90613454e-03 -2.79696323e-02 -7.14325905e-02
 -5.44183841e-03 -9.90760420e-03 -5.55741042e-03 -1.20162554e-02
  1.70136355e-02 -3.36429989e-03 -4.19790335e-02  6.61254255e-03
  1.68355722e-02  3.27438451e-02 -6.45309836e-02 -6.98679313e-02
  6.31208643e-02  1.65054388e-02 -1.71200372e-03  3.45519446e-02
  4.97515919e-03 -1.73277669e-02 -9.97105315e-02  1.97441876e-02
 -2.24490929e-02  1.03249252e-02 -5.65593876e-02 -5.43697784e-03
 -8.75474587e-02 -1.41784456e-02  3.25421542e-02  1.48282330e-02
 -4.68430035e-02  9.21289902e-03  2.69141351e-03  5.53549640e-02
  4.81873080e-02 -3.09408456e-02  3.23190391e-02  2.69122049e-02
  5.20233996e-04 -2.00218819e-02  4.91734780e-02  5.44010513e-02
  7.94258621e-03  4.03779186e-02 -6.26022788e-03  2.07309797e-02
 -4.57014069e-02  1.03214858e-02 -4.76475284e-02  3.97167690e-02
  3.46636306e-03  9.67972819e-03 -5.07690869e-02 -3.85714918e-02
 -3.89139540e-02  1.76157942e-03 -7.87286367e-03  1.09608518e-02
  8.74679815e-03 -3.48679908e-02 -1.48130078e-02  2.83472566e-03
  1.56663544e-03 -3.81815210e-02 -2.64692754e-02 -4.24770117e-02
 -3.95089500e-02 -1.39135998e-02  7.97595736e-03 -6.16582111e-02
  2.08946634e-02 -3.53830867e-02 -6.16627606e-03 -5.02565764e-02
  8.73781648e-03 -1.17038647e-02  4.14809361e-02 -3.98662593e-03]","[np.float32(-0.03), np.float32(-0.03), np.float32(0.05), np.float32(0.03), np.float32(0.06), np.float32(-0.01), np.float32(0.0), np.float32(0.05)]"
summary,The MSI Creator 15 is directed at creative users but might also be interesting for gamers. The RTX GPU plus two RAID SSDs provide sufficient speed and graphics performance for it. Find out what kind of performance you can expect from this combination with Intel's Core i7-10875H and 16 GB of RAM in our review.,419102,MSI,MSI Thin 15 B12UC-2240IN,770.0,USD,419102_summary,310,"[ 1.23822223e-02  4.51592496e-04  3.17779854e-02  2.42110491e-02
  5.72148748e-02  6.13635480e-02 -1.01423403e-02  8.01959485e-02
 -2.87244972e-02 -3.28195579e-02  3.78008895e-02  4.07116599e-02
 -2.29598675e-02  5.71994670e-03  2.34872829e-02  2.86560077e-02
  1.58610679e-02  4.33593849e-03  1.16467504e-02  3.02176066e-02
  2.41050813e-02 -6.19961098e-02 -6.52815215e-04  3.03939208e-02
 -7.67909503e-03  1.18224919e-02  1.97435673e-02 -3.42957452e-02
 -1.85208861e-02 -4.92628217e-02  5.06427791e-03  6.61635213e-03
 -1.45549383e-02 -1.40221585e-02  5.35223782e-02 -1.29008871e-02
 -3.54714617e-02  3.14237438e-02 -2.47319825e-02 -3.76023129e-02
 -1.86730865e-02 -4.04659547e-02  2.93430574e-02 -4.60917316e-03
 -3.09342984e-02  3.62352207e-02  3.33475578e-03  1.34664949e-03
 -9.26664621e-02 -2.17651632e-02 -2.63775606e-02  6.47570267e-02
 -1.58238504e-02  2.93057803e-02  5.74496351e-02  1.40826125e-02
  3.42075080e-02 -2.24230345e-03  7.54444534e-03 -5.46044344e-03
  6.85033500e-02  9.32775903e-03 -1.69590954e-02 -2.97977533e-02
  1.97566748e-02 -5.39734699e-02  3.91190499e-02 -1.48248463e-03
 -1.73580926e-02 -8.91979598e-03 -4.09528464e-02  1.95683260e-02
  1.19669037e-02 -1.26415945e-03  4.84444958e-04 -3.60437818e-02
  8.51820037e-03  1.71425994e-02  6.63222149e-02  2.96069104e-02
  3.91419120e-02  1.88120957e-02 -1.18356142e-02  6.58828542e-02
 -5.15552349e-02 -9.58237518e-03  4.31998260e-02 -1.78168043e-02
 -3.32759023e-02  4.44714166e-02 -4.47212607e-02 -2.97454987e-02
  3.70178223e-02 -1.95176480e-03 -4.71927971e-02  1.49244526e-02
 -2.03179363e-02 -1.20899258e-02 -1.52138280e-04  1.60590578e-02
  5.28721064e-02 -9.44274105e-03 -5.29235089e-03 -9.46277287e-03
 -3.86245474e-02  2.38239346e-03 -1.15899276e-02 -2.66223084e-02
  1.28219174e-02 -2.36183684e-02 -1.56819336e-02  3.82543146e-03
  8.37463886e-03  5.80250984e-03 -3.36468294e-02  5.70331551e-02
  2.26883776e-02 -1.11872070e-02  3.72339826e-04  4.13187370e-02
  1.73210092e-02  7.00829253e-02 -2.94587221e-02  3.37517411e-02
 -9.17959493e-03 -1.03190932e-02  1.39938099e-02 -5.98587794e-04
  5.97892283e-03 -9.46831778e-02  3.98111716e-02  5.09354137e-02
 -4.27309386e-02  1.28976753e-04  1.48644932e-02  3.96618843e-02
 -2.44182087e-02 -5.34236580e-02  9.97414626e-03 -1.52852414e-02
  7.47640664e-03 -5.54074496e-02  2.04967819e-02 -4.76110205e-02
  3.61747071e-02  1.27174333e-02  1.54607659e-02 -7.98604190e-02
 -5.95391262e-03  6.79140631e-03 -6.24980545e-03  6.59753233e-02
 -2.16694325e-02 -2.72048134e-02  3.05975992e-02  6.78472668e-02
  4.93296012e-02 -3.63127105e-02 -2.42953226e-02  3.46292667e-02
 -1.57623552e-02  3.91884074e-02 -1.38009600e-02 -2.55417991e-02
 -2.22226717e-02  2.24298779e-02  1.89283360e-02 -2.11428329e-02
 -3.82592417e-02 -2.09488533e-02 -5.38936928e-02 -1.90619733e-02
  1.35785015e-02 -3.15943104e-03 -2.51635108e-02  3.41318250e-02
  7.91295469e-02  2.09638011e-02  4.22930084e-02  1.56646445e-02
 -7.64331892e-02  9.80326068e-03 -3.17679942e-02  1.29441712e-02
 -2.64127403e-02 -3.01267020e-02  7.09314793e-02 -5.81294391e-03
 -4.40503806e-02 -3.49208117e-02 -6.89140409e-02 -6.02644384e-02
  2.93020215e-02  5.27383434e-03  3.47746834e-02 -4.16251682e-02
 -2.14224979e-02  3.34915407e-02  2.72168498e-02  4.87907492e-02
 -5.64031024e-03 -3.09450720e-02  5.19907326e-02 -6.88117445e-02
 -6.37510121e-02 -3.37609388e-02  1.79013964e-02 -5.02343960e-02
 -7.03407973e-02  1.77780818e-02  5.42346649e-02 -1.78539846e-02
  4.10062559e-02  6.92817271e-02  8.21224006e-04  9.87591967e-03
  1.95088200e-02  6.88617583e-03  9.79893934e-03 -1.15216682e-02
  5.18734641e-02 -4.91993874e-02 -1.85135342e-02  1.27878990e-02
 -4.49263416e-02  9.54335630e-02 -2.20907386e-02 -9.23496857e-02
  1.11275846e-02 -9.15791467e-03 -5.06041162e-02  4.21742462e-02
 -2.46456126e-03  1.84467696e-02 -3.38811278e-02  1.78933609e-02
 -1.80571023e-02  3.07486393e-03  3.59010026e-02 -3.01154070e-02
 -3.14793661e-02  2.62226947e-02  2.46603787e-02  3.58902924e-02
  3.41510475e-02  7.13601010e-03 -1.18910079e-03  6.25359826e-03
 -2.95739365e-03 -9.62276477e-03  2.84289587e-02  2.41685305e-02
  6.55425414e-02 -3.69469472e-03 -4.97921072e-02 -4.93202172e-02
  1.95219100e-03  5.21353621e-04  2.33419724e-02  6.92323642e-03
 -3.42893600e-02  6.70318305e-03  2.90803369e-02  4.74310853e-02
  3.91187496e-04 -7.24073350e-02 -6.15364239e-02  9.39904153e-03
 -2.87905633e-02 -1.57851190e-03  7.02440664e-02 -8.13840888e-03
 -2.82560778e-03 -1.79299023e-02 -3.35599072e-02  3.28017771e-02
  1.56658515e-03  3.35490368e-02 -2.53421906e-02 -5.15970476e-02
  3.95318232e-02  8.61277506e-02  1.17896283e-02  1.39681110e-02
 -7.35893846e-03 -3.40133980e-02  2.12981994e-03 -1.15871795e-01
 -3.76275070e-02 -3.69692817e-02 -1.87838227e-02  1.09541919e-02
 -3.92432027e-02  1.48953637e-03  5.32093905e-02  4.56178226e-02
  7.93112628e-03  1.07624633e-02 -3.04614492e-02  7.19743641e-03
 -2.73063369e-02  5.11015505e-02  2.12647319e-02 -2.22235057e-03
  1.65590383e-02 -5.17068766e-02 -2.15998739e-02 -3.88144888e-02
 -1.78936899e-01 -5.81149161e-02 -2.34176847e-03 -5.62955551e-02
  3.53029594e-02  7.11734220e-03  1.16884494e-02 -3.97766083e-02
 -1.81900207e-02  3.11708990e-02  3.49848643e-02 -5.16177639e-02
 -1.14370161e-03 -7.34994281e-03  1.96024571e-02  2.77455356e-02
  6.69480339e-02 -1.72028057e-02  1.60056408e-02 -1.56233935e-02
  1.17480615e-02 -8.57951567e-02 -8.53156149e-02 -1.18881340e-04
  5.86015806e-02 -2.18897755e-03 -6.61102356e-03 -1.38712283e-02
 -5.57368323e-02  6.38737157e-03  1.18159866e-02  2.42636371e-02
  3.67452903e-03  6.36718515e-03  1.45423608e-02  3.37938406e-03
  5.32721803e-02 -3.00849304e-02  2.80998610e-02 -6.53833225e-02
 -6.14054967e-03 -2.88258269e-02 -3.85121927e-02 -2.74260826e-02
  3.64688858e-02 -4.90050763e-03 -9.04300064e-02  6.33508607e-04
  2.58926302e-02  3.16196084e-02 -1.68455448e-02 -7.85802454e-02
 -5.57219461e-02  2.97434423e-02 -2.68750545e-02 -1.30050983e-02
  1.78600773e-02  4.12174352e-02 -8.23602229e-02  5.93371503e-02
 -6.46160319e-02 -2.03210618e-02 -1.68176573e-02 -2.12304876e-03
 -7.53170392e-03 -5.58915548e-04 -1.31779416e-02 -2.80356817e-02
  2.07042489e-02  4.52858843e-02  2.10075621e-02 -2.26160064e-02
  9.13687702e-03 -6.47558644e-02 -1.15752025e-02 -2.60511017e-03
 -4.07070220e-02  7.68629164e-02 -5.69670787e-03  8.18682984e-02
  2.36006174e-02 -2.56313700e-02 -1.30578047e-02  6.69991411e-03
 -3.03572491e-02 -4.17568609e-02  2.38886569e-02  2.65116021e-02
  8.03858880e-03  4.13038097e-02  3.91410775e-02 -3.11594736e-02
 -1.57309044e-02 -6.05416447e-02  2.38319375e-02  1.44594247e-02
  1.58699676e-02  3.17401551e-02  5.25793992e-02 -1.45171653e-03
  4.70741987e-02 -1.19273867e-02  1.30750937e-02 -2.22061370e-02
 -5.96790612e-02  1.40775032e-02  5.02748191e-02 -1.99806616e-02
  6.03708699e-02  3.19898836e-02  5.20853093e-04 -2.18387414e-02
  1.65232539e-03 -2.55070254e-02  2.69753523e-02 -7.20942914e-02
  4.06803824e-02  4.86426055e-02  4.45178291e-03  3.69176455e-02
 -4.38583717e-02  1.30236475e-02 -7.94536322e-02 -1.77958999e-02
 -6.46141171e-02  4.48494144e-02 -2.02206392e-02  2.04817485e-02
  5.17676910e-03  3.92112602e-03 -3.62547040e-02 -1.83663480e-02
  2.90389229e-02 -8.26988928e-03  3.39078382e-02 -2.14201007e-02
 -3.35208625e-02 -1.58946048e-02 -1.69277210e-02 -1.59543138e-02
 -2.10852344e-02  2.68356465e-02 -2.25059446e-02  1.02920393e-02
  2.40555331e-02  1.71250310e-02 -2.89789983e-03  3.08435000e-02
  1.29206455e-03 -1.06087094e-02  1.38146300e-02 -3.86873558e-02
  3.78629342e-02 -4.83286344e-02 -3.45474221e-02  3.46812443e-03
  3.46920528e-02 -2.49342769e-02 -3.12058106e-02 -6.18519820e-02
 -9.17433575e-03 -8.09824374e-03 -2.37040352e-02 -2.36278754e-02
  2.93094311e-02  3.19622457e-02  1.46639608e-02 -1.27990656e-02
 -6.34501735e-03  5.76529279e-02  3.90914641e-02 -6.26999661e-02
 -7.99646974e-03  3.81738655e-02 -1.31296804e-02  5.61255217e-02
 -1.67758044e-04 -1.54820327e-02  8.85679573e-02 -3.06516234e-02
 -3.08287609e-02 -1.52707659e-02 -1.35907028e-02  1.25649739e-02
  3.59323509e-02 -9.88955237e-03 -4.01365012e-03 -1.73858870e-02
 -4.02300507e-02  1.39168492e-02 -8.20256770e-03  3.13078500e-02
  1.88213419e-02  6.89895358e-03 -4.62070620e-03 -2.06486993e-02
  4.82543856e-02  2.54032891e-02  8.72241624e-04 -6.52141795e-02
  2.38547772e-02 -1.02889268e-02  2.29307562e-02 -1.81112662e-02
  6.02817908e-02 -4.91461866e-02 -2.25490723e-02  5.54297678e-03
  1.99620370e-02  4.93468754e-02 -4.08970416e-02  5.64428372e-03
  2.53557251e-03  3.08006927e-02  3.02874073e-02 -2.05092411e-02
  1.90350749e-02 -2.17448249e-02  3.13607641e-02 -2.09369883e-03
 -3.37269381e-02 -1.82509713e-03  1.98135506e-02 -3.17439064e-02
 -7.11655095e-02  3.16983461e-02  1.98068805e-02 -1.41130546e-02
 -2.09801812e-02 -3.70642394e-02  5.02130389e-02 -5.17020375e-02
  7.00443145e-03  3.94941978e-02  4.12714034e-02  2.77375598e-02
  9.79449507e-03 -2.72081085e-02  8.89427774e-03 -2.76858807e-02
 -2.25184169e-02 -3.50630134e-02 -5.39770536e-02  4.98712109e-03
 -2.61436533e-02  4.60955920e-03 -3.45551372e-02  6.37568627e-03
 -5.44716828e-02  2.82546114e-02 -3.14932428e-02 -7.04295840e-03
  1.61865950e-02 -3.61420102e-02  3.45442854e-02 -5.49549460e-02
 -2.00249720e-02 -2.26679072e-02 -8.01987052e-02 -3.75829614e-03
 -4.79083359e-02  8.36845301e-03 -1.30742649e-02  3.87416445e-02
 -9.02685151e-03  1.37432860e-02  1.97341722e-02 -3.03795505e-02
  5.70887364e-02 -1.27014080e-02  6.41901884e-03 -2.18171626e-02
 -2.51298714e-02  6.08245321e-02 -2.09100805e-02  2.77887052e-03
 -4.83504459e-02 -5.20564280e-02  6.94104582e-02  2.87053790e-02
 -8.21657777e-02  4.56422083e-02 -1.21315038e-02 -2.57634521e-02
 -2.89249308e-02  4.88649239e-04 -1.20059932e-02  3.25559154e-02
 -1.12676155e-02  2.32180469e-02  3.60493585e-02  1.81066077e-02
  3.97070758e-02  5.36271222e-02 -1.97663866e-02 -5.45197763e-02
  5.09679839e-02  3.50924730e-02 -1.69811398e-02  2.83314660e-02
 -9.51996481e-04  5.73826879e-02  1.87786613e-02  2.76362151e-02
  2.78634038e-02 -4.21524514e-03 -1.48792341e-02  1.75904799e-02
 -1.78243383e-03 -2.20802408e-02 -4.18049693e-02 -2.62957793e-02
  9.18971673e-02 -1.20477844e-02 -7.21495599e-02 -6.05077446e-02
  6.82513639e-02 -5.30796051e-02 -2.76660826e-02 -4.04829197e-02
 -1.64908413e-02 -1.39441574e-02  3.77783515e-02  3.49209569e-02
  4.77644317e-02  6.84254766e-02 -4.94752154e-02 -6.38668984e-02
  3.31538804e-02  3.53364348e-02  1.63552389e-02  2.09508035e-02
 -9.40228719e-03  7.20212832e-02 -1.12706469e-02 -3.09248287e-02
  7.09943892e-03  3.67508805e-03 -1.57856382e-02  1.45656355e-02
  3.90833467e-02  1.93435811e-02  2.28640474e-02  6.74498528e-02
  8.41918588e-03  1.34717934e-02  9.40185487e-02  5.87998657e-04
  2.54368037e-02  1.69863813e-02 -2.20702644e-02  6.26710989e-03
 -3.96305323e-02  1.59610435e-03 -5.25681023e-03 -2.12587528e-02
  1.31512235e-03  4.60616080e-03 -8.92712083e-03  2.17277948e-02
 -7.33851455e-04  2.20697429e-02  6.43577203e-02 -2.33559739e-02
 -4.63106111e-02 -3.93970124e-02 -2.46563610e-02 -1.87986102e-02
 -3.66305225e-02  3.66648729e-03 -4.98329774e-02 -1.04756299e-02
 -2.93897092e-02 -1.31322285e-02 -1.97101329e-02  8.40889290e-03
  2.17931364e-02  4.08078395e-02 -2.60877069e-02  3.25980298e-02
  2.89236341e-04  5.31494617e-03 -3.60056162e-02 -7.26611912e-02
 -3.69768292e-02  2.65637115e-02  6.64943308e-02 -1.49980513e-02
  2.69220509e-02 -9.58276913e-03 -1.87515328e-03 -5.26921637e-03
  1.49757660e-03  3.36929923e-04 -7.06359595e-02 -5.77761270e-02
 -8.75981990e-03 -1.51725356e-02 -4.92613809e-03  7.93839842e-02
  6.31537884e-02 -2.85343770e-02  1.26638934e-02  3.32364626e-02
  4.08354681e-03 -2.96470942e-03 -4.36738972e-03  1.49587654e-02
 -1.05118558e-01  8.95312428e-03  4.45746481e-02 -1.36157414e-02
 -3.72009911e-02 -1.39022907e-02  1.73358209e-02  2.40889862e-02
  5.85054792e-02  1.83168221e-02  5.73923625e-02 -2.80690361e-02
  5.34372218e-02  3.26271616e-02  3.55110839e-02  2.11269185e-02
 -1.68133937e-02  5.13578281e-02  3.14175747e-02 -3.61258686e-02
  4.75276411e-02  3.17453258e-02 -5.68605354e-03  2.11836677e-02
  5.79319522e-02  5.54888733e-02 -6.32335991e-02 -1.09220520e-01
  2.88931224e-02 -5.74134337e-03 -1.25200721e-02 -1.85972489e-02
  1.60497352e-02 -1.14127332e-02 -4.23653424e-02  1.19767839e-03
 -2.37895213e-02 -4.93829697e-02 -1.50044914e-02 -3.11628617e-02
 -7.26432204e-02  4.79388200e-02 -3.31144333e-02 -1.25253862e-02
  1.81050133e-02 -2.97379680e-02 -1.89750697e-02  3.78917530e-02
  3.85062322e-02 -4.14871164e-02  1.58086307e-02 -3.77804227e-02]","[np.float32(0.01), np.float32(0.0), np.float32(0.03), np.float32(0.02), np.float32(0.06), np.float32(0.06), np.float32(-0.01), np.float32(0.08)]"
review_para_4,"Further measurements with an X-Rite colorimeter show an accurate display out of the box. Color temperature is slightly on the warm side and RGB balance could be better, but our independent calibration addresses both.

When running Prime95 on the regular Performance mode, clock rates top out at only 3.3 to 3.4 GHz and at a core temperature of 73 C. When repeating this same test on Turbo mode, clock rates remain steady at 4 GHz and at a cooler temperature of 69 C. Thus, Turbo mode is recommended if you want every ounce of juice possible from the GU502GU. Running both Prime95 and FurMark simultaneously will cause CPU and GPU temperatures to stabilize at 82 C and 73 C, respectively.",311366,Asus,Asus ROG Zephyrus M15 GU502GU-XB74,1800.0,USD,311366_review_para_4,687,"[ 4.36331593e-02 -2.46099532e-02  9.39113833e-03  1.75451406e-03
  3.87048684e-02 -8.12557898e-03  5.19413613e-02  5.29971272e-02
  3.53130288e-02 -5.48505969e-02  2.66919397e-02  1.50170010e-02
 -2.49386169e-02  3.53431702e-02  1.72147304e-02  8.72662514e-02
  3.38806175e-02  1.14798527e-02  2.62783412e-02 -1.56338476e-02
  1.73954554e-02 -4.71187159e-02  3.71451816e-03  6.19285181e-02
  3.22492048e-02 -1.06513845e-02  2.39474960e-02  4.74001281e-02
 -6.99449331e-03 -9.62688308e-03  3.70676927e-02  5.30118719e-02
 -1.12843104e-02  1.55124431e-02  4.30672541e-02  2.79484764e-02
 -4.93778810e-02  5.51400147e-02  1.18437158e-02  1.63380001e-02
  6.33025821e-03  1.54291335e-02  2.58380473e-02  6.67113764e-03
 -1.98410209e-02  4.54987586e-02 -8.23892001e-03  3.62996571e-02
  8.99196416e-03 -6.56873174e-03 -3.86017598e-02  2.90188342e-02
  3.31870243e-02  2.38973126e-02  1.76328793e-02  3.69926356e-02
 -3.95257119e-03 -7.06626941e-03 -1.26946243e-02 -3.43449824e-02
  4.52395901e-02  2.44127261e-03 -3.08910161e-02 -7.33248331e-03
  1.77419540e-02 -5.31687662e-02 -5.50212245e-03  7.77451042e-03
 -2.45547723e-02 -2.77370084e-02 -8.33896454e-03  3.19923200e-02
  6.78753406e-02 -2.97253067e-03  5.97939501e-03 -1.65597897e-03
 -2.22368538e-02  2.39115451e-02  7.12304637e-02  4.48816046e-02
  1.06857135e-03 -2.00854074e-02  1.99151486e-02  7.22145885e-02
 -1.22255152e-02  3.50143923e-03  2.00432213e-03 -3.48218754e-02
 -1.01015149e-02  7.01289847e-02  1.79572906e-02 -3.35318446e-02
  3.63260023e-02  1.40219778e-02 -4.13949229e-02 -1.94860157e-03
  2.88727619e-02 -3.66061227e-03 -7.03213317e-03 -1.45855714e-02
 -1.07076922e-02 -4.79007959e-02  1.55826006e-02  6.44795317e-03
 -9.26063061e-02 -2.03791186e-02 -4.07858901e-02 -7.52310976e-02
  3.03999260e-02  1.13979960e-03 -5.92510495e-03 -1.75445888e-03
  1.56654194e-02  2.62265094e-02 -5.65241650e-02  1.02556035e-01
 -9.39759135e-04 -1.65137593e-02 -2.51892451e-02 -2.68331133e-02
  5.75421602e-02  6.96309134e-02  1.45357018e-02  2.72887032e-02
  1.66812986e-02  5.02322279e-02  3.99963893e-02  1.74506027e-02
 -3.08712739e-02 -8.49618912e-02  2.11932082e-02  3.93740460e-02
  7.46291364e-03  1.37539092e-03 -1.99911296e-02  1.08199613e-02
  6.56580040e-03 -2.64652502e-02  2.30931677e-02  1.22944107e-02
  1.64437443e-02 -5.82028739e-03  4.18909118e-02 -6.37785047e-02
  1.36791226e-02 -3.59214051e-03 -4.22408106e-04 -9.00565274e-03
  1.55266328e-02  1.41846528e-02  2.26258561e-02  3.83411646e-02
  2.54851021e-02 -5.16414493e-02  6.42747805e-03  1.53772002e-02
  3.02302302e-03  2.42274087e-02 -1.10725807e-02 -2.13064104e-02
 -9.79211647e-03 -8.33441503e-03 -4.09560986e-02  2.42422298e-02
 -4.32115607e-02  3.79987843e-02  6.46729320e-02 -6.33541401e-03
 -2.21543629e-02  1.92453992e-02 -2.39019990e-02 -5.77542745e-03
  5.26827723e-02  4.03272100e-02  2.95291729e-02  9.63456854e-02
  5.35572134e-02  4.33335155e-02  1.47586307e-02 -9.54631995e-03
 -8.16093385e-02  2.79186163e-02  1.55990757e-02  2.65760850e-02
 -1.30569814e-02  8.73489678e-03  9.19277966e-02 -2.39497032e-02
 -5.27487583e-02 -2.59485114e-02 -5.93959801e-02 -3.62622924e-02
  6.02129996e-02 -2.86027621e-02  1.24011990e-02 -1.57422274e-02
  4.01088921e-03 -1.84034661e-03 -3.77456821e-03  5.09510674e-02
  1.43042030e-02 -4.26658764e-02  6.85089231e-02 -4.00478467e-02
 -8.29298496e-02 -1.76326316e-02  3.02826613e-02 -1.71882994e-02
  1.44889783e-02  1.31500717e-02  6.62064459e-03 -1.74355078e-02
  4.89473753e-02  1.69640128e-02 -2.70944014e-02  5.46809239e-03
  2.38818843e-02 -3.42173874e-02  2.53539644e-02 -1.03390934e-02
  2.78424006e-02  2.29008552e-02 -2.62463931e-02  5.40629886e-02
 -2.07058340e-02  6.61512539e-02  6.16210587e-02 -4.26168256e-02
 -1.74350496e-02  4.39377315e-02 -3.15397955e-03 -3.30741592e-02
  3.88089754e-02  5.41429780e-03 -4.17970642e-02  9.52771772e-03
 -3.05846184e-02 -3.27347629e-02  7.43465051e-02 -3.52035724e-02
 -2.38412479e-03  4.96984757e-02  2.08612811e-02  2.86775772e-02
 -1.34720430e-02 -3.79753970e-02  2.50068363e-02  1.28224296e-02
 -4.59660590e-02 -1.83530245e-02 -3.52030173e-02  1.20367603e-02
 -1.35613875e-02 -1.87942237e-02  1.95442662e-02 -7.92246535e-02
  4.22890112e-03  2.71681175e-02  1.05447713e-02  1.47105828e-02
  4.48253378e-02  1.16983699e-02  3.21443728e-03  1.56434942e-02
 -1.00388168e-03 -7.38397464e-02 -5.52660488e-02  5.54083090e-04
 -7.05579529e-04 -1.50375487e-03  8.47989786e-03  1.07258270e-02
  2.28656959e-02 -2.05375738e-02  4.93815504e-02 -3.92594412e-02
  2.01020786e-03  1.57566667e-02  1.28574418e-02 -9.39749368e-03
  3.35127525e-02  6.65888563e-02 -8.21677372e-02 -3.50571573e-02
 -5.49450926e-02 -4.20611538e-03  3.16378884e-02 -3.60157676e-02
 -3.84085029e-02 -8.24917108e-03 -6.79625804e-03 -4.26360493e-04
 -3.65851894e-02  1.23614352e-02  7.76589476e-03  2.50131302e-02
  1.68093629e-02  4.54194024e-02 -1.04384953e-02  1.94640849e-02
  2.08503790e-02 -5.25638424e-02  2.86878832e-02 -2.79412009e-02
 -5.69663830e-02 -8.81441906e-02  2.37223264e-02 -5.95653169e-02
 -2.66999543e-01  3.15888971e-02 -1.70193613e-02 -6.37527788e-04
  3.19276890e-03  2.23794905e-03 -8.02587997e-03  2.96067242e-02
 -1.09403231e-03  4.60311994e-02  4.76969853e-02 -7.71221379e-03
 -1.51385358e-02 -4.97616082e-03  3.55302403e-03 -6.19327463e-03
 -1.06899254e-02 -3.02047879e-02 -2.00105868e-02 -1.30995950e-02
  1.00248875e-02 -9.03611630e-02 -2.86536152e-03 -3.00563537e-02
  2.61071566e-02 -1.52964098e-02 -4.41083014e-02  1.25449058e-02
 -5.61074503e-02 -1.57834101e-03  3.79798785e-02 -1.86711531e-02
 -2.37535890e-02  1.25637129e-02  4.57288846e-02  1.17853060e-02
 -2.78617837e-03  2.00536218e-03  6.76277746e-03  2.47954670e-02
 -3.18449852e-03 -5.97722770e-04 -1.14832008e-02  7.22542731e-03
  5.38227111e-02  7.84801040e-03 -3.61679718e-02 -3.20078246e-02
  4.24067974e-02  6.92994073e-02 -2.79512480e-02 -2.53183451e-02
 -6.60933480e-02  9.04036872e-03 -5.28692864e-02  1.83060102e-03
 -2.16138382e-02  2.99641211e-02 -2.51919311e-02  3.60125606e-03
 -3.62749025e-02 -4.35584784e-02 -2.84663513e-02 -5.51012047e-02
 -2.85964385e-02 -2.78726108e-02 -2.92144958e-02 -3.97504978e-02
  3.32734585e-02  3.03396266e-02 -3.03304568e-02 -2.21590623e-02
 -7.39147374e-03 -8.60983580e-02 -1.68420244e-02 -2.42712479e-02
 -4.21984382e-02  2.12681219e-02  4.86370176e-04  4.41750884e-02
 -3.92638668e-02 -5.91513813e-02  2.53175646e-02  2.03459524e-02
  5.35881147e-03 -1.22210952e-02 -2.12476626e-02 -1.03963884e-02
  2.34677233e-02 -1.62516534e-02  5.15354462e-02 -4.69563976e-02
 -3.74736972e-02 -5.10610938e-02  4.11964506e-02 -1.22284107e-02
 -3.42093781e-02 -8.55167955e-03  4.12903540e-02 -1.08495206e-02
  1.29280314e-02 -6.40977547e-02  1.88538339e-02 -4.49604988e-02
 -3.13367993e-02 -3.35680135e-02 -1.36304945e-02 -2.98377331e-02
  3.00821047e-02 -2.61269417e-02 -2.03090217e-02  2.85502188e-02
  1.57217793e-02  3.41026634e-02  2.60131117e-02 -1.74490772e-02
  4.40695360e-02  2.28200480e-02  6.59065461e-03  9.71928053e-03
 -7.03534707e-02  3.13000083e-02 -4.47858125e-02 -2.01751105e-02
 -4.71683107e-02  3.31027322e-02 -2.33342964e-02 -2.87692156e-02
 -2.63574198e-02  5.13468347e-02  1.01816247e-03  2.39825062e-02
  1.73387770e-02  8.79026856e-03  2.25241948e-02  3.16207223e-02
 -1.79286413e-02 -6.63697114e-03  1.00280009e-02  1.56040695e-02
 -7.31995422e-03  2.82579698e-02  4.20865789e-02 -5.76212816e-03
  1.94016639e-02  4.65420373e-02  3.31161171e-02 -3.58351730e-02
 -3.92824411e-03  4.28716000e-03  3.27812098e-02 -6.38509616e-02
  4.46424820e-05 -8.17321539e-02  1.20335817e-03  1.30625339e-02
  7.93266576e-03  3.33790220e-02 -6.18642457e-02 -5.50133884e-02
  2.29411647e-02  7.20669841e-03 -2.17634253e-02 -4.08628024e-02
  1.84548683e-02  5.13011813e-02  9.18549020e-03  1.26013821e-02
  1.38361827e-02 -5.97447623e-04 -9.95232537e-03 -2.22717021e-02
 -9.55662504e-03 -9.09432012e-04  1.74027216e-02  1.06450822e-02
 -7.56736752e-03 -4.72475355e-03  6.77931234e-02 -1.25453416e-02
  1.50220124e-02 -5.65595692e-03 -3.32620740e-02  3.80104929e-02
  2.41487976e-02 -3.18664312e-02 -1.36548579e-02 -3.04364562e-02
  1.65913682e-02  5.37126930e-03 -1.19609851e-02  3.09114717e-02
  8.06366000e-03 -4.03447449e-02 -3.76683511e-02 -6.40218407e-02
  8.45026516e-04  1.17930017e-01  7.20832264e-03 -4.74179164e-02
 -4.80681062e-02  3.01460717e-02 -1.88581068e-02  1.92851797e-02
  1.32572260e-02 -3.87982689e-02 -2.01570950e-02  1.32804522e-02
 -6.33320492e-03 -1.70412697e-02  1.81377190e-03 -3.06447260e-02
 -1.46251416e-03  1.57312828e-03  3.17357224e-03  2.37075309e-03
 -1.36179198e-02 -1.98030025e-02 -9.20400955e-03 -8.93921033e-03
 -2.14243159e-02  2.27402579e-02  1.09351799e-02 -6.93413913e-02
  1.94427855e-02 -1.79717615e-02  2.13452354e-02  2.98437178e-02
  2.93756905e-03 -4.03342322e-02  2.32661925e-02 -6.52876347e-02
  2.33062170e-02  5.06302267e-02  1.01503963e-03  1.80786587e-02
 -1.82342455e-02  1.30406786e-02 -1.59086362e-02  2.97884848e-02
  1.64975040e-02 -7.93233514e-03 -3.77030522e-02  2.27385890e-02
 -3.07017006e-02 -2.13297736e-02 -2.95659006e-02  2.54878253e-02
 -8.56008008e-02  1.58417616e-02 -3.48855928e-02 -1.40689323e-02
 -2.54194774e-02  4.23309300e-03  3.34250256e-02 -5.34372032e-02
 -3.63104455e-02  3.39819565e-02 -2.33575497e-02  8.67905281e-03
 -2.25444324e-02 -3.40552777e-02 -1.76548399e-02  7.01839998e-02
  2.52738222e-02  5.25953993e-02 -1.06273843e-02 -5.48171140e-02
 -1.01279151e-02  4.67201183e-03  1.89319216e-02 -4.81838249e-02
  4.80314232e-02  6.90727122e-03  3.66002843e-02  3.63683291e-02
  1.33933611e-02  7.23299745e-04  5.98986708e-02 -5.25205247e-02
  1.84863228e-02  7.88679719e-03  1.74851026e-02 -4.12543640e-02
 -7.24928733e-03 -2.63617355e-02 -1.27417250e-02 -1.42505520e-03
 -7.06569850e-02  5.19474829e-03  5.84394373e-02  9.82013252e-03
 -1.80631708e-02 -1.58054419e-02 -5.04409373e-02  3.87405790e-02
  6.91606328e-02  2.13346928e-02 -3.62921208e-02 -5.17099304e-03
 -1.54455546e-02  8.53053406e-02  4.07453179e-02 -2.14987136e-02
  1.56682320e-02 -3.77318426e-03  6.87270332e-03 -4.67350818e-02
  1.17548760e-02  5.09857852e-03 -1.75292976e-02 -5.69450669e-02
  2.12557130e-02  2.53351461e-02 -4.53326628e-02 -2.06515137e-02
  6.12682700e-02 -1.66013315e-02 -5.13214283e-02  1.31697124e-02
  1.72223169e-02  1.82626233e-03  5.74667901e-02  2.91439891e-02
  3.64730880e-02  7.48003423e-02 -2.96995901e-02  1.84369590e-02
  6.78285062e-02  8.04401711e-02  5.12526743e-02 -4.91856551e-03
 -7.31413960e-02  7.22088143e-02 -1.66692566e-02 -3.21353525e-02
 -2.02471428e-02 -2.73611937e-02 -4.05948013e-02 -1.90190226e-03
  9.56128631e-03  6.71850070e-02  3.00704353e-02  6.60037175e-02
 -1.17517365e-02  3.54642831e-02 -1.42574473e-03  1.85292717e-02
  3.20018199e-03  7.26818293e-02 -7.65291834e-03 -3.55116129e-02
 -3.97465751e-02  1.38138898e-03  1.45948697e-02 -2.51120534e-02
  3.20452731e-03 -4.09327745e-02 -3.24155129e-02  3.14628780e-02
  1.66794695e-02 -3.03520169e-02  4.66029234e-02 -2.30232589e-02
 -8.30567852e-02 -4.68554012e-02 -1.28381997e-02  2.86500379e-02
 -2.92276833e-02 -2.99747381e-02 -5.33090718e-02 -5.19808009e-02
 -4.95846849e-03 -1.47318933e-02 -2.65977960e-02 -4.29654270e-02
  3.99930887e-02  1.45602319e-02  1.75969780e-03  7.87170455e-02
 -4.00159657e-02 -3.41705903e-02 -7.37037882e-02 -6.99452907e-02
 -2.63635013e-02 -1.18476218e-02  1.61095746e-02 -1.91785190e-02
 -3.54934372e-02 -7.88048748e-03 -2.10531726e-02 -4.53620218e-02
 -2.47334060e-03 -1.60856023e-02 -7.66242892e-02 -9.40585732e-02
  2.90893260e-02  3.50592454e-04 -4.09166813e-02  3.72709148e-02
  6.52552620e-02 -1.04623865e-02 -1.94613880e-03  4.28709835e-02
  1.15209613e-02  3.06705665e-02 -2.18637772e-02  2.17202790e-02
 -5.13883829e-02  4.24314775e-02  1.10005513e-02  2.28798408e-02
 -5.06178439e-02 -1.10532660e-02 -3.51880044e-02 -3.51802185e-02
  5.37752025e-02  5.50539680e-02  7.16160238e-02 -6.31144568e-02
 -1.49393994e-02 -1.92181654e-02  5.58751523e-02  3.67506556e-02
  9.37458070e-04  4.23183143e-02  1.80824883e-02 -3.43111902e-02
 -8.75304919e-03  4.30493057e-02 -3.10140196e-02  2.27576159e-02
 -4.08036076e-02 -4.06550802e-02 -6.45658225e-02 -5.57722524e-02
 -2.68815234e-02 -2.67858021e-02 -5.64232171e-02 -1.32216755e-02
  2.48374455e-02  8.38355906e-03  4.32253890e-02 -2.93757655e-02
  1.38883013e-02 -3.00005507e-02 -1.96231604e-02 -7.88474979e-04
 -5.27815521e-02  3.64885516e-02 -7.23499954e-02 -1.73802976e-03
  3.79276983e-02 -8.46898183e-03  6.22869879e-02  3.42595251e-03
  6.00776309e-03 -2.98211966e-02  3.36591192e-02 -7.07258331e-03]","[np.float32(0.04), np.float32(-0.02), np.float32(0.01), np.float32(0.0), np.float32(0.04), np.float32(-0.01), np.float32(0.05), np.float32(0.05)]"
review_para_10,"Our measurements below reflect only the bolded selection above, but all are likely to have similar color coverages and response times between them. Users can expect 99% sRGB coverage and a good contrast ratio of ~1500:1 from our particular configuration. Ghosting is unfortunately very noticeable due to the slow black-white and gray-gray response times meaning any fast motions in videos or games will appear blurry. An OLED option would have solved this problem but, alas, there is no such configuration.

Sure View is tied to the 1000-nit panel with no option to separate them. Sure View is a mixed experience as it sacrifices some visual fidelity for narrower and more private viewing angles.",334015,HP,HP Elite Dragonfly Folio 13.5 G3,3900.0,USD,334015_review_para_10,696,"[ 2.35997848e-02  1.60674346e-04  2.83773560e-02  2.06793509e-02
  3.63380164e-02  1.12960609e-02 -7.95834349e-04  1.56383086e-02
 -2.64706891e-02 -1.71799473e-02  7.62706716e-03 -1.90472900e-04
 -7.99442381e-02  2.24489141e-02  2.84546949e-02  8.55472535e-02
  5.38858362e-02  2.74784453e-02 -3.41006517e-02  1.23843923e-02
  2.71983892e-02  6.82607712e-03 -4.48116194e-03  1.04472367e-02
  2.03340175e-03 -2.13208515e-02  3.36125568e-02  3.49665806e-02
 -6.48967475e-02 -1.44640235e-02  6.41425923e-02 -3.55110466e-02
 -3.76671217e-02 -1.38940755e-02  2.55408548e-02 -2.35699881e-02
 -3.53269987e-02  5.92814106e-03 -3.13459672e-02 -6.78696670e-03
 -4.14966345e-02 -2.09219176e-02 -2.30340566e-02  1.41243625e-04
 -1.18274931e-02  3.79077867e-02 -5.96380967e-04  1.49422213e-02
 -6.29188046e-02  3.91594321e-03 -1.51332496e-02  2.34902855e-02
  1.56456083e-02  6.12607561e-02  1.41629213e-02  2.95408927e-02
  5.99804558e-02  2.08558841e-03  5.11252647e-03 -2.58376282e-02
  3.60306241e-02 -3.01954839e-02 -9.46144282e-04 -5.65225026e-03
  3.78734316e-03 -1.01762973e-02 -3.53195444e-02  7.90488347e-02
 -8.19209311e-03  3.19276787e-02  4.76423680e-04  9.34804324e-03
  7.59047689e-03 -4.44997102e-02 -3.51107866e-03 -8.47295299e-03
 -1.33908493e-03  2.13794522e-02  6.74592480e-02 -2.60052998e-02
  5.94778992e-02  1.09902415e-02  2.81007383e-02  4.19073142e-02
 -3.48574519e-02  2.63221916e-02  3.67862768e-02 -1.32122571e-02
 -3.53751853e-02  5.91015443e-02 -3.35187130e-02 -1.70716606e-02
  5.61547130e-02  1.24640223e-02 -1.77416038e-02 -4.67803627e-02
  3.83485220e-02 -5.84246218e-03 -2.65712906e-02  1.53366784e-02
  3.47841228e-03 -1.20332809e-02  7.10866600e-03 -4.63894270e-02
 -8.70471522e-02  2.61571370e-02 -2.48115435e-02 -5.13782389e-02
 -7.42478715e-03  7.31282607e-02 -7.64743686e-02  4.18134779e-02
  2.99031697e-02 -2.48753978e-03 -7.30264112e-02  3.33054923e-02
 -1.00798383e-02 -3.97658199e-02  8.25757999e-03  2.12468766e-03
  3.62671837e-02  7.04356208e-02 -3.45688984e-02  4.16742899e-02
 -7.73308845e-03  3.47658806e-02 -3.38351242e-02  9.59034264e-03
 -4.87565696e-02 -5.10714203e-02  3.28269228e-02  1.43069830e-02
 -4.78478856e-02 -8.13619234e-03  2.78586876e-02 -7.08244741e-03
  2.35713385e-02 -9.15935449e-03  3.01896781e-02 -5.40861301e-02
 -4.19088863e-02 -1.93852484e-02  3.41695547e-02  2.04499085e-02
  2.32239868e-02 -4.16670442e-02  2.39372123e-02  3.01374141e-02
 -3.48884240e-02  7.36780290e-04 -2.75378441e-03 -1.17008220e-02
  4.01061587e-02 -6.15182184e-02 -4.52579595e-02 -1.06997341e-02
  3.63684609e-03 -8.84267967e-03 -6.52370825e-02 -2.51369458e-02
  3.49896923e-02 -3.13123986e-02 -4.63626627e-03  3.15704234e-02
  8.49728845e-03  4.94309403e-02 -3.93094076e-03  6.43310230e-03
  1.28928861e-02 -1.34496111e-03 -1.60147175e-02  4.20145057e-02
  2.25301348e-02  6.25296310e-03 -2.99343579e-02  9.63919237e-02
  7.71246180e-02  5.48963435e-02 -5.86201847e-02 -8.15584790e-03
 -6.92670196e-02  3.14799650e-03  7.20629096e-03 -1.24472205e-03
 -3.73366252e-02 -4.21394818e-02  4.68611866e-02 -5.22177620e-03
 -6.32557943e-02 -3.42429802e-02 -4.96388078e-02 -2.19711531e-02
  1.53890112e-02 -1.10662021e-02  5.60142435e-02 -5.21630347e-02
 -3.85983773e-02 -2.06693187e-02  5.75598627e-02  2.33680978e-02
  2.44753491e-02  5.87650109e-03  3.98193449e-02 -2.54509356e-02
 -5.67087270e-02 -6.39376510e-03  2.81415582e-02  1.95945296e-02
 -3.49904113e-02  1.43618118e-02  2.27214098e-02 -4.89507653e-02
  3.89683172e-02  4.53680493e-02  1.60140283e-02 -2.05265731e-03
  2.29054950e-02 -1.87116880e-02 -1.41274855e-02 -1.55025711e-02
  4.96605076e-02  1.06780874e-02 -1.98831186e-02  2.36485582e-02
 -2.11751051e-02  7.17864037e-02  7.01237470e-02 -3.34562585e-02
 -1.59171000e-02  1.64633412e-02 -2.63061672e-02  2.59722909e-03
 -5.61666209e-03 -5.82222408e-03  3.58658617e-05 -2.91302074e-02
 -5.23218848e-02 -3.55685428e-02  7.40180835e-02 -2.96064503e-02
 -4.68141772e-03  6.98797405e-04  3.99913825e-02  4.89476956e-02
  4.33847122e-03 -3.27355564e-02  2.32420070e-03  3.61306884e-04
 -5.02873845e-02 -8.76433123e-03 -3.45804952e-02  1.71841737e-02
  3.73341367e-02 -2.39956360e-02  6.20970018e-02 -1.79615989e-02
 -2.37047169e-02 -3.16009321e-03  2.26894952e-02  3.39943804e-02
 -6.18618040e-04  8.80405158e-02 -3.53702414e-03  1.01129664e-02
 -3.64382640e-02 -6.31269366e-02 -6.66026771e-02  9.41788964e-03
 -2.99177170e-02  3.97703163e-02  3.92550305e-02 -7.93263825e-05
 -2.15851199e-02 -2.29633208e-02 -1.15294103e-02 -1.82439964e-02
  2.83378195e-02  2.68037226e-02 -3.36413295e-03 -4.59398627e-02
  4.78423759e-02  7.43471533e-02 -1.11819413e-02 -3.22868675e-02
 -5.61218001e-02 -4.47671972e-02  2.39561964e-02 -3.64035964e-02
 -2.26707924e-02 -5.05008828e-03  1.29286451e-02  3.78322229e-02
  7.83458725e-03  3.20754461e-02  5.15697375e-02  4.15734388e-02
  2.87029371e-02  2.64403708e-02 -1.41131859e-02  2.37667672e-02
 -1.10154571e-02 -3.05013098e-02  8.34826306e-02 -6.31923880e-03
 -2.90250629e-02 -3.70585360e-02  4.28149551e-02 -3.85063067e-02
 -2.62275636e-01  2.62375586e-02  1.47324223e-02 -4.34725285e-02
 -2.88453791e-02 -5.14534898e-02 -1.67749284e-04 -1.35107227e-02
  1.90050295e-03  5.69758043e-02  5.11562219e-03  3.36190425e-02
 -5.01227081e-02  2.99648307e-02  1.89901311e-02  1.03318533e-02
  4.51702066e-02 -3.22378911e-02  1.18625043e-02  1.28777493e-02
  8.29168875e-03 -4.47848924e-02  2.26485375e-02 -1.43305734e-02
 -1.05946325e-03  3.10768262e-02 -3.73732559e-02 -3.21649127e-02
 -4.39487360e-02 -1.58023387e-02  4.35734764e-02 -4.37583029e-02
 -1.86409261e-02  1.09822042e-02  2.87230648e-02 -3.05121336e-02
  3.46840546e-02 -5.53493686e-02 -4.69208211e-02  1.65949203e-02
  3.66771333e-02  7.07091112e-03 -2.58146022e-02  3.61535624e-02
  4.53286804e-02 -3.44952047e-02 -6.21769354e-02  2.26409063e-02
  3.62258069e-02  6.53842762e-02 -1.68885030e-02  1.85741056e-02
 -3.73644307e-02  1.98804867e-02 -6.51582927e-02  1.74003821e-02
 -2.16189045e-02  2.69160941e-02 -2.93816502e-05 -2.44958755e-02
 -3.33588682e-02 -2.32282672e-02 -9.92616266e-02  3.59738879e-02
  2.15053540e-02 -2.44741030e-02  4.06993600e-03 -6.16269791e-03
  3.45537774e-02 -1.27393082e-02  1.53134186e-02 -2.24400479e-02
 -1.27269737e-02 -9.94134843e-02 -3.74152837e-03  4.89519536e-03
 -3.69079411e-02  7.46248895e-03 -2.27104966e-02  2.32500006e-02
 -9.04656365e-04 -4.19277288e-02  4.36885059e-02 -1.77844637e-03
 -1.66164897e-02 -3.93114872e-02 -9.76246010e-05  4.34505865e-02
  3.73520702e-02  5.87785710e-03  8.13889503e-02 -4.41830941e-02
 -1.61133744e-02 -7.60729099e-03  4.01078723e-02  2.11434299e-03
  3.24575491e-02  3.05035207e-02  3.59854624e-02 -2.13994645e-02
 -5.85419592e-03 -4.08899896e-02 -2.71221604e-02 -2.78376346e-03
 -4.29995283e-02  6.77183969e-03 -6.16426347e-03 -2.44831424e-02
  8.35344382e-03 -9.10912547e-03  1.31221777e-02  2.31404118e-02
 -2.70397542e-03  1.51066519e-02  7.03358874e-02 -3.18043344e-02
  2.74708774e-02  5.81619702e-03 -1.57165807e-02 -4.02292423e-02
 -1.93189867e-02 -1.15986052e-03 -1.93971116e-02 -5.59530672e-05
 -7.10814148e-02  7.08169192e-02 -5.69930254e-03 -1.66852754e-02
 -1.23597244e-02  2.31663045e-02  3.27294134e-02  2.38888245e-02
 -5.25100809e-03  2.43932195e-03  5.08579537e-02 -6.44355193e-02
 -4.97446721e-03 -2.90937745e-03  8.72598588e-03  1.87231693e-02
 -2.66309846e-02  3.38669121e-02  4.94422391e-02  3.48384231e-02
 -1.17685180e-03  3.42604108e-02  5.86327538e-02 -1.68352369e-02
 -3.97903845e-02  5.52557549e-03  3.73695008e-02 -1.13434628e-01
 -4.90755886e-02 -5.82380267e-03 -5.51832058e-02 -2.51302160e-02
  5.94478985e-03 -2.05974896e-02  1.70824639e-02 -7.28028789e-02
  6.48724139e-02  2.50995420e-02 -3.60552184e-02 -5.66352333e-04
  2.88512558e-02  5.06949387e-02  3.95354722e-03  1.18324840e-02
 -1.92215797e-02 -2.38372777e-02 -3.01690330e-03 -5.06783165e-02
  1.60411596e-02 -4.35244404e-02  7.87409721e-04  5.26620112e-02
 -2.91436426e-02 -3.56769413e-02  1.42984325e-02 -1.39269792e-02
  5.76897189e-02  3.56004797e-02  2.14370862e-02  1.62830092e-02
  3.56097780e-02 -1.26190288e-02 -2.70946231e-02 -8.97547044e-03
  2.16640513e-02  2.07386371e-02  2.26070154e-02  3.42571624e-02
  4.01695026e-03 -1.78394038e-02 -2.27675959e-02 -8.61027241e-02
  2.75209770e-02  9.54196695e-03  1.02246832e-02 -1.88004617e-02
  2.21620966e-02 -1.00777065e-03 -1.87422782e-02 -1.64603982e-02
 -2.88832351e-03 -3.77382971e-02  6.26835451e-02  3.62370461e-02
 -6.42246753e-02  1.28935426e-02 -4.92120348e-02 -2.02599410e-02
 -4.93167117e-02 -4.43441086e-02 -3.71669536e-03  3.02853957e-02
 -5.51318377e-02 -6.47101784e-04  2.85196863e-03  1.52515713e-02
  7.36920349e-03 -4.92290482e-02  2.18149703e-02 -1.40878363e-02
 -1.09753909e-03  1.53324688e-02  2.88656186e-02  3.29557573e-03
 -1.71415303e-02 -3.61556895e-02  1.16317896e-02 -3.58505100e-02
  1.86793730e-02  7.92614520e-02 -2.38752216e-02  5.23455478e-02
 -3.35205346e-02  3.05289216e-02  1.30980154e-02  1.61333177e-02
 -2.32389010e-02 -3.13826054e-02 -1.93109624e-02  3.91410058e-03
  1.62730869e-02  5.81342168e-03 -1.65722352e-02 -2.81798616e-02
 -5.29953092e-02  3.98093946e-02 -2.29869019e-02 -3.73969860e-02
 -3.00897527e-02 -1.85173824e-02  3.20355333e-02 -6.13995679e-02
 -6.80744834e-03 -4.24026400e-02 -6.58559799e-02  2.66950112e-02
 -2.55567748e-02  2.46789213e-02  3.02427076e-02  2.52362266e-02
  2.54324991e-02 -1.10795293e-02  4.21013162e-02 -3.57232541e-02
  3.45164388e-02 -2.14896817e-02  3.68000194e-02 -4.31868881e-02
  3.88947204e-02  2.02312358e-02  4.05528769e-03  2.10494697e-02
 -2.62470450e-02 -4.45661433e-02  3.00203878e-02 -5.07955961e-02
 -4.97669317e-02  8.14477680e-04 -2.22646650e-02 -2.13748310e-02
 -4.47593443e-03 -3.84233072e-02  5.46240732e-02 -6.69750851e-03
 -4.17362936e-02 -3.54592651e-02  1.76495984e-02  6.35349974e-02
  2.35013179e-02 -3.40641029e-02 -1.05526473e-03  1.27455881e-02
  4.80160601e-02  2.15993728e-02 -2.54582558e-02  1.10270465e-02
  1.77605897e-02  6.10385425e-02  6.73915669e-02  2.18355116e-02
 -1.03052321e-03  1.39717746e-03 -1.89019907e-02 -5.38892485e-02
  3.59057672e-02 -6.61308691e-03 -4.01218305e-04 -4.08623368e-02
  2.27722060e-02  6.00596145e-02 -8.71448740e-02 -2.98312237e-03
  4.98230793e-02  2.39684456e-03 -4.33820160e-03 -3.20213512e-02
  1.70334950e-02  1.39574669e-02  7.36980960e-02 -1.08049465e-02
 -1.45027302e-02  3.78626511e-02  2.36591529e-02  3.45153958e-02
  7.73583446e-03  6.16883785e-02  7.64321685e-02  2.55179852e-02
 -3.26914899e-02  5.34154251e-02 -2.11554393e-02 -3.44703160e-02
 -5.30286506e-03  7.51669053e-03 -6.45503625e-02 -3.40731884e-03
 -2.79584546e-02  5.77949211e-02  2.20756549e-02  1.96556188e-02
 -1.27878776e-02  5.69236390e-02  3.00454870e-02 -3.84474453e-03
 -1.91791225e-02  3.20087038e-02  1.55164432e-02 -3.30031179e-02
 -1.25495698e-02  4.64613661e-02 -1.19959451e-02 -6.87886449e-03
  7.10659381e-03 -2.21177731e-02 -5.43875843e-02  3.23560648e-02
 -8.81798193e-03  1.29562831e-02  4.16481569e-02 -9.14610550e-03
 -8.21602121e-02  1.90473814e-02 -6.17615087e-03  2.15321481e-02
  5.20967133e-02  4.36127745e-02 -1.41086988e-02 -2.35271063e-02
  1.85298063e-02 -6.73500774e-03  3.03135458e-02  2.67928615e-02
  9.05966945e-03 -3.06297746e-03 -2.25064792e-02  5.46615347e-02
  1.34240473e-02 -3.32289264e-02 -3.18291634e-02 -6.10050224e-02
 -4.74056602e-02  7.50785787e-03 -6.31878525e-02 -3.17398906e-02
 -5.55916093e-02 -7.54047856e-02 -5.09895757e-02 -2.23424360e-02
 -9.22753883e-04 -1.38359750e-03 -5.70214577e-02 -5.11963740e-02
  5.88390417e-02 -2.42272336e-02  1.95710381e-04  2.37540156e-02
  6.10879399e-02  9.18744504e-03  5.70344459e-03 -6.14989595e-03
  8.48731771e-03  5.81340753e-02 -5.35561778e-02  1.10940896e-02
 -9.23625901e-02 -1.38112344e-02  3.41064110e-02 -9.53372382e-03
 -3.95687670e-02  4.23419029e-02 -2.36511528e-02 -2.66294200e-02
  4.62659709e-02  3.92813142e-03  1.52106276e-02  1.19343093e-02
 -3.58080864e-02 -2.60921717e-02  3.74683775e-02  2.91854199e-02
 -2.95349006e-02  5.93803786e-02  4.20566797e-02 -6.67659985e-03
  4.90148365e-02  7.55294636e-02 -4.14978713e-02  3.59511301e-02
 -2.38576392e-03 -1.88612603e-02 -8.92610028e-02 -5.82322180e-02
 -1.54502727e-02 -2.40963642e-02 -6.27756584e-03 -5.40686958e-02
 -3.01273502e-02 -1.78553152e-03  1.34907123e-02  1.59263723e-02
  1.77370831e-02 -1.99589431e-02 -3.27584222e-02 -2.45616306e-02
 -2.15850361e-02  2.36462373e-02 -4.09325287e-02 -1.97109617e-02
  1.91385318e-02 -6.79992139e-02  2.79516559e-02  4.33644513e-03
  3.00281625e-02  2.22834088e-02  4.87665609e-02 -6.81756902e-03]","[np.float32(0.02), np.float32(0.0), np.float32(0.03), np.float32(0.02), np.float32(0.04), np.float32(0.01), np.float32(-0.0), np.float32(0.02)]"
review_para_8,"The model ships with no mini-LED options even though Lenovo was one of the first to offer it through the 16-inch Legion Pro series . The MSI Raider A18, Asus Strix Scar 18, and Aorus Master 18 all offer mini-LED in comparison while the Razer Blade 18 is sticking to tried-and-true matte 4K IPS. Regardless, the glossy IPS panel here is one of the sharpest and most high quality we've seen on any gaming laptop as it still offers full DCI-P3 colors, fast 240 Hz refresh rate, G-Sync, relatively high contrast ratio for IPS, and fast black-white response times to be fit for both gaming and content creation.",356411,Lenovo,Lenovo Legion 9 18IAX10,3800.0,USD,356411_review_para_8,606,"[-0.02472468  0.00113699  0.02627445 -0.02127818  0.02763228  0.0066576
  0.00787894  0.04654504 -0.0451075  -0.04415601 -0.00127841  0.01496344
 -0.01191627  0.05617004  0.03688765  0.03209686  0.03852336 -0.00545926
  0.00449814  0.01655616  0.01516402 -0.00058349  0.06775582  0.05076755
 -0.00249764 -0.01857351  0.05320447  0.02999502 -0.04627423 -0.00969432
  0.01525021 -0.03717802  0.02629958 -0.021114    0.02676641 -0.00148002
 -0.03738959 -0.00127227 -0.01140663 -0.02106557 -0.05228684 -0.0400749
 -0.02820337  0.00286862 -0.06486474  0.03576987 -0.00446017  0.04344558
 -0.02393202  0.03401683 -0.04232318  0.01444177 -0.02400108 -0.01145222
  0.0618435   0.03384436  0.05659165 -0.03290253 -0.02777918 -0.02875516
  0.06512576 -0.0032712   0.00069584 -0.02299735  0.04295318 -0.01256766
  0.01033331  0.01383897 -0.02268652  0.00413819 -0.02644798  0.00383882
 -0.00811117 -0.02857439  0.01284526 -0.00386488 -0.01306878 -0.03026755
  0.08417372  0.00718774  0.040409   -0.04168501  0.05366837  0.09087034
 -0.04476712  0.01527179  0.01574417 -0.05095106 -0.01410421  0.02829458
 -0.06586055  0.00196232  0.04905246  0.06994471 -0.01146572 -0.06215518
  0.04740259 -0.01366674 -0.00658965 -0.02752031  0.05731528 -0.0233148
 -0.03313526 -0.04547954 -0.09784278  0.01668176 -0.03440497 -0.02141495
  0.0359584   0.04389053 -0.03322436 -0.00707742 -0.01255703  0.00127823
 -0.07016629  0.07084662  0.02125989  0.013988    0.02016841  0.01457563
  0.01215885  0.06899187 -0.0029447   0.06540547  0.02959322 -0.00864772
 -0.01979529  0.02295512  0.00772344 -0.06731751  0.0776825   0.03024117
 -0.01288925  0.01697103 -0.00733552 -0.01591223 -0.00155693 -0.00026836
  0.05287837  0.00416507 -0.04669967 -0.06587768  0.05472103 -0.02470853
  0.05196984 -0.02551099  0.00843829 -0.035487   -0.03253558 -0.04342105
  0.00998102  0.00167158  0.02629539 -0.04681959  0.01145758  0.03777828
 -0.01322963 -0.01373309 -0.02044153 -0.01949086  0.00378805  0.0376753
 -0.0068348   0.02020271  0.02576185  0.04914263  0.00991292 -0.04384115
  0.02090957 -0.00931152 -0.02198926 -0.01080471  0.03328256 -0.02193649
  0.01696692  0.05919686  0.03941778  0.04736897  0.04309388 -0.00572984
 -0.0725325   0.0051531  -0.06760231  0.02947469 -0.03022379 -0.03749415
  0.05186231 -0.00218891 -0.05233967 -0.0264039  -0.07107481  0.00248424
  0.02002881  0.02083674  0.03722568 -0.05727463 -0.03286753  0.00442455
  0.0313778   0.04689554 -0.06422321 -0.0351509   0.04579566 -0.02324851
 -0.08269174 -0.05560042  0.03287411 -0.0179308  -0.01307403 -0.01629367
  0.02536954 -0.0499064   0.01025138  0.04810707  0.02520967  0.05142807
 -0.01070237 -0.07099734 -0.02476557 -0.01790797  0.03116823 -0.01878288
 -0.05068418  0.00099134 -0.00561795  0.08884021  0.03345434 -0.07267281
 -0.0454512   0.0115648   0.00565992  0.01115648 -0.0269507   0.00837809
 -0.04432325 -0.04284158 -0.0014574   0.02312816  0.06170692 -0.07261211
 -0.00234893  0.0246434   0.03332206  0.02464807  0.00370534 -0.04287485
  0.03164627 -0.00045091  0.04938404 -0.00487647 -0.02496348  0.00790055
  0.02519114  0.00350328 -0.0054879  -0.03154313 -0.06169984  0.03549454
  0.02257913  0.03328323 -0.01020075  0.04344017  0.03469266  0.00503361
 -0.07095285 -0.05304275 -0.05194357  0.00623829  0.00922593  0.03027788
  0.00363205  0.0417551  -0.01268609 -0.04855653 -0.00941257  0.01482428
 -0.03800013  0.00847154  0.02509618 -0.04765196 -0.000992    0.07397585
 -0.01123413 -0.06091313 -0.01394437 -0.02341651  0.04340062 -0.05510581
  0.0009086   0.01984354 -0.02714701  0.0480639  -0.03104361  0.07030482
  0.02595033  0.01046749 -0.00153398  0.0357025  -0.01649047  0.01180579
 -0.03736866 -0.00373984  0.03495247 -0.01605548 -0.0074124  -0.05563989
  0.04862494 -0.02834072 -0.21667907 -0.00512284 -0.00923692 -0.04678515
  0.01345603 -0.02382168 -0.01502833 -0.01742035  0.00839017 -0.00333767
  0.00303115 -0.01300489 -0.0088838   0.0398021  -0.00630755  0.0139774
 -0.00669907 -0.0253999  -0.00426103 -0.03395354  0.01691076 -0.0598011
 -0.06619596 -0.00957188  0.04962914  0.03087106  0.00813874 -0.03482506
 -0.02836272 -0.00206392 -0.03499788  0.01759591 -0.04733861 -0.01067613
  0.01638396 -0.01147521  0.03161781 -0.06998893 -0.01226834 -0.01568479
  0.00437425 -0.01934634  0.00177705 -0.01816855  0.05968349  0.01133028
 -0.04897856  0.03774805  0.04854887  0.05026168 -0.00291296 -0.00364604
 -0.0115573   0.0444168  -0.0235099   0.03069138 -0.01024585  0.06099378
 -0.04167359  0.00021995 -0.04916693 -0.02805845 -0.04327481 -0.05386086
 -0.02096475  0.00072427  0.04573323 -0.04492582  0.05804715  0.01626295
 -0.00437466 -0.04289709 -0.04533002 -0.06960426  0.06395657 -0.03779722
 -0.0507834   0.02696187 -0.01710103  0.01644676  0.03312301 -0.04183708
 -0.01329156 -0.01195812 -0.02788313  0.0192035   0.02790012  0.02003741
  0.03983288  0.02314682  0.06148577 -0.00415321 -0.00604504 -0.08866587
  0.02321593  0.00873068  0.01823778  0.05202093  0.02369392 -0.00643578
  0.01069019 -0.00258389 -0.01318866 -0.05123821 -0.04694664  0.01633906
  0.00393262 -0.00099392  0.01870372 -0.03183735 -0.02281018 -0.05247813
 -0.01326673 -0.01186541  0.06666952 -0.05670008  0.04716229  0.06504337
 -0.00534856 -0.03511265 -0.05495832  0.01263424 -0.06441795 -0.04680305
 -0.0460751   0.00763419 -0.04652849  0.0545326  -0.00536124  0.01004956
  0.01404758  0.00972     0.00964996  0.03701716  0.04623208 -0.04177703
 -0.03234652 -0.01410276  0.00731655  0.01505059 -0.05917773  0.01606795
  0.01880035  0.02301171 -0.04382449  0.015199    0.01556232  0.03417671
  0.02229025  0.04894821  0.02901987 -0.06651489 -0.00279937 -0.02581831
 -0.01800648 -0.00314753  0.0186476   0.03745322 -0.07639137 -0.05828729
  0.02877184  0.0240242  -0.02650678  0.0506681  -0.00297327  0.01730227
  0.01380134  0.00119955  0.02669637  0.04471382  0.00480505 -0.05776339
 -0.02434137  0.00667985  0.00811192  0.06402667  0.02512167 -0.03004978
  0.02936629 -0.01114781  0.04265983  0.02389708 -0.01790775  0.03255659
  0.0137681   0.00965094 -0.02652281 -0.04663336  0.00466383  0.01836971
  0.01011138 -0.04997517  0.02457159 -0.04086281 -0.03316429 -0.03062653
  0.02211421  0.02274236  0.01473435 -0.09206865 -0.01003924 -0.03892412
 -0.00927736  0.01984988 -0.00832879 -0.04679272  0.05382599  0.04292428
 -0.05140995  0.06127746 -0.04639282 -0.05792592  0.03546587  0.02666686
 -0.030926    0.01901819  0.00764154 -0.02389658 -0.00540274  0.01035933
 -0.00806805 -0.02039005  0.01745028 -0.04837069 -0.02774576  0.03781395
  0.0087864   0.07274874  0.023295   -0.03062897  0.02976444 -0.03365688
  0.02734071  0.00602696  0.05617792  0.10063157 -0.00630412 -0.00248792
 -0.03339707  0.02660234 -0.01616849 -0.02117727 -0.04941702  0.00953804
  0.01516509  0.03371786 -0.03966472  0.03410776 -0.05834575  0.03731269
 -0.04132989 -0.02499414  0.02023335  0.03314639  0.04629447 -0.06715163
 -0.0255566   0.03827727 -0.08445784 -0.00596044 -0.06443366 -0.00660586
 -0.00250557  0.0293287   0.03842898  0.01101749  0.02267788 -0.04622389
  0.03563792 -0.0251876   0.02483124 -0.0261699   0.02119036  0.00594625
 -0.01560231 -0.00152035  0.02008498  0.00660881  0.02620761 -0.04134753
 -0.0488043   0.01451733  0.00273875 -0.04841555  0.01745238 -0.05342757
  0.04049628 -0.01904839 -0.01338602 -0.02628527  0.01599707  0.00651518
  0.02931815  0.04321147 -0.00776861 -0.02280251  0.04627731  0.0328688
  0.00449095  0.0165301   0.00239695  0.06442071  0.0327504   0.00835102
  0.00366253  0.03998628  0.01661072 -0.02631638 -0.00830066 -0.00982277
 -0.0526102  -0.05895397  0.03888409  0.04940622 -0.03859995  0.05141021
  0.02890051  0.02314425  0.00226413 -0.01724182  0.00145061 -0.01499291
  0.04222045  0.02206248  0.04338265  0.05758005 -0.0250632  -0.03898111
  0.02240156  0.06812516  0.04813271  0.03190493  0.02544022  0.06621403
 -0.04038958 -0.05406687  0.02797123 -0.00200937 -0.0472452  -0.02750046
  0.02977168  0.05887659  0.00543893  0.03844531 -0.03072797  0.02171157
  0.0280604   0.00634702  0.02066972  0.04063006 -0.00590825 -0.05414271
 -0.03257987  0.03351497 -0.01832756 -0.02724827 -0.01394228 -0.00410817
  0.01611887  0.00169217 -0.02324696  0.03981102  0.0714509  -0.01656379
 -0.0974329  -0.00336976 -0.02657028 -0.00237498  0.01252701 -0.00484041
  0.04728738  0.00788265  0.01436377  0.014222    0.01990109  0.00303008
  0.04556692 -0.00833649 -0.02598619  0.0585496  -0.05327206 -0.01543386
 -0.01806126 -0.0689336  -0.00702142 -0.00120505 -0.01618594  0.01956477
  0.00734549 -0.01428295 -0.038772    0.01096625  0.01002563  0.04176781
 -0.02635009 -0.08172227  0.02384435 -0.0385986  -0.04926166  0.04244411
  0.05208246 -0.03554327  0.01016576  0.03339447  0.04560572 -0.00469212
 -0.00436326 -0.01027187 -0.06039922 -0.028749    0.02184073  0.00701422
 -0.05140178 -0.00470301  0.00262387 -0.02260902  0.05710891  0.01920981
 -0.00573912 -0.0341337   0.02158047  0.0454759   0.05399029  0.02814502
  0.02854321  0.02279294  0.03644237  0.02428341  0.01439168  0.04402464
 -0.08200961  0.03899974 -0.00176287 -0.01578268 -0.06238152 -0.05726303
  0.01439623 -0.03862741  0.01297518 -0.03828011 -0.00141866 -0.0380937
  0.00304314 -0.05432724  0.01641362 -0.03217186 -0.03509556 -0.03700671
 -0.04185985 -0.00797126 -0.01656121 -0.01123286  0.06122103 -0.02420311
  0.02151588 -0.00831751 -0.00075679  0.01569308  0.00784969 -0.04850773]","[np.float32(-0.02), np.float32(0.0), np.float32(0.03), np.float32(-0.02), np.float32(0.03), np.float32(0.01), np.float32(0.01), np.float32(0.05)]"
review_para_14,"Idling on desktop draws between 3 W and 7 W to be more efficient than expected relative to other 15.6-inch laptops running on U-series CPUs. Interestingly, power consumption is not steady when running Witcher 3 ; the system would cycle between 30 W and 42 W even though frame rates appear to be steady.

We're able to record a maximum draw of 56 W from the small (~10.6 x 4.5 x 2.8 cm) 65 W AC adapter when running extreme loads where the CPU reaches 100 percent utilization. This draw is only temporary as shown by our graph below.

Expect about 6.5 hours of real-world WLAN use before needing to recharge the internal 40 Wh battery. Results are somewhat comparable to the HP Pavilion 15-eg which also comes with a battery of similar size.",327337,Dell,Dell Inspiron 15 3000 3511,550.0,USD,327337_review_para_14,740,"[-2.26500668e-02 -6.66316692e-03  5.38591035e-02 -2.34788153e-02
 -9.42884386e-03 -1.22020077e-02  3.93288508e-02  4.21907641e-02
  2.69056987e-02 -3.08031142e-02  3.34956497e-02 -1.58085756e-03
 -3.79169956e-02 -4.60890494e-03  5.90532087e-03  2.24290900e-02
  6.75718114e-02  3.23289819e-02  9.60998144e-03 -6.82292134e-02
  3.45622525e-02  1.14439279e-02  5.92858270e-02  4.04030383e-02
  5.41843195e-03  3.32299666e-03  1.61253698e-02 -7.93775357e-03
 -1.47514185e-02 -5.24259266e-03  2.61167567e-02  9.60970670e-03
 -1.08565623e-03 -2.03107856e-02  1.10544927e-01 -3.82699482e-02
 -2.29690247e-03  9.33688134e-03 -7.32525215e-02  1.18712550e-02
 -1.28788259e-02 -3.80223095e-02 -1.14063071e-02 -9.89534426e-03
  8.47456139e-03  1.14846472e-02  2.75490098e-02  4.09729145e-02
 -4.86631654e-02  2.10903175e-02 -1.06492095e-01  1.25665916e-02
  7.64316088e-03  2.97564585e-02 -7.69608514e-03  2.49775220e-02
  2.81004738e-02 -4.56702858e-02  1.16298357e-02 -3.36712897e-02
  7.02860579e-02  2.32068505e-02 -4.39059697e-02  1.48969823e-02
  1.64982621e-02 -3.65122743e-02  5.30295931e-02  2.85221953e-02
 -8.84651393e-03  1.30657684e-02 -5.36301732e-03  3.72504480e-02
 -5.20185083e-02 -1.29912272e-02  1.23190889e-02 -3.22562307e-02
  3.04717515e-02  1.03415279e-02  6.59692958e-02  4.35167924e-02
  1.49927009e-02  1.23621349e-03  5.43401130e-02  6.34920299e-02
 -3.72038931e-02 -2.59536710e-02 -3.91067797e-03 -1.78672262e-02
 -4.92667928e-02  3.29915434e-02 -2.76167933e-02 -4.35273387e-02
  5.12990868e-03  2.63303388e-02 -6.80252835e-02  3.02507891e-03
 -1.15248393e-02 -3.04958001e-02 -9.00031347e-03  1.72856674e-02
  7.35339336e-03 -6.32682592e-02  1.27929365e-02 -3.50536816e-02
 -3.10567860e-02 -1.91050265e-02 -1.02979569e-02 -3.45542021e-02
  5.37379794e-02  7.39660580e-03 -1.72099657e-02 -1.34766884e-02
  1.20169073e-02  2.63656154e-02 -5.44288196e-02  7.70484805e-02
  3.29136178e-02  3.41852964e-03 -3.02871433e-03  2.46685781e-02
  4.02631238e-02  6.51495755e-02 -1.76369324e-02  5.35779558e-02
  2.87660770e-02  1.49005027e-02  4.66815941e-02  1.29235256e-02
 -1.64414905e-02 -1.10756882e-01  8.16099867e-02  3.74098457e-02
  3.24782319e-02  3.69357737e-03 -1.47777479e-02  2.46605817e-02
  1.68760284e-03  2.33039130e-02  7.70875514e-02  2.84777228e-02
 -4.06032503e-02 -4.37513180e-02  7.32680038e-02 -4.33991721e-04
  1.15227867e-02 -3.61962952e-02 -2.65190303e-02 -4.39072736e-02
  1.33742504e-02  1.80695355e-02 -2.87156133e-03  1.06806401e-02
 -1.85249711e-03 -2.12843698e-02  4.07580473e-02  9.65885166e-03
  2.78731957e-02 -2.33290400e-02 -1.70436073e-02 -2.98817493e-02
  8.52366257e-03  4.22499748e-03 -4.48723771e-02  3.43257338e-02
  1.68842264e-02  2.58000791e-02  2.94011049e-02 -1.69999264e-02
  7.54605746e-03  1.57708079e-02 -4.27919030e-02 -7.90153805e-04
  3.85030434e-02  1.78835243e-02 -2.13524457e-02  2.22196355e-02
  6.69509992e-02 -1.14636039e-02  2.36933921e-02  1.97641514e-02
 -6.92924634e-02  5.19706011e-02 -1.45739643e-02  9.17324331e-03
 -1.88736559e-03 -8.45284015e-03  5.60932942e-02 -2.13313047e-02
 -6.97395429e-02 -4.70054187e-02 -5.13337851e-02 -3.81958336e-02
  3.16525586e-02  1.09235095e-02  4.05490994e-02 -5.82221150e-02
 -1.01090141e-03 -1.69844385e-02  8.09091609e-03 -9.86366905e-03
 -1.24500841e-02 -3.94693576e-02  1.04869694e-01 -4.54335213e-02
 -9.08587351e-02 -5.21901101e-02  4.75113913e-02 -3.00182570e-02
 -4.31351736e-02  2.33780593e-02 -7.53808999e-03  3.94179858e-02
  1.96482986e-02  3.18985209e-02 -1.54711884e-02  1.25312191e-02
  2.53269821e-02 -3.95211205e-02  6.01718314e-02 -2.51515675e-02
  9.30393860e-03  3.30598801e-02 -3.02334297e-02  1.68390311e-02
 -3.28183807e-02  5.95345497e-02  4.11819741e-02 -4.83244509e-02
 -3.87280509e-02 -1.43665867e-02 -9.83219743e-02  9.63788014e-03
 -2.34885886e-02 -4.43948928e-04 -6.31395951e-02  1.33159134e-04
 -1.43173411e-02  1.94693021e-02  7.04494640e-02 -5.14591523e-02
  1.77876733e-03  6.76034316e-02 -6.37082336e-03  3.67404595e-02
  3.93464491e-02  1.74521971e-02  4.65573147e-02 -6.90621906e-04
 -2.24467684e-02 -3.05814184e-02  4.66596102e-03  1.82656553e-02
  3.01225688e-02 -1.54119041e-02 -4.03210521e-03 -6.10155351e-02
 -2.48149037e-02  9.64880642e-03  3.73535156e-02  5.24585769e-02
  3.71702909e-02  5.27822785e-02  3.32478844e-02  3.89818125e-03
  1.34050648e-03 -6.18815795e-02 -1.11332841e-01 -5.27256206e-02
  4.89167031e-03 -2.76422855e-02  2.19865348e-02  1.26093663e-02
  2.88369879e-02 -4.31410410e-02  1.29190902e-03 -3.74798700e-02
 -7.35963415e-03 -6.24836795e-03 -2.01632474e-02 -5.16681820e-02
  3.24761532e-02  6.45371377e-02 -1.20057957e-02 -5.35584614e-02
  7.92088546e-03 -1.22649614e-02  4.93976809e-02 -3.68448421e-02
 -1.87091045e-02 -1.74653716e-02  2.88653057e-02 -3.49837728e-02
 -2.52629742e-02  2.43263189e-02  4.02735136e-02  2.48747524e-02
  2.22607702e-02  3.68997641e-03 -1.00004347e-02  3.90205681e-02
  1.11862719e-02  2.17605084e-02  3.14066559e-03 -6.21702336e-03
 -2.08797585e-02 -5.53609617e-02 -3.81374434e-02 -5.64119034e-02
 -2.28546038e-01  2.42313836e-02  2.49476898e-02 -2.27223132e-02
  1.32518029e-02  3.86586646e-03 -1.20310094e-02 -1.38589302e-02
 -7.72577338e-03  3.52172852e-02  6.08867733e-03  1.49353417e-02
  5.04802493e-03  5.94621189e-02  3.36069576e-02  2.36494653e-02
  3.16265635e-02 -5.78664504e-02  6.81242626e-03 -1.16933873e-02
 -7.44177552e-04 -5.57093024e-02 -4.37218510e-02 -1.70274470e-02
  4.60813455e-02 -4.04131097e-05 -7.37097673e-03 -3.87405492e-02
 -4.77763005e-02 -6.44599693e-03  1.56638827e-02 -9.89090744e-03
 -1.53521178e-02  2.18779128e-02  1.37467291e-02 -1.04642678e-02
  2.26919707e-02 -1.46973943e-02  3.44239771e-02  2.20271945e-02
  1.72354430e-02 -2.62695178e-02 -2.34777089e-02  1.59113854e-02
  4.40329090e-02 -1.94035992e-02 -6.87308758e-02 -1.09363431e-02
  1.34687871e-02  2.13080216e-02  3.91946826e-03  1.72894541e-02
 -5.07636294e-02  1.31879784e-02 -6.14989772e-02  2.38509979e-02
 -3.15525085e-02  8.51549059e-02 -4.75915037e-02 -2.39239121e-03
 -4.44617197e-02 -1.19092334e-02 -5.18039837e-02 -1.59448087e-02
 -3.83796939e-03 -2.22085733e-02 -3.17049176e-02 -2.32675783e-02
  4.35922667e-02  3.73105407e-02  1.04736555e-02 -3.39676230e-03
  4.79572117e-02 -8.94684196e-02  2.25600204e-03 -2.25155111e-02
 -4.38525751e-02  8.22751150e-02 -6.44369423e-03  1.77165922e-02
 -9.88752022e-03  1.30009195e-02 -6.06202073e-02  1.00705046e-02
 -3.70755210e-03 -1.07699595e-02 -1.42663112e-02 -3.84477377e-02
  6.54838458e-02  4.86104898e-02  6.38464019e-02 -3.33921351e-02
 -1.84975211e-02 -3.19979228e-02  1.04095172e-02  2.54722275e-02
  1.91387616e-03  1.85676888e-02  5.33268526e-02  2.42749974e-03
  6.29696175e-02 -3.57617997e-02  3.06548290e-02 -5.55869974e-02
 -6.78376779e-02  3.73261198e-02 -1.62321366e-02 -2.11768690e-02
  2.34428607e-02  2.74318401e-02  1.06079513e-02 -2.77568139e-02
  5.03876805e-03 -6.47613704e-02  4.09785695e-02 -1.70719158e-02
  4.88850754e-03  2.44762711e-02 -1.47006079e-03 -5.54938205e-02
 -4.61995378e-02  1.65038742e-02 -3.75216268e-02 -7.64150992e-02
 -5.56164086e-02  8.56217369e-02 -1.21626910e-02  2.18096748e-02
 -2.43226476e-02  8.33506789e-03 -9.39934477e-02 -1.74669195e-02
  3.29659209e-02  4.54408601e-02 -8.82704556e-03 -2.80902386e-02
 -2.07967926e-02 -3.37012447e-02  1.88746378e-02  3.67987491e-02
 -3.72696221e-02  6.06901422e-02  4.31144349e-02 -8.41058791e-03
  1.43247908e-02  2.90101897e-02  6.69568852e-02 -1.25647103e-02
  4.23828699e-02  3.47828167e-03  2.95803789e-02 -2.90582385e-02
 -3.43560986e-02 -3.66841368e-02 -5.80787025e-02  1.00202551e-02
  3.04839127e-02  4.04609973e-03 -2.54052505e-02 -4.93913069e-02
  3.19192484e-02 -5.72409518e-02 -2.53193919e-02  1.15922242e-02
  1.65852753e-03  1.77935828e-02  5.48928753e-02 -2.28040665e-02
 -1.22079188e-02  1.30140772e-02  1.41073093e-02  2.89286277e-03
 -1.18789878e-02  1.55864138e-04  4.19333279e-02  2.53528543e-02
  3.22038941e-02 -1.28788557e-02  3.75870243e-02  7.09380209e-03
 -1.48801329e-02  1.79418437e-02  1.71735196e-03 -3.46082076e-02
  3.88951786e-02 -3.71621214e-02 -6.57992205e-03  1.68757048e-02
  9.79066361e-03 -1.66931394e-02  7.27049075e-03  4.74014459e-03
  1.34617630e-02 -4.50227298e-02 -2.05007084e-02 -3.25553976e-02
  3.67868729e-02  5.11313155e-02 -2.09990982e-02 -4.55613881e-02
  4.44385316e-03  5.46627305e-03 -3.98650803e-02 -2.70079859e-02
  1.91505384e-02 -3.89886424e-02 -9.06492025e-03  1.96873266e-02
  7.23156556e-02  4.09642048e-02 -2.75626313e-02 -1.50250364e-02
 -3.76387173e-03 -2.65624225e-02  4.36831787e-02  2.52409577e-02
 -5.27412146e-02 -5.89945354e-02 -2.61923764e-02 -1.44886896e-02
 -2.10337918e-02 -9.33940988e-03 -4.74853395e-03 -4.87599820e-02
 -2.97503937e-02  7.85731431e-03  2.41440311e-02 -6.18520863e-02
  7.24979211e-03 -4.73118499e-02 -2.27990691e-02 -1.07750949e-02
  1.83936749e-02  3.83287370e-02  2.85151415e-02  4.39259484e-02
 -2.79426994e-03  3.61663923e-02 -2.22239131e-03  3.08503993e-02
 -4.26236019e-02  6.96251960e-03  4.78510832e-04 -8.21179003e-02
  3.88557627e-03  2.30652317e-02 -4.33208644e-02 -4.06434312e-02
 -4.08970751e-02 -9.95282736e-03 -5.45250475e-02 -3.70863006e-02
  2.23450400e-02  1.88656263e-02  3.77801210e-02 -9.02406424e-02
  1.75225351e-03  1.80349592e-02 -4.26545963e-02 -2.10487731e-02
 -4.52954844e-02  6.14547357e-03 -2.42771278e-03  3.14707085e-02
  3.92892398e-02  1.53152912e-03  3.65616977e-02 -6.04235083e-02
  5.21893054e-02 -2.83235088e-02  3.22590433e-02 -3.50318402e-02
 -5.07070404e-03  1.73082929e-02 -1.42503809e-02 -2.42665000e-02
 -4.02450515e-03 -2.65038349e-02  4.99440543e-02 -3.36294211e-02
 -3.21996361e-02  2.85084099e-02 -8.29190668e-03 -1.75113324e-02
 -1.26171838e-02  1.43497074e-02  2.01072544e-02 -1.41798267e-02
 -2.46317766e-04 -2.14328803e-02  2.95223650e-02 -1.44270686e-02
  1.30057679e-02 -4.79630306e-02 -5.28570004e-02  4.68457211e-03
  4.64573614e-02  1.66297071e-02 -4.10855226e-02 -3.73113751e-02
 -6.18300885e-02  5.03100455e-02  5.04426211e-02 -9.39845201e-03
 -1.60404965e-02  8.54293630e-03  2.30156630e-02 -4.21659425e-02
 -3.31438296e-02 -2.68188380e-02 -2.58988421e-02 -1.53762940e-02
  2.31956877e-02  5.80257550e-02 -4.03617918e-02 -2.64875256e-02
  2.12954953e-02  1.63747184e-02 -2.97391564e-02 -2.59547662e-02
  3.04357130e-02 -3.13850492e-03  8.19216594e-02  1.10300006e-02
  5.63251115e-02  3.83401774e-02  6.62974967e-03  3.03725805e-03
  6.73138478e-04  5.58099449e-02  5.33191785e-02 -1.15220645e-03
 -2.62608398e-02  4.68871817e-02 -2.43210476e-02 -2.65405159e-02
 -3.45381349e-02 -1.67045258e-02 -7.61285946e-02  1.99391432e-02
  4.44665402e-02  7.38072842e-02  4.58345152e-02  6.49478063e-02
 -4.30210084e-02  2.29882021e-02  2.44158376e-02 -2.14593206e-02
 -4.51737735e-03  5.67585453e-02  2.24442892e-02  3.19503248e-02
 -8.43784027e-03  1.63971726e-02 -2.09634751e-02 -1.83382910e-02
  4.57739606e-02  3.65828276e-02  1.28641799e-02  1.52648622e-02
  3.30074020e-02  5.70167601e-03  6.82153329e-02 -5.34407124e-02
 -1.11810928e-02 -3.91185544e-02 -3.05307098e-03  9.39420518e-03
  1.37990955e-02 -7.43407663e-03  5.20438552e-02 -3.38084390e-03
 -3.53122763e-02 -3.00700800e-03  6.21353881e-03  2.38372441e-02
 -6.26835926e-03 -1.16425315e-02  2.55714972e-02 -3.03473230e-03
 -3.87875997e-02 -3.95435207e-02 -4.24880870e-02 -2.15878654e-02
 -9.04568359e-02 -2.60617733e-02  7.44524784e-03 -1.58828814e-02
  1.09949661e-02 -3.95468585e-02  7.69134145e-03  1.63512044e-02
 -4.84368578e-02 -2.26436760e-02 -4.62381132e-02 -7.67103508e-02
  7.05883503e-02 -2.08952203e-02 -1.08178817e-02  6.41398579e-02
  4.72320840e-02 -3.23831141e-02 -3.29848565e-02  5.16951494e-02
  2.44692490e-02  5.31368852e-02 -1.60827581e-02 -6.87786750e-03
 -7.02279657e-02  3.17651071e-02 -7.47499336e-03 -3.51645462e-02
 -4.46008034e-02  1.13943527e-02 -1.34543132e-03 -5.64251794e-03
  7.03133866e-02  1.66242663e-02 -3.66179645e-03 -6.10996038e-02
  2.02234946e-02  1.39466329e-02  4.72558700e-02  3.56333628e-02
 -1.02115488e-02  4.05246913e-02  4.24896814e-02 -1.00733191e-02
 -2.12534238e-02  3.68392169e-02 -4.88658696e-02  1.44329611e-02
 -4.16518115e-02  3.49058583e-02 -9.48910974e-03 -5.55509962e-02
  1.81987938e-02 -3.16869728e-02  7.95510877e-03 -3.80266011e-02
  2.16030497e-02  9.09314374e-04 -1.57841500e-02  2.45702583e-02
 -2.25494634e-02 -2.38315146e-02 -2.68288273e-02 -1.52423540e-02
 -2.75875553e-02  3.37396413e-02 -4.22754437e-02 -2.97691440e-03
  2.34637511e-04 -1.73351467e-02  1.86525825e-02  2.76359320e-02
  2.08408162e-02 -9.35841759e-04  3.31770480e-02 -3.07137314e-02]","[np.float32(-0.02), np.float32(-0.01), np.float32(0.05), np.float32(-0.02), np.float32(-0.01), np.float32(-0.01), np.float32(0.04), np.float32(0.04)]"
review_para_1,"Please note: Lenovo has not changed its naming scheme for its Yoga series in Canada and the US. The company sells the device as the IdeaPad 730S-13IWL rather than the Yoga S730-13IWL.

Our test device is the most expensive S730-13IWL variant that Lenovo currently sells in Germany. The device is equipped with a 1-TB SSD, 16 GB of RAM and an Intel Core i7-8565U processor, which is based on the new Intel Whiskey Lake architecture. We have chosen to compare the S730-13IWL against other compact 13.3-inch laptops such as the Apple MacBook Air 2018 , the ASUS ZenBook S UX391U , the Dell XPS 13 9370 and the HP Envy 13 .",417610,Lenovo,Lenovo Yoga 7i (82BH00BRIN),800.0,USD,417610_review_para_1,619,"[-8.64856597e-03 -3.48855145e-02 -1.35751376e-02 -1.01126973e-02
  9.98372436e-02  5.25275171e-02  1.68366320e-02  2.56631598e-02
  1.34905335e-04 -3.17831449e-02 -3.24746892e-02 -5.05712256e-02
 -1.56637393e-02  4.35125828e-02  8.79100466e-04  2.07687803e-02
  6.80062175e-02  6.04941398e-02  3.02442759e-02  7.33431196e-03
  2.92589050e-02 -2.62778606e-02  3.20990011e-02  7.26990681e-03
 -1.58995222e-02 -2.95794429e-03  4.56466265e-02 -3.67858894e-02
 -2.96729449e-02 -8.94943401e-02  4.83741499e-02 -1.63949691e-02
  2.04278007e-02  1.99103095e-02  3.43459807e-02  1.88306440e-05
 -5.96636720e-02  2.40630973e-02 -4.82170433e-02  1.63717195e-04
 -5.92621490e-02 -2.12982576e-02 -3.25735426e-03  4.39906903e-02
 -7.89096281e-02 -1.56283025e-02 -4.56538089e-02  1.42242890e-02
 -8.09254497e-02  7.61093795e-02 -3.24886292e-02  3.06204837e-02
 -1.47116312e-03 -1.60966143e-02  4.93101068e-02  2.07919478e-02
  1.39925368e-02 -3.65833119e-02  1.20241344e-02 -1.94026455e-02
  4.54413891e-02  1.48756253e-02  7.28081213e-04 -1.51038347e-02
  8.90844595e-03 -9.20701697e-02  5.85191324e-02 -8.70703254e-03
 -3.84207182e-02 -6.58872873e-02 -1.37877166e-02  5.22207003e-03
 -8.47213995e-03 -4.50392030e-02  1.72193889e-02 -3.20552103e-02
 -5.79674728e-03 -1.33966170e-02  7.65371099e-02  2.32803798e-03
  3.64885107e-03  2.72510517e-02  3.55671421e-02  5.91078736e-02
 -1.77415255e-02 -2.52426211e-02 -5.30526415e-02 -4.01545651e-02
 -3.27297263e-02  4.16484810e-02  2.10461505e-02  1.47894854e-04
  6.33337274e-02  3.76478173e-02 -2.48004831e-02 -2.77934968e-03
  1.97950527e-02 -3.32831889e-02  6.69631511e-02  1.48277031e-02
 -1.86990816e-02 -4.99932654e-02  2.61221081e-02 -1.65325142e-02
 -1.34074967e-02  1.18802139e-03 -2.25435868e-02 -3.93057540e-02
  5.32553047e-02 -7.02026254e-03 -3.02875545e-02 -2.16726810e-02
 -1.60376746e-02  1.07562970e-02 -4.40674275e-02  3.21850963e-02
 -3.13031413e-02 -1.22090511e-03 -3.39276381e-02  1.01840599e-02
  1.59533359e-02  1.54075287e-02 -1.37171233e-02  1.54575622e-02
  2.44172402e-02 -2.59877346e-03 -8.02390650e-03  2.02146359e-02
 -9.26940795e-03 -7.63502046e-02  5.86187728e-02  3.57146077e-02
  2.00225208e-02  2.73216181e-02 -3.39487614e-03  2.71260180e-02
  1.83509104e-02  7.29084061e-03  5.00886850e-02  3.65598910e-02
 -2.20169760e-02 -1.15990210e-02 -3.36162443e-03  1.97690446e-02
  3.04432437e-02  8.84235278e-03  7.42351520e-04 -6.30473197e-02
 -4.58857827e-02 -5.51478602e-02 -3.30601558e-02 -5.27396472e-03
 -1.15345204e-02 -3.03842109e-02  2.09551267e-02  4.96433266e-02
  4.57114317e-02  1.31387208e-02 -1.75832044e-02 -5.01977205e-02
  6.56904047e-03 -1.08343801e-02 -8.75738263e-03  4.28350940e-02
  2.33909092e-03  5.40753752e-02  2.12065633e-02 -1.53804664e-02
 -8.13529734e-03 -2.13149004e-02 -4.47758920e-02 -1.73849333e-02
  7.22945780e-02  9.20673553e-03  2.04096362e-02 -4.05676011e-03
  5.54520823e-02 -9.01004300e-03 -7.48625910e-03  6.68440014e-02
 -3.82306091e-02  3.28760482e-02  2.38868911e-02  3.13640200e-02
 -4.57130186e-02  2.25854460e-02  6.56822994e-02 -4.99893446e-03
 -1.07986908e-02 -9.74745024e-03 -7.60210976e-02 -5.03868945e-02
  5.35823405e-02  2.46635750e-02  6.30170703e-02 -1.47690903e-02
  3.43008228e-02  3.33199538e-02 -4.38108668e-02  1.23736449e-02
 -9.57199931e-03  3.75147257e-03  1.27096884e-02  5.03373519e-03
 -5.78664057e-02 -1.14383725e-02  2.47963648e-02 -4.41920795e-02
 -4.39342903e-03  5.33611653e-03  5.12080118e-02 -4.02545482e-02
  6.35722950e-02  2.39462052e-02 -2.10147860e-04  7.72974361e-03
 -6.65190071e-03 -4.69280779e-02 -1.62751153e-02 -2.41973996e-02
  1.18263708e-02  9.44429170e-03 -3.27291228e-02 -6.50022179e-02
 -3.19757685e-02  6.76081330e-02 -8.37452302e-04 -4.32127789e-02
 -9.41848010e-03 -7.63427559e-03 -1.26277823e-02 -4.29195799e-02
  6.97127823e-03 -1.76130980e-02  2.65893973e-02 -3.04761883e-02
  7.10834563e-02 -2.75977775e-02  6.93934187e-02 -5.60000837e-02
  7.51632499e-03  4.96398248e-02 -5.63999778e-03  3.17975990e-02
  2.56153271e-02 -2.83969939e-03  3.85467932e-02  2.39384477e-03
  3.54540581e-03 -4.63990420e-02  3.08360849e-02  2.84013133e-02
  1.33838076e-02 -2.87428428e-03 -1.81588009e-02 -5.76625839e-02
 -3.16380314e-03  3.60616781e-02  5.69991395e-02  2.21891794e-02
  5.54015907e-03  5.00654569e-03 -7.63617316e-03  6.92555010e-02
 -4.49425392e-02 -6.92817569e-02 -6.06126338e-02 -1.28454333e-02
 -1.60145760e-02 -4.69472818e-02  2.46998239e-02 -5.61169162e-02
 -3.21623906e-02 -1.13133891e-02  2.07372522e-03  5.30733727e-03
 -1.54872984e-02  6.74487371e-03  2.32994054e-02 -5.67925489e-03
 -4.25839843e-03  6.57238811e-02  2.28332765e-02 -7.91303664e-02
  2.29716841e-02 -6.92338422e-02 -1.74231385e-03 -5.59640490e-03
 -3.33481096e-02 -1.14564346e-02  9.43025202e-02  3.65250595e-02
  2.29675546e-02  2.65569799e-02  1.68793425e-02  2.40451004e-02
  2.29278784e-02  2.76416931e-02 -4.11648750e-02  6.22966550e-02
 -2.87164319e-02  3.94088104e-02  7.58034363e-03  3.85048240e-02
  3.41169126e-02 -4.42581810e-02  2.46907249e-02 -4.78555448e-02
 -2.29451135e-01  3.70159857e-02 -5.00828726e-03 -5.18813729e-02
  3.16988379e-02 -1.04560871e-02 -6.20013941e-03 -3.31265330e-02
 -2.27394961e-02  5.71122346e-03 -3.94778745e-03  1.42297437e-02
  2.71776114e-02 -4.02058614e-03 -1.56385787e-02  7.96372369e-02
 -1.93529595e-02  1.54438326e-02 -4.47768830e-02 -1.86980534e-02
  2.67893579e-02 -3.89934555e-02 -3.58577929e-02  1.20873433e-02
  3.25779524e-03  5.29974625e-02 -1.67228491e-03 -3.65502350e-02
 -2.48133838e-02 -1.77773423e-02 -4.00658650e-03 -2.53115669e-02
 -2.96794251e-02  1.01716081e-02 -8.08450487e-03 -2.76688207e-02
 -1.89323165e-02 -5.40661961e-02  3.26639004e-02  4.00123931e-02
 -4.04940806e-02 -1.65937655e-02  4.75153178e-02  1.92026142e-02
  1.08012240e-02  3.15432288e-02 -1.01503313e-01 -1.04942257e-02
 -3.86231416e-03  4.20494042e-02  1.65065974e-02 -6.20593950e-02
 -8.03087279e-02  1.49889151e-02 -1.32223815e-02 -3.23599461e-03
  2.86614336e-03  5.33658154e-02  9.76921245e-03  1.24138379e-02
 -5.33595420e-02  8.20214627e-04 -7.85727650e-02 -5.75672388e-02
 -3.21322754e-02 -5.09076267e-02  9.19605792e-03 -3.94714938e-04
  1.34198070e-02  3.05175856e-02 -3.42160575e-02  3.40305298e-04
 -3.10539789e-02 -1.14232890e-01 -7.75355147e-03 -1.09955752e-02
 -3.22184041e-02  4.70735542e-02 -3.05019114e-02  4.22117524e-02
 -1.56054515e-02  9.70564689e-03 -4.02542502e-02 -2.86249947e-02
  7.17115588e-03 -2.75444575e-02 -4.51719062e-03  2.33045430e-03
  5.19380011e-02  1.30021591e-02  3.55914198e-02 -1.66606940e-02
 -3.69086638e-02 -4.19319123e-02  9.91358701e-03 -2.68285489e-03
 -3.28395404e-02  8.33732821e-03 -1.79349985e-02 -1.16564715e-02
 -1.08329607e-02 -1.14634109e-03  6.31859386e-03 -1.86685789e-02
  2.25520767e-02  2.23308466e-02  2.50272211e-02  1.88663527e-02
  5.60439564e-02  1.35438167e-03 -3.32870963e-03 -8.50034058e-02
  2.37063561e-02 -6.46573752e-02  3.45675536e-02 -5.06138168e-02
  1.86748821e-02  6.24508932e-02  5.40680578e-03 -7.56642222e-02
 -1.75607309e-03 -1.36470506e-02 -2.48509347e-02 -4.61366549e-02
 -4.60139215e-02  5.43050617e-02 -2.19349172e-02 -2.13157013e-03
 -1.89912599e-02  1.16090411e-02 -5.54795265e-02  2.66637262e-02
 -1.11745642e-02  3.35059054e-02  1.38037223e-02 -1.69338379e-02
  1.97906774e-02 -1.92923360e-02  1.09169213e-02 -2.13105734e-02
 -3.53255495e-02  3.80437858e-02  2.88776541e-03  3.07725798e-02
  2.73831375e-02  7.68735409e-02 -1.18817214e-03 -1.48026804e-02
  1.42345112e-02  7.83915352e-03  2.05062386e-02 -6.51419014e-02
 -2.89503136e-03 -3.05281058e-02 -2.74275206e-02 -1.87251568e-02
  1.58418342e-02 -3.40173952e-02 -1.94883849e-02 -2.77954899e-02
 -1.28204906e-02  4.06009704e-02 -2.15307381e-02  3.47880460e-02
  1.09314611e-02  5.06637767e-02  5.32844476e-03 -1.72959380e-02
  2.39858101e-03  5.61601333e-02  2.01094728e-02 -7.43499324e-02
  1.00959968e-02  3.51945087e-02  2.86853202e-02  4.22535948e-02
  3.90836820e-02  2.73319352e-02  4.15986702e-02  5.88635355e-02
  1.30715268e-02 -1.83954239e-02 -5.65377995e-03  3.70855853e-02
  2.67619244e-03 -3.37149166e-02 -3.51125970e-02 -6.80710142e-03
  2.12776531e-02  1.51421409e-02  1.07166637e-02 -9.86359082e-03
  6.91773696e-03 -6.12814352e-03 -3.08682136e-02 -4.52932566e-02
  1.80870686e-02  1.44702382e-02 -2.85726250e-03 -5.32631762e-03
 -1.90716889e-02  6.31300034e-03 -3.63471992e-02 -2.85863094e-02
  3.28363441e-02 -4.38371859e-02  1.59127098e-02  6.65605217e-02
  3.40305865e-02  1.76939722e-02 -7.92465955e-02 -2.43373606e-02
  9.45285428e-03  1.00816134e-02  2.19642706e-02  4.24625278e-02
 -4.57347464e-03 -6.44584298e-02  8.75297061e-04 -9.56509355e-03
  2.80363336e-02  3.43315080e-02 -2.55333912e-02 -4.48834747e-02
 -3.42716835e-02  5.94611615e-02  4.96477447e-03 -9.17898491e-03
  3.64269689e-02 -3.73896919e-02  2.51506846e-02 -7.44361728e-02
 -3.83591373e-03 -4.03222851e-02 -1.18739260e-02  4.68781553e-02
  6.22364804e-02  3.62823159e-03  1.06844269e-02 -7.92331621e-03
 -3.87701113e-03 -4.65878062e-02  1.72867824e-03  1.47025066e-03
  5.44932075e-02  5.00474423e-02 -2.93155983e-02  2.16995124e-02
 -3.01073994e-02  3.99221703e-02 -3.37246358e-02 -5.19481674e-03
 -1.49156293e-02  7.91437924e-03  6.86288550e-02 -6.13918267e-02
 -1.22939367e-02 -3.33781503e-02 -9.11808386e-02 -3.09947617e-02
 -3.73007394e-02  4.26598229e-02 -2.91264127e-03  6.51613474e-02
  3.92915774e-03  2.46193931e-02  1.93683151e-02 -7.70390108e-02
  4.12717834e-02 -3.64269875e-02 -6.43914333e-03 -5.37934015e-03
 -3.18156183e-02  3.32103134e-03  3.64149967e-03 -7.59478332e-03
  5.81584405e-03 -2.69640312e-02  4.64157946e-02 -7.44693819e-03
 -1.79232303e-02  7.28045963e-03  8.25121719e-03 -1.76663287e-02
 -2.67110951e-03 -3.60772060e-03  2.03844868e-02 -4.66004685e-02
 -4.56702113e-02  2.59374361e-03  1.59975083e-03 -3.37798335e-02
  3.40566374e-02  3.25966962e-02 -8.79101008e-02 -3.69031243e-02
  3.14066224e-02  2.45763976e-02 -2.86860368e-03  1.37034776e-02
 -4.76360414e-03  5.61831594e-02  6.18802831e-02  9.73711722e-03
 -4.95249685e-03  2.69692810e-03 -8.18954967e-03 -7.92641491e-02
  2.80099977e-02  1.99567601e-02  2.44692378e-02 -4.17231806e-02
  1.96886547e-02  3.28595676e-02  1.24069294e-02 -1.35974679e-02
 -1.85198395e-03 -1.29872411e-02 -3.93075012e-02 -4.08960655e-02
 -1.93215962e-02  5.37139084e-03  7.26157725e-02  6.00939477e-03
  2.87397951e-02  2.41314359e-02  1.38864825e-02 -1.45838223e-02
  2.32109278e-02  5.08459881e-02  4.22999635e-02  1.16531271e-02
  9.22940485e-03  4.76442836e-02 -1.16105173e-02 -6.70514479e-02
 -1.13317673e-03 -3.19264196e-02 -4.89066690e-02  4.03680885e-03
  2.14443859e-02  2.09918935e-02  5.75042842e-03  5.46586774e-02
 -3.90240154e-03  5.76389544e-02  5.51779605e-02 -1.82925723e-03
  6.81917742e-02 -2.21149102e-02 -8.86944239e-04 -1.22212572e-02
 -5.48201203e-02  6.60793018e-03 -8.23524408e-03  3.50658339e-03
  1.49458169e-03 -2.79581826e-02 -2.80914158e-02 -8.33121967e-03
 -6.96545541e-02  9.51448157e-02  8.91345963e-02 -1.97483320e-02
 -5.90340905e-02 -5.20614954e-03 -1.13277528e-02 -4.46697325e-03
  2.81687696e-02 -1.16526959e-02  3.47076654e-02  3.55977304e-02
 -1.92692634e-02 -2.14785920e-03  2.69548688e-02  2.31946260e-02
  2.61214580e-02 -2.04174183e-02 -6.25471305e-03  5.99918067e-02
 -7.89660215e-03 -2.14956198e-02 -5.64245470e-02 -7.60811791e-02
 -4.49025305e-03 -4.98206839e-02  2.78633907e-02  3.28203924e-02
  1.27025023e-02 -2.98772790e-02 -3.83027755e-02 -3.19785960e-02
  1.20242219e-02  3.79373841e-02 -5.94734810e-02 -4.18703035e-02
  1.50235919e-02  3.22360583e-02 -4.33754586e-02  4.79082391e-02
  5.38387746e-02 -7.69189000e-02 -2.17963383e-02  2.23976336e-02
 -4.74441145e-03  2.36452706e-02  1.11951120e-02  3.35058719e-02
 -5.66912182e-02 -8.46905541e-03  8.45661736e-04 -7.99818337e-03
 -6.64793327e-03 -1.66345038e-03  1.45524144e-02 -1.62829477e-02
  7.06996247e-02  7.07821269e-03 -1.04511240e-02 -1.15709733e-02
  3.57887032e-03  2.79278457e-02  2.41910685e-02  4.09137132e-03
  8.91002733e-03  7.20739663e-02  6.09266385e-02  9.45643615e-03
 -5.66783175e-02  3.13363634e-02 -1.18494825e-02  4.61388417e-02
 -1.15034217e-02  1.29648233e-02 -2.90153269e-02 -1.90557316e-02
  2.91490834e-02 -5.48761077e-02 -4.54585366e-02 -1.75930317e-02
  3.14371437e-02  3.79489665e-03 -3.99705656e-02 -1.54078649e-02
 -2.21800543e-02 -4.30944040e-02 -3.27716507e-02 -3.32170911e-02
  8.53383262e-03  2.83335871e-03  3.29362485e-03  1.17527144e-02
  8.04864913e-02 -4.44043092e-02  3.77742499e-02 -3.59311290e-02
 -9.85646970e-04  7.05843866e-02  5.28027713e-02 -4.15258296e-02]","[np.float32(-0.01), np.float32(-0.03), np.float32(-0.01), np.float32(-0.01), np.float32(0.1), np.float32(0.05), np.float32(0.02), np.float32(0.03)]"
summary,Notebookcheck reviews the new Lenovo ThinkPad X1 Carbon G9 with the matt FHD panel and the i7 CPU.,322909,Lenovo,Lenovo ThinkPad X1 Carbon G9-20XXS00100,1950.0,USD,322909_summary,98,"[-3.11521254e-02 -6.82374556e-03  4.65564542e-02  1.98377036e-02
  7.31286481e-02  1.54343639e-02 -4.05616239e-02  7.31886178e-02
  2.20486894e-03 -5.91194704e-02 -1.58219244e-02 -1.45529741e-02
 -3.25181661e-03  2.07582265e-02  3.14607620e-02  3.32652181e-02
  5.10788672e-02  5.17646372e-02  3.13450694e-02 -2.33310042e-03
  3.20574082e-02 -4.19281721e-02  3.38407494e-02  5.05779572e-02
 -3.82126234e-02 -4.43652086e-02  3.57565582e-02 -6.88989973e-03
 -3.76784354e-02 -3.80987599e-02  3.22453789e-02  9.96326283e-03
  1.81472041e-02  9.91974585e-03  1.38881784e-02 -1.26538342e-02
 -2.33634710e-02  2.28089858e-02 -8.81530438e-03  9.20677744e-03
 -4.83299792e-02  1.36669921e-02  1.38047589e-02  4.14202288e-02
 -8.87101069e-02  5.04154824e-02 -1.14834961e-02 -1.35285528e-02
 -3.98220457e-02  2.52308026e-02 -2.08546631e-02  3.04958113e-02
  2.22822279e-03 -4.32594493e-02 -2.55695973e-02  2.53539868e-02
  6.57800771e-03 -3.80068831e-02 -1.09889386e-02  1.55128343e-02
  1.67624950e-02  1.91199742e-02 -2.02594753e-02  1.54224848e-02
  1.27242561e-02 -7.35152066e-02  2.02791449e-02  1.82393603e-02
 -6.27438873e-02  2.44034603e-02 -5.10216802e-02  4.66578640e-02
  2.16985098e-03  9.83152539e-03  3.06637101e-02 -3.52995358e-02
  2.25293245e-02  6.04592264e-03  8.39642510e-02  3.22880819e-02
  3.93265709e-02  2.33021919e-02  1.16096600e-03  8.95237252e-02
 -9.21798777e-03  1.93497390e-02  9.36286338e-03 -7.59123936e-02
 -6.02535605e-02  8.16831216e-02 -2.27121729e-03 -4.45187390e-02
  1.38170822e-02  5.30364439e-02  9.45875049e-03 -3.04040927e-02
  2.31582634e-02 -2.54157558e-02  4.95823026e-02 -1.72170456e-02
  7.33445883e-02 -3.44800614e-02 -5.83729111e-02 -2.47666053e-02
 -5.59042245e-02 -1.15937563e-02 -2.05843467e-02 -5.33996783e-02
  6.59851730e-02  2.26249569e-03  2.66783983e-02 -1.19449301e-02
  4.31042584e-03  4.18207794e-02 -3.66341136e-02  4.87326756e-02
 -2.61511635e-02 -3.58503759e-02  1.45175774e-03  4.36210167e-03
  1.15370350e-02  7.90444016e-02 -3.68498191e-02  4.42457795e-02
  2.79178768e-02  7.21228346e-02 -2.30108853e-02  8.51358194e-03
  1.06857168e-02 -6.06434084e-02  7.16403946e-02  2.43227482e-02
  2.34648474e-02 -1.53305067e-03  2.33786236e-02  1.28496950e-02
  3.60681675e-02 -3.73763521e-03  3.55287306e-02  1.58686582e-02
  1.03725521e-02 -5.49036600e-02  3.15582603e-02 -3.89653072e-03
  6.34567486e-03  1.20170498e-02 -2.91026086e-02 -1.91719495e-02
 -2.71964166e-02  6.89964043e-03 -3.51682827e-02  4.80343774e-02
 -2.80099325e-02 -3.11230067e-02  9.10786539e-03  2.01627165e-02
  2.27837777e-03  7.06974603e-03 -5.78727275e-02 -5.58052696e-02
 -2.64734123e-03  6.33122167e-03 -4.26743403e-02  5.73230051e-02
 -1.72905643e-02  6.26465157e-02  1.24074779e-02 -3.42059508e-02
 -3.08184791e-02 -5.96407102e-03 -2.55287364e-02 -3.79210562e-02
  4.69266176e-02 -1.71924476e-02  2.28122752e-02  8.69177654e-02
  4.69749682e-02 -2.02225056e-02 -1.70438449e-04  2.99226400e-02
 -5.00225760e-02  1.25748077e-02  1.14618428e-02  1.35504361e-02
 -8.79790187e-02  3.67524481e-04  4.05258574e-02  1.79799944e-02
 -7.80121163e-02 -2.15806160e-02 -7.37184510e-02 -4.43480834e-02
  4.62042391e-02 -1.12299453e-02  3.05150263e-02 -1.69177484e-02
  4.56079803e-02  5.18717570e-03  5.01102582e-03  4.54027764e-02
 -3.20503265e-02 -2.54979599e-02  4.76191938e-02  1.02425448e-03
 -3.17658521e-02 -2.05914602e-02 -1.69109311e-02 -2.27552536e-03
 -4.29912806e-02  1.26789585e-02  4.51641344e-03  1.71611123e-02
  7.45589584e-02  8.17429423e-02 -2.15263460e-02 -3.27863283e-02
 -1.71640832e-02 -3.14732008e-02 -3.87189835e-02 -7.39665190e-03
  1.36636049e-02  3.05174980e-02 -2.42089890e-02 -2.35211607e-02
 -3.57207060e-02  3.24009247e-02  3.61872092e-02 -2.52508521e-02
 -7.16079073e-03  1.02008246e-02 -2.04015356e-02 -2.07671546e-05
 -5.12807921e-04 -8.08316190e-03  9.82492324e-03 -4.13785614e-02
  3.90033498e-02 -2.37057656e-02  3.46265286e-02 -4.75466810e-02
 -2.16598925e-03  9.27165337e-03  2.20833756e-02  4.23316024e-02
  7.92464707e-04 -2.18348317e-02  4.14491817e-02  3.26002724e-02
 -2.82098167e-02 -2.83654295e-02 -1.46141257e-02  9.75253875e-04
  4.07167189e-02  3.66633572e-03 -4.35099527e-02 -4.98357490e-02
 -5.82047692e-03  9.23964474e-03  1.33499037e-02  6.12996928e-02
  1.26990005e-02 -3.34762200e-03  1.84856039e-02  6.60036430e-02
  2.88826670e-03 -5.88623881e-02 -2.10877489e-02 -2.20214613e-02
  3.94916758e-02  1.80352759e-02  1.13834133e-02 -4.05255295e-02
  2.22463869e-02 -1.56448502e-02  2.56520859e-03 -3.67140546e-02
  1.59342531e-02  4.18392234e-02  9.15920548e-03 -5.44686951e-02
 -2.48618145e-02  6.74540624e-02 -4.71937023e-02 -4.97837290e-02
  3.49536315e-02 -3.50967459e-02  3.64044458e-02 -5.14026321e-02
 -3.83404903e-02  9.63880494e-03  7.41842389e-02  6.19084295e-03
 -2.43903995e-02  2.29855739e-02  3.88811827e-02  9.18926205e-03
  2.79532894e-02  3.98988388e-02 -5.72723486e-02  9.45528783e-03
  3.51325236e-02  1.87862720e-02  2.45373324e-02  3.67823765e-02
  9.11153760e-03 -7.57924020e-02  6.49702772e-02 -7.98142180e-02
 -2.04762369e-01 -2.90280744e-03  3.08514144e-02 -7.18179867e-02
  2.86011938e-02 -2.80149677e-03 -7.58905802e-03  6.91530341e-03
 -1.20619740e-02  1.56342965e-02  3.18983868e-02  1.14600379e-02
 -3.14966030e-03  1.66229922e-02  7.20591703e-03 -2.53304858e-02
 -1.98384635e-02 -2.02524476e-02 -1.74149834e-02 -8.18542577e-03
 -4.98354482e-03 -6.53071553e-02 -1.37293190e-02 -5.48780784e-02
  1.19365668e-02 -1.97679084e-02 -4.63393629e-02 -2.25996524e-02
 -1.16597628e-02  1.76714249e-02 -8.19382817e-03  5.06220944e-02
 -4.09030989e-02 -1.06702102e-02  2.26259176e-02  5.11964113e-02
  6.42074049e-02 -1.99407004e-02  3.14498809e-03  1.58184208e-02
 -8.51706415e-03 -1.08396597e-02 -2.19336562e-02 -2.25581508e-02
  5.33612147e-02  5.21360803e-03 -5.38383611e-02 -2.62592006e-02
  1.75822023e-02  3.50211598e-02 -2.09356770e-02 -2.92384885e-02
 -3.92455235e-02  9.93661303e-03 -3.82280685e-02  8.35920312e-03
 -1.82279665e-02  2.29788441e-02 -4.07936163e-02 -2.17965990e-02
 -4.80876788e-02  1.07563660e-02 -3.47127356e-02 -1.17531894e-02
 -1.01645933e-02 -2.50973720e-02  1.22179305e-02 -2.41897348e-02
  3.22218463e-02  3.92705798e-02 -4.74688783e-03 -1.28004851e-03
  2.21360940e-04 -7.85438791e-02 -1.39603969e-02 -2.03253515e-02
 -6.11616112e-02  2.76877973e-02  1.02082100e-02  5.05349971e-03
 -1.74820144e-02  3.48886149e-03 -1.58361308e-02 -2.49438570e-03
 -2.04546433e-02 -3.62117700e-02 -1.84797607e-02  1.65970325e-02
  4.98785786e-02  4.90487218e-02  5.95563501e-02 -4.02886160e-02
 -2.48899478e-02 -6.01919703e-02 -2.40210723e-03 -2.03111302e-02
 -9.48199071e-03  2.24935543e-03  1.20884422e-02  8.21552332e-03
  1.19461422e-03  1.31538175e-02 -8.83611012e-03  1.79921277e-02
 -6.49479181e-02 -3.17430273e-02  2.36138683e-02 -4.48253378e-03
  3.34404670e-02  1.74989719e-02 -1.22394981e-02 -4.12575826e-02
 -2.77961679e-02 -4.98010255e-02  4.77757268e-02 -4.92665693e-02
  3.36833112e-02  1.35220718e-02 -1.54190771e-02 -3.73190679e-02
 -1.73084810e-02 -5.88452891e-02 -7.62929320e-02  1.79049131e-02
 -8.88200477e-02  4.51222025e-02 -3.67509946e-02  1.51361311e-02
 -2.41469033e-02  4.40335870e-02 -6.17218576e-02  2.47834157e-02
 -1.36749223e-02 -3.13144736e-03  4.84465547e-02 -2.41160206e-02
  4.88481158e-03  2.14741956e-02  2.10004915e-02  5.00644231e-03
 -2.99015213e-02  6.59022480e-02  1.16078295e-02  1.90617330e-03
  4.01144139e-02  2.90048569e-02 -1.76553037e-02 -4.53835391e-02
 -7.77796376e-03  5.11676967e-02  2.64329202e-02 -2.98468284e-02
 -4.41101119e-02 -4.00756076e-02 -5.81257008e-02 -3.14757088e-03
  5.38946427e-02  2.29314547e-02 -3.65423374e-02 -2.21649893e-02
  4.45824154e-02  1.75089668e-02 -3.55430245e-02  1.07069104e-03
  9.78254899e-02  4.10092622e-02 -3.79517600e-02 -3.15108001e-02
 -6.59313519e-03  1.42559083e-02  2.16260459e-03 -2.80210674e-02
 -1.79880280e-02 -7.42040854e-03  3.05552352e-02  7.36320540e-02
  2.80486010e-02 -2.77744490e-03  5.20556532e-02  4.37376574e-02
 -7.93204550e-03 -2.49028690e-02  3.81832123e-02  3.51060443e-02
  1.15668112e-02  6.30880101e-03 -6.48485124e-02  7.02809496e-03
  3.99577618e-02 -6.71045715e-03 -1.94878522e-02 -3.89570836e-03
 -8.99593998e-03  1.82568200e-03 -9.22105275e-03 -1.48233585e-02
  3.38372253e-02 -3.08686420e-02  8.90966877e-03  3.80479119e-04
 -1.72802918e-02  2.11241487e-02  2.01409962e-03  8.40931535e-02
  3.86111140e-02 -8.50281678e-03  1.24376612e-02  2.47199889e-02
  1.91553831e-02  1.55521920e-02 -1.42619899e-02 -4.62650023e-02
  3.52096721e-03 -3.97186615e-02 -4.36633825e-03 -2.11435906e-03
  2.57108193e-02 -6.25868365e-02 -1.04939369e-02  7.76427146e-03
 -2.72101816e-02  4.06273976e-02 -1.25902034e-02 -7.56641701e-02
 -3.97752598e-02  2.24912036e-02  5.89561537e-02 -1.65411569e-02
 -3.06647015e-03 -7.96869025e-02  3.43569741e-02  1.09875919e-02
  5.21987118e-02 -1.39709907e-02  1.25471447e-02  1.78835168e-02
 -2.55563855e-02 -2.61852685e-02  1.82499420e-02 -3.44742183e-03
 -1.93649959e-02 -6.71363100e-02 -2.79197507e-02  1.19265122e-02
 -2.70228833e-02  8.16551074e-02  1.84583869e-02  1.24769630e-02
 -3.61782461e-02  1.59242693e-02 -5.71965277e-02  2.93195341e-02
  1.23687088e-02 -3.00776493e-03 -1.87435281e-03 -6.91295266e-02
 -1.32230707e-02 -3.47269746e-03 -5.38870171e-02 -4.19187360e-02
 -9.46359634e-02  5.76870069e-02  9.40931775e-03  5.09487875e-02
 -1.57531425e-02  2.73749027e-02  9.30661336e-03 -2.62862146e-02
  3.03733610e-02 -3.50070335e-02 -2.18147337e-02 -4.71898504e-02
 -3.96627038e-05  2.19963714e-02  1.71526037e-02 -5.10776788e-02
 -4.60662208e-02 -3.49580348e-02  5.56698479e-02 -3.66657376e-02
  7.11412588e-03  3.53227034e-02  1.97371258e-03 -2.24385913e-02
 -1.07190870e-02 -1.24437427e-02  1.10282749e-02 -1.00894514e-02
 -4.13999259e-02 -2.64475984e-03  2.44102497e-02 -1.98497321e-03
  3.28022465e-02 -1.78493988e-02 -4.21721069e-03 -4.69046943e-02
  3.94598730e-02  3.09062339e-02 -1.47443274e-02  4.52779122e-02
  1.43703921e-02  8.60009864e-02  3.56155299e-02  2.98012309e-02
 -2.69133672e-02  5.72282821e-03 -8.95280670e-03 -4.68530767e-02
 -1.31713049e-02 -1.27594145e-02 -6.74807839e-03 -2.85952967e-02
  4.86945063e-02  2.86590215e-02 -9.62602999e-03 -1.15104038e-02
  1.73252933e-02 -4.82674316e-02 -6.11985885e-02 -3.65444347e-02
 -1.88615248e-02  2.59351432e-02  4.53158244e-02  3.09150461e-02
  3.31668854e-02  1.68723781e-02 -7.23200291e-02  1.21372677e-02
  2.35610772e-02  9.76756662e-02  2.08467394e-02  3.80815156e-02
  6.51598861e-03  7.36374184e-02 -2.73050629e-02 -3.34204994e-02
 -1.42760100e-02  3.73125114e-02 -5.06343879e-02 -5.37558924e-03
  4.07732558e-03  5.15024699e-02  2.39940565e-02  6.81686327e-02
 -3.25511843e-02  5.05788587e-02  2.70410674e-03  3.69297229e-02
  3.44535969e-02  5.97792231e-02 -5.10382839e-03 -1.87124033e-02
 -4.53888923e-02 -2.75751762e-02  3.09008849e-03 -5.70317544e-02
 -9.30128270e-04 -1.17823286e-02 -3.52181643e-02 -1.98518783e-02
 -4.10475209e-02  5.37948199e-02  5.50724156e-02  6.02306426e-03
 -3.03756520e-02 -1.66620854e-02 -1.69935916e-02  4.05869372e-02
  8.03731382e-03 -2.11382546e-02  7.74582103e-03  2.81423461e-02
  4.36765235e-03 -8.79174843e-03 -4.27233241e-02 -3.72417234e-02
  6.48730900e-03 -6.05454715e-03 -1.81058329e-02  4.83712740e-02
 -1.48577038e-02 -4.07194272e-02 -6.84869364e-02 -4.15397324e-02
 -4.04619463e-02 -1.48135526e-02 -7.68007757e-03  5.35458773e-02
  3.19348723e-02 -1.75013524e-02 -1.13835232e-02 -5.27495705e-02
 -3.80526786e-03  2.35645697e-02 -8.06940794e-02 -5.82511127e-02
  2.89004402e-05 -6.64027547e-03 -6.01322465e-02  7.37978518e-02
  2.06318051e-02 -1.93996299e-02 -2.50676833e-02  9.43281874e-03
  6.73667761e-03  7.28741474e-03 -1.27567649e-02  4.59027700e-02
 -1.08717948e-01 -4.01838794e-02 -1.84684439e-04  2.01569051e-02
 -3.44063118e-02  1.46057410e-02 -2.92835031e-02  8.71950015e-03
  4.37160023e-02  6.49097189e-02  1.82384066e-02 -2.57079341e-02
  4.19342294e-02  2.15693023e-02  4.43674289e-02  5.21255191e-03
  1.98255256e-02  6.20903447e-02  3.07148248e-02  4.59632874e-02
  4.26962273e-03  6.36681095e-02 -3.99229489e-02  4.24484350e-02
 -1.93553120e-02 -7.04661664e-03 -1.91685127e-03 -2.32668556e-02
  4.65549305e-02 -2.76717078e-02  5.08255558e-04 -1.95649434e-02
  1.33353723e-02 -1.61936935e-02 -1.87979136e-02 -4.81618568e-02
 -2.52457503e-02 -5.52662723e-02 -1.54936127e-02 -4.87671532e-02
 -2.97208503e-02 -2.42957007e-02  3.55790295e-02  2.33983994e-02
  7.98571929e-02 -7.86026940e-02 -9.25676059e-03 -1.26847681e-02
 -8.44134204e-03  3.36649716e-02  6.49957806e-02 -3.01663037e-02]","[np.float32(-0.03), np.float32(-0.01), np.float32(0.05), np.float32(0.02), np.float32(0.07), np.float32(0.02), np.float32(-0.04), np.float32(0.07)]"
cons,Cons: rattling touchpad | weak display brightness | blue cast ex-works | bad speakers | performance below expectations,416792,Lenovo,Lenovo Ideapad L340 (81LG00TKIN),480.0,USD,416792_cons,118,"[-8.88994616e-03  4.65584733e-03  4.51427214e-02  4.48048562e-02
  5.44503592e-02  3.01550273e-02 -1.56792514e-02  1.74422227e-02
  7.01456622e-04 -5.21074049e-02  2.55481768e-02  1.49726858e-02
 -2.44972222e-02  2.54279841e-02  2.44795289e-02  5.10430783e-02
  7.82220364e-02  6.16973452e-03  3.48610319e-02  3.25311385e-02
  7.97953107e-04  2.46028490e-02  1.53765513e-03  2.17083879e-02
  6.98098866e-03 -9.17108264e-03  2.31816750e-02  4.33021747e-02
 -6.76200241e-02 -2.34586932e-02  3.41309421e-02 -9.32027213e-03
 -2.61978824e-02  1.36384545e-02  3.38149886e-03 -2.21779980e-02
 -2.72959732e-02  2.79690232e-02 -3.06201242e-02 -3.11466865e-03
 -9.60252210e-02 -2.05022711e-02  1.74292941e-02  3.10649052e-02
 -5.14818393e-02  2.10446864e-02 -5.68826273e-02  2.75371168e-02
 -6.86737448e-02  2.33382527e-02 -3.50277796e-02  3.55477594e-02
  4.95208912e-02 -2.08606794e-02  9.89953242e-03 -5.11536375e-02
  7.55576193e-02 -4.46690246e-02  2.37029400e-02  1.46763809e-02
  2.91616889e-03  1.05018700e-02 -1.25029674e-02 -1.91897713e-02
  3.98597382e-02 -6.79098070e-02  4.66238409e-02  4.54674847e-03
 -2.52346285e-02 -1.35475118e-02 -8.13349243e-03 -2.42665932e-02
 -1.32511314e-02 -4.69620377e-02  1.87821575e-02 -4.36309762e-02
  5.87735139e-02  1.97894182e-02  5.51765449e-02  4.96602105e-03
  2.70708371e-02  1.00650825e-02  6.51133731e-02  4.73715812e-02
  9.12461057e-03 -7.08823372e-03  2.40318961e-02  3.10641620e-02
 -4.23226468e-02  1.64122935e-02 -3.11328135e-02 -2.73087770e-02
  5.43842763e-02  4.42864075e-02 -2.82382891e-02 -6.22435436e-02
  1.95877105e-02 -2.88632158e-02  1.92056987e-02 -1.08065978e-02
  3.17467004e-02  1.80669781e-03  1.64985715e-03 -1.24956667e-02
 -6.33060858e-02 -3.11955623e-02 -3.37224379e-02  1.85068399e-02
  1.81847084e-02  4.18784507e-02  2.91174892e-02  2.11726688e-02
  2.57356521e-02  2.26122625e-02 -6.53989241e-02  4.16694675e-03
 -4.72205393e-02 -1.90095138e-02 -3.93813971e-04 -4.64440696e-02
  6.08344115e-02  5.15927896e-02 -2.30914494e-03  8.07144418e-02
  1.21213812e-02  3.87607962e-02 -1.89445652e-02  1.35905603e-02
 -3.49504873e-03  3.86888487e-03  5.74918874e-02  3.53664123e-02
  3.54662947e-02 -1.48970475e-02  1.61618758e-02  3.00331600e-02
  3.18163522e-02 -4.58914647e-03  2.35881540e-03  3.53985839e-02
 -1.01870662e-02 -2.57066395e-02  2.40073819e-03  6.46427600e-03
  3.40080597e-02 -2.27646879e-03 -9.41412337e-03 -1.16391154e-02
  2.46273912e-03 -9.79103893e-03 -4.61895624e-03 -2.95828981e-03
  2.37404660e-04 -5.72181791e-02  3.56558487e-02  4.39048968e-02
  4.51993942e-03 -2.59178709e-02 -1.23020904e-02 -1.40288658e-02
 -9.73288808e-03  1.85601301e-02 -7.81603903e-02 -1.77943055e-02
  1.52376303e-02  5.22538647e-02 -1.11627886e-02 -1.35981292e-02
 -3.27060819e-02  9.09821503e-03 -3.33484001e-02 -4.00593579e-02
  1.13824252e-02 -9.13522393e-03 -5.30896932e-02  4.51172404e-02
  9.48653072e-02  3.55024077e-02 -1.96858440e-02  3.31780128e-02
 -5.29689528e-02  3.79385892e-03 -7.75325159e-03  1.10141877e-02
 -6.38562292e-02  7.14905001e-03  3.37239876e-02 -3.11387982e-02
 -6.06455207e-02 -1.59007218e-02 -8.46398398e-02 -1.03080176e-01
  2.25784238e-02  8.52501765e-03  1.37603302e-02 -3.05978451e-02
 -1.86956171e-02  1.93289313e-02 -1.20089417e-02  5.17457947e-02
  7.40193529e-03  2.69362610e-02  1.81121416e-02 -3.12042348e-02
 -5.87362014e-02 -3.29378061e-02  2.62057018e-02 -1.93193350e-02
  1.59552414e-03  8.44307244e-03 -3.72842178e-02 -4.46337759e-02
  5.72688505e-02  1.30271225e-03  3.58790942e-02 -2.98851058e-02
  1.53263127e-02 -8.18484873e-02 -6.04573488e-02 -3.42417997e-03
 -3.04035340e-02 -6.65511983e-03  1.93211518e-03  3.00954115e-02
 -5.77637367e-02  5.13211749e-02  3.27324234e-02 -2.90387589e-02
  5.33690676e-02  4.64054681e-02 -9.62586049e-03 -1.03687365e-02
 -1.87800825e-02 -2.67254580e-02 -4.73654363e-03  3.61375660e-02
 -2.22514831e-02 -3.32276821e-02 -2.36639194e-03 -3.36194970e-02
 -3.17387432e-02  2.47415509e-02 -2.66499855e-02  7.09687248e-02
  8.47414136e-03 -3.14274430e-02  1.24827074e-02 -3.60482233e-03
 -1.39107350e-02 -3.34511623e-02 -2.33060922e-02  4.51175775e-03
  3.55914868e-02 -1.50342705e-02  1.89886503e-02 -3.36796455e-02
 -3.05590462e-02  7.16508320e-03  1.22460583e-02  6.10797331e-02
 -9.71388258e-03  3.07152793e-02 -8.64298455e-03 -6.88023923e-04
  4.14798036e-02 -6.08832985e-02 -3.34619433e-02  1.84184853e-02
  6.78909663e-03  3.85646448e-02 -5.69800194e-03 -2.21702922e-03
 -1.88197158e-02  1.18079130e-02  2.12761238e-02 -3.30252685e-02
  2.62022112e-02  9.08539258e-03 -2.62372587e-02 -5.13207279e-02
  4.41994742e-02  4.19016816e-02 -3.74143049e-02 -7.44394064e-02
  2.53983331e-03 -3.39373499e-02  2.17785891e-02 -1.50053687e-02
 -4.71357442e-02 -1.19813988e-02 -6.24285219e-03  4.49518077e-02
  1.00505957e-03  3.57400104e-02  6.02092296e-02  6.44689426e-03
  9.57647059e-03  3.06632128e-02  1.09527539e-02 -1.28759602e-02
  9.91708040e-03 -1.54669899e-02 -1.80471412e-04  5.56538440e-02
 -1.99347474e-02 -1.04214244e-01  3.17207016e-02 -7.56954923e-02
 -2.21623734e-01 -1.39274704e-03  3.38169821e-02 -6.52380958e-02
  3.73725109e-02 -4.76363376e-02  2.45383065e-02 -3.66634049e-05
 -5.22948205e-02  5.67465909e-02  3.06078270e-02  5.81609719e-02
 -3.08967363e-02  8.69760849e-03  3.50276157e-02 -2.08371691e-02
  2.27786880e-02 -1.95226111e-02 -9.26545355e-03  2.27488042e-03
  6.89202547e-03 -4.54438850e-02  2.28488967e-02 -6.31264597e-02
  2.94623827e-03  6.61116391e-02  1.65792443e-02  2.18151100e-02
 -6.81666955e-02 -1.15904603e-02  4.93531441e-03 -2.34202594e-02
 -3.92232686e-02  2.61874758e-02  3.04643586e-02  1.22121377e-02
  8.35307315e-03  8.75675771e-03 -7.43901357e-04  1.10126426e-02
 -5.60723292e-03 -1.24839554e-02  4.15637568e-02  2.27731094e-02
  6.14481494e-02  1.16158230e-02 -1.77154392e-02  1.23555232e-02
  9.17460478e-04  6.46206513e-02 -2.71394961e-02 -1.25087239e-02
 -7.42635876e-02  8.24671332e-03  6.98481081e-03  1.63209755e-02
 -2.67096609e-02  2.12283917e-02 -4.75820936e-02 -3.67195494e-02
 -4.53838035e-02 -7.35901855e-03 -4.36466038e-02  2.30451338e-02
  1.75906643e-02 -4.24793065e-02  9.55801830e-03 -5.02500031e-03
  7.71240816e-02  1.84590127e-02 -2.91452091e-02 -2.78713293e-02
  3.65974642e-02 -6.30910471e-02  3.03165652e-02 -7.86317280e-04
 -7.23592862e-02  3.58892381e-02 -8.33480898e-03 -4.17809300e-02
 -1.93654820e-02 -3.08322757e-02  6.76984573e-03 -2.32319292e-02
  6.72728894e-03 -4.28316779e-02 -2.41744984e-02  3.22102755e-02
  1.36363683e-02  2.07800083e-02  6.03511110e-02 -8.08797311e-03
 -4.41490673e-02 -4.28605042e-02  4.19553444e-02  6.99620321e-03
  1.58896763e-02  7.67810037e-03  4.79790522e-03  4.22948897e-02
 -1.40669765e-02 -1.09907212e-02  4.80522551e-02 -1.17431572e-02
 -2.54329443e-02  3.61002572e-02 -6.22616261e-02  2.84991693e-02
  1.87415332e-02 -3.02775707e-02  2.28602402e-02  4.17019241e-03
  8.27441865e-04 -6.61694184e-02  3.51876095e-02 -1.03939623e-02
  2.14669816e-02  5.14021404e-02 -5.77129163e-02 -3.26754935e-02
 -3.07163782e-02  8.19745008e-03 -7.51698241e-02  2.51309704e-02
 -9.15604681e-02  3.06333713e-02 -4.27889600e-02  7.57835573e-03
 -3.34117711e-02 -3.77923436e-02  2.84051187e-02 -8.75159074e-03
  3.43954489e-02  7.98314158e-03  4.27028462e-02  1.93716388e-03
 -1.17776711e-02 -2.25291736e-02 -4.42975946e-03 -1.92761738e-02
 -4.69060950e-02  6.50138967e-03 -2.64448244e-02  1.58141728e-03
  1.17602395e-02  3.11021432e-02 -1.66184828e-02 -4.23094034e-02
  2.91842762e-02  4.28546369e-02  1.66314840e-02 -7.99793676e-02
 -2.44792588e-02 -2.12411918e-02 -7.46996775e-02 -6.45392016e-03
 -4.45780024e-05 -7.45353708e-03  1.65583584e-02 -4.04485054e-02
 -1.13765532e-02  6.25298452e-03 -3.06561273e-02  2.65907589e-02
  6.23140261e-02  1.32828783e-02  3.19793262e-02 -7.42240669e-03
  2.83728503e-02  4.15498614e-02  2.44313874e-03 -2.22596936e-02
 -1.71154737e-02 -1.27135413e-02  1.67465210e-02  4.31451499e-02
  7.34669110e-03  1.00499727e-02  2.34268438e-02  5.03648072e-02
  2.07019262e-02 -7.09459200e-05 -2.62535196e-02  2.82060578e-02
  6.41258061e-02 -5.40287904e-02 -6.16581924e-03 -1.67465564e-02
  3.75743993e-02 -6.85946085e-03 -1.13909021e-02 -4.81421351e-02
  7.06787854e-02  6.21349644e-03 -7.07586035e-02 -8.24526846e-02
  7.31788725e-02  4.87938263e-02 -2.16870047e-02 -4.68530953e-02
  2.65965089e-02 -2.02929843e-02 -4.18675169e-02  1.12849986e-02
  4.43244688e-02 -3.92019525e-02  3.48215401e-02 -9.04317759e-03
 -1.31086865e-02  4.39234786e-02 -3.89843769e-02 -3.91265191e-02
 -2.19909661e-02  2.24007536e-02 -6.04743604e-03 -2.22970471e-02
 -2.70930473e-02 -3.39066871e-02  1.76747460e-02 -3.14336568e-02
 -1.75856017e-02 -4.71633747e-02 -4.44478914e-02 -4.50763963e-02
 -3.39648910e-02  2.87356088e-03 -2.19903588e-02 -2.40945183e-02
  6.99081365e-03 -9.24019516e-02  4.04479466e-02 -5.50476536e-02
  7.96947815e-03  3.89526077e-02 -1.89131740e-02  3.90390158e-02
 -7.17081651e-02 -2.04374809e-02  8.19099229e-03  4.80402783e-02
 -3.53708789e-02 -2.84764022e-02  1.45301009e-02  1.89129300e-02
  6.00953633e-03  4.22128439e-02 -3.47730401e-03 -4.37310115e-02
 -5.66972867e-02  4.00421917e-02  6.55462593e-03  3.27490717e-02
 -6.24530837e-02  2.98291743e-02  6.66901916e-02 -8.99976045e-02
  1.83403536e-04 -4.50185984e-02 -7.45233893e-02  9.06451885e-03
 -2.03488450e-02 -2.98446640e-02  5.99206463e-02 -1.16453285e-03
  1.40767661e-03 -8.41231027e-04  3.23108863e-03 -4.83110286e-02
  3.35072838e-02 -1.09596457e-02 -2.24472191e-02  1.28020477e-02
  5.87821305e-05  2.38077119e-02 -1.27249155e-02 -2.90163923e-02
 -1.72670074e-02  3.32156383e-03  3.86321060e-02 -5.82616683e-03
 -3.60552855e-02 -8.68910551e-03 -1.40263522e-02 -4.23575900e-02
 -1.56031828e-02 -7.26881856e-03  3.38272192e-02 -1.13244914e-02
 -1.11039635e-02  6.42680703e-03  5.73968217e-02  4.56035472e-02
  6.45551980e-02  4.79029901e-02 -5.74335568e-02 -1.60339791e-02
  1.72774307e-02 -2.60949489e-02 -5.51663972e-02  7.10850731e-02
 -2.31682397e-02  5.09837009e-02  5.15973940e-02  2.40161233e-02
  1.33143058e-02  1.95662566e-02  7.28250341e-03 -6.48223683e-02
 -1.19179878e-02 -2.16823705e-02 -2.77473480e-02 -4.28186692e-02
  4.68681939e-02  3.65531631e-02 -2.82400590e-03 -3.78527096e-03
  1.59102380e-02  7.55916908e-03 -6.43134862e-03 -7.95021877e-02
 -1.88053325e-02 -3.62669006e-02  7.07257614e-02  3.98539379e-02
  6.59136241e-03  5.95304035e-02 -5.50509989e-03  2.85045691e-02
  2.83835456e-03  4.47696894e-02  8.04233477e-02  4.55339178e-02
  2.05304585e-02  5.77590242e-02 -4.70111147e-02 -4.80456389e-02
  2.46099401e-02  4.73747402e-02 -3.25611606e-02 -2.93115005e-02
  1.02023361e-02  5.40797934e-02  5.33558615e-02  3.86528522e-02
 -8.26263987e-03  1.35741374e-02  2.91732196e-02  2.18565408e-02
  4.26596263e-03  3.24992873e-02  2.16045231e-02  4.88280468e-02
 -1.78637337e-02  2.18342505e-02  1.85566749e-02 -4.29464579e-02
  3.30430157e-02  4.02169339e-02 -5.74515052e-02  4.18577865e-02
  2.01600208e-03  4.33651879e-02  4.57257144e-02  9.30944178e-03
 -1.39550241e-02 -1.45453261e-02 -1.45796938e-02  3.20309438e-02
  9.17184874e-02 -1.60126481e-02  2.41988315e-03  4.26626727e-02
 -1.32853976e-02 -1.43284854e-02  1.83492508e-02  1.19862324e-02
  3.95628549e-02 -4.76813279e-02 -5.87876886e-03  1.96497478e-02
 -2.16782116e-03 -4.65795808e-02 -6.63754418e-02 -5.09322435e-02
 -1.16241667e-02 -1.56874564e-02 -2.20493823e-02 -4.96533625e-02
 -1.09174401e-02 -4.67736833e-02 -5.44402041e-02 -1.56059824e-02
 -2.70991698e-02  3.68033685e-02 -1.65606067e-02 -3.84971239e-02
 -1.97875220e-02  1.25992615e-02 -3.69690210e-02  1.08412616e-02
  5.42417690e-02 -3.10292542e-02 -3.68045345e-02  5.22215180e-02
  6.03472523e-04  5.12017831e-02 -5.07536530e-02  4.76281159e-02
 -8.88313055e-02  8.41109175e-03 -4.17847186e-03  2.26333421e-02
 -7.27093369e-02  3.12049873e-02  6.30502636e-03  2.77468134e-02
  3.74508463e-02  2.65989676e-02  1.58655383e-02 -2.64630262e-02
  3.29142325e-02 -3.40873301e-02  5.52201346e-02  4.25973274e-02
 -1.73857268e-02  4.85360995e-02  2.18434781e-02  2.20203009e-02
 -2.85508689e-02  2.46146298e-03 -8.87233764e-03  7.19343051e-02
 -1.75967012e-02  1.41831124e-02 -1.66905187e-02 -7.05235675e-02
  1.14591252e-02 -4.90993932e-02  4.33438923e-03 -2.66112499e-02
  3.90456500e-03 -8.93574394e-03  2.74860878e-02  6.15926576e-04
  9.69960168e-03 -6.65529305e-03 -2.93237492e-02 -4.74554636e-02
  8.20142496e-03 -1.22308619e-02 -5.74220940e-02 -1.63272343e-04
  3.84891070e-02  5.13105607e-03  1.56665239e-02  1.19538959e-02
 -2.77666971e-02 -3.79174645e-03  4.69129309e-02  1.71828344e-02]","[np.float32(-0.01), np.float32(0.0), np.float32(0.05), np.float32(0.04), np.float32(0.05), np.float32(0.03), np.float32(-0.02), np.float32(0.02)]"
review_para_7,"Unfortunately, our unit would exhibit refresh rate issues. The screen would occasionally change refresh rates during use even when set to 120 Hz and with dynamic refresh rate disabled. The mouse cursor would noticeably skip frames for seemingly no reason. Performance doesn't appear to be affected, but the user experience becomes jittery and not as smooth as what 120 Hz is capable of. We're unsure if this is a bug with the model or just a specific problem on our test unit.

The display comes pre-calibrated at factory and our independent X-Rite colorimeter can confirm as much with low grayscale and color deltaE values of just 1.5 and 2.47, respectively, against the P3 standard. An end-user calibration is therefore not necessary for most buyers.",349282,Lenovo,Lenovo Yoga Slim 7 15ILL9 Aura,1380.0,USD,349282_review_para_7,752,"[-2.49564555e-03  1.13604069e-02  1.78937372e-02  1.86114293e-02
  4.61596996e-02 -8.88735335e-03 -5.45398751e-03  5.08934036e-02
  2.21608803e-02 -5.07181957e-02  2.70208195e-02  2.48666797e-02
 -5.01879267e-02  5.15406616e-02  1.81030501e-02  6.53667673e-02
  8.04969370e-02  3.25365886e-02 -1.80142652e-03  9.28439479e-03
  3.03301401e-02 -1.75542049e-02  9.29616392e-03  3.67248766e-02
 -8.27794336e-03 -1.64790582e-02  3.06700673e-02  4.99441773e-02
 -4.70009036e-02 -3.88617851e-02  4.80403192e-02 -2.64833998e-02
 -2.56051822e-03  8.79591913e-04  3.19563039e-02  1.92326475e-02
 -5.38643226e-02  5.84366694e-02 -3.12300324e-02 -1.29276961e-02
 -3.46675850e-02 -3.19514647e-02  9.37513541e-03 -2.66933301e-03
 -6.19386844e-02  4.22748318e-03 -5.06427512e-02  1.88806169e-02
 -1.40449582e-02  3.96976769e-02 -4.99616005e-02  3.86814885e-02
  1.71867032e-02  3.56773585e-02  1.92379486e-02  5.07782325e-02
  7.72081036e-03 -1.39334509e-02  5.61289629e-03 -1.44638298e-02
  6.02297895e-02 -1.92320757e-02 -2.31355708e-02 -1.11443764e-02
  2.47561019e-02 -2.16034520e-02  3.56282853e-02  2.88492069e-02
 -1.79548524e-02 -3.22509120e-04  1.98982074e-03  4.79037117e-04
  5.70172723e-03 -1.88783500e-02  7.65267713e-03 -1.83236692e-02
 -3.78786065e-02  2.73538847e-03  3.94587554e-02  3.04271784e-02
  5.14623895e-02  8.82281736e-03  3.85282226e-02  3.17912959e-02
 -1.17255775e-02 -1.45891486e-02  3.02805267e-02 -1.10617075e-02
 -1.73009448e-02  4.17133272e-02 -1.55179091e-02 -5.23808077e-02
  8.00055787e-02  1.48853837e-02 -1.19546801e-02 -1.01070944e-02
  1.44415749e-02 -8.32647365e-03  1.67296715e-02 -5.27936453e-03
 -2.93805660e-03 -2.82611810e-02  1.82237681e-02  5.92233054e-03
 -8.81121457e-02 -5.14338166e-02 -1.97023507e-02 -4.27982211e-02
  1.40923243e-02  3.22917178e-02 -6.76442161e-02  9.30321869e-03
  3.04409731e-02 -5.68449637e-03 -7.54638240e-02  6.88909665e-02
  3.17927054e-03 -2.90078409e-02 -3.29491980e-02 -1.62676331e-02
  6.94767907e-02  4.75269184e-02  1.63165014e-02  6.86086193e-02
  3.70759401e-03  3.38967554e-02  2.09975820e-02  1.75454281e-02
 -2.14133272e-03 -5.33662178e-02  8.26638713e-02  3.94822471e-02
  1.26128383e-02  1.40485633e-02 -7.83180818e-03 -2.51754234e-03
  3.50650921e-02 -3.81851122e-02 -2.71545420e-03  3.74275865e-03
  2.86722220e-02  1.69449653e-02  6.32872200e-03 -4.84497566e-03
 -2.12042755e-03  2.49888711e-02  7.64188403e-03 -2.92327236e-02
  2.69777738e-02 -3.85508426e-02  4.27341238e-02  5.05586192e-02
  4.27232161e-02 -7.12167919e-02  1.44897895e-02  1.31461620e-02
  1.70661963e-03 -5.94754657e-03 -4.94655184e-02 -3.35227908e-03
  6.06214162e-03  1.66091044e-02 -5.48975058e-02  2.04484519e-02
 -2.33833231e-02  4.59560566e-02  3.17482906e-03  4.34502512e-02
 -2.40290165e-02  3.20088528e-02 -1.31796012e-02 -3.00903842e-02
  1.04241390e-02  1.70714427e-02 -1.81607753e-02  8.51958692e-02
  6.93187639e-02  1.65001415e-02 -4.47812416e-02 -2.18327250e-02
 -8.61916393e-02  1.63893197e-02 -8.59587174e-03  9.82845668e-03
 -3.52878608e-02 -3.25405337e-02  8.41778293e-02  2.55316533e-02
 -6.64688051e-02 -1.77256782e-02 -5.58062382e-02 -6.47988683e-03
  2.70593353e-02  3.39216972e-03  5.31382188e-02 -7.93459713e-02
 -2.55510546e-02  3.04759275e-02  5.44813536e-02  6.35506138e-02
  3.46879363e-02 -2.26336624e-02  4.19312268e-02 -5.58271371e-02
 -6.26245961e-02 -4.95723262e-02  1.78941786e-02 -3.62584628e-02
 -3.29006091e-02  1.14979865e-02  5.30290371e-03 -3.96520784e-03
  4.65477668e-02  6.80784807e-02 -1.23871583e-02  1.37348752e-02
  1.43829482e-02 -8.06258321e-02 -1.46753592e-02 -2.20532976e-02
  1.60327647e-03  8.94688442e-03 -3.60463094e-03  1.38444956e-02
 -7.50957280e-02  7.16785192e-02  5.92616610e-02 -3.93071771e-02
 -1.81926508e-02 -4.50322824e-03 -7.64648318e-02 -1.36845373e-02
  1.23853600e-02 -2.47509945e-02 -3.52310725e-02 -2.41280515e-02
  2.12154671e-04 -2.21480001e-02  4.25225310e-02 -2.36533079e-02
  3.55054880e-03  6.16515242e-02  7.23450165e-03  2.62836348e-02
 -1.83043610e-02  2.18393886e-03  4.15935405e-02  3.07774879e-02
 -2.68385243e-02 -4.72991308e-03 -3.46320979e-02  3.13605033e-02
  1.54059399e-02 -1.22749759e-02  5.10909362e-04 -4.43000980e-02
  8.53623729e-03 -1.23721482e-02  3.39362845e-02  5.65457754e-02
  5.84524386e-02  3.45215388e-02  2.77233701e-02  2.20810268e-02
 -5.49942441e-03 -9.55006406e-02 -5.37573248e-02  1.11197131e-02
 -3.40663977e-02  1.73389576e-02  2.32107602e-02  5.18305413e-03
 -6.54159719e-03 -1.51607264e-02  3.04857921e-02 -5.23847304e-02
  1.62984617e-03  6.83215866e-03 -1.96403190e-02 -6.67974772e-03
  6.15136884e-02  1.99461561e-02 -3.12261935e-03 -3.97069864e-02
 -2.72249058e-02 -6.14804635e-03 -2.50688847e-02 -2.79740132e-02
 -2.75700893e-02  1.28749269e-03  1.16290404e-02  1.02466093e-02
 -1.08473990e-02  3.62458155e-02  5.77504970e-02  1.39210373e-02
  4.26943600e-02  1.70667470e-02  1.01650516e-02  1.95975229e-02
 -5.60456596e-04 -2.76194178e-02  6.67040646e-02  4.71126381e-03
 -2.42506918e-02 -5.44844270e-02 -2.44019157e-03 -6.23464249e-02
 -2.49684289e-01  2.91475859e-02  5.13901236e-03 -4.09514643e-02
  1.58361141e-02 -2.17119139e-03  1.45826852e-02  2.90822070e-02
 -3.97862978e-02  7.38265514e-02  5.29991835e-02 -4.39401745e-04
 -1.23705696e-02  3.06187831e-02  7.51786574e-04 -9.71920416e-03
  5.07666059e-02 -2.41702870e-02  9.00809001e-03  5.29311374e-02
 -7.18141557e-04 -6.17539398e-02 -3.11238598e-03  7.88921211e-03
 -1.75136346e-02  3.48794870e-02 -1.30929882e-02  1.33028030e-02
 -5.14319204e-02 -1.88424736e-02 -4.09182627e-03 -2.80581247e-02
 -6.00407505e-03  1.57120656e-02  2.15252731e-02 -1.88824907e-02
  1.57776717e-02  1.52152893e-03  8.03913549e-03  2.54294947e-02
 -1.84954200e-02 -4.11596149e-03 -9.89206508e-03  2.11459883e-02
  2.79619824e-02 -1.02816761e-04 -4.64696884e-02  4.05479483e-02
  2.10387744e-02  5.49128018e-02 -2.81015150e-02 -1.50474207e-02
 -3.93498465e-02 -1.54842122e-03 -7.54637718e-02  1.50557305e-03
  9.98190884e-03  5.67892939e-02 -3.85900401e-02 -1.25799635e-02
 -3.76784988e-02 -1.78995319e-02 -7.14984015e-02 -2.20833509e-03
 -1.72593426e-02 -3.75714861e-02 -2.94702835e-02 -2.56214608e-02
  7.72234946e-02  1.94045324e-02 -4.78496216e-03 -1.16693564e-02
  8.17397330e-03 -8.25086981e-02  2.55955942e-02 -3.09655797e-02
 -2.27112267e-02  1.68018695e-02 -4.05164212e-02  4.27068695e-02
 -8.22277460e-03 -1.87953748e-02  5.21504618e-02  8.21257662e-03
 -3.69337164e-02 -2.65999082e-02 -2.68265046e-02  4.20706756e-02
  9.00635775e-03 -4.88640275e-04  8.46439302e-02 -6.00773282e-02
 -1.63661838e-02 -3.46693322e-02  3.09014600e-02 -4.09355387e-02
  3.72170284e-02 -5.96860331e-03  3.02864872e-02 -1.63571984e-02
  7.89745897e-03 -6.28593266e-02  4.13326919e-02 -2.98443567e-02
 -1.29113132e-02 -4.28758282e-03 -5.19472323e-02  1.06682936e-02
  1.00143319e-02 -1.84823237e-02 -1.36143500e-02 -1.17324656e-02
 -1.44460788e-02 -1.22894570e-02  6.33107051e-02 -3.53155322e-02
  4.16525863e-02  1.01395156e-02 -3.26818265e-02 -3.49873900e-02
 -3.39008681e-02  2.82455552e-02 -6.06803782e-02 -2.45504640e-02
 -7.96301514e-02  7.59202475e-03 -2.69641876e-02  3.03982571e-02
 -1.95022095e-02 -2.07174439e-02  2.77626934e-03  1.19447261e-02
  4.71064635e-02  6.03241250e-02  3.19249928e-02 -3.23073417e-02
 -9.43834800e-03 -4.73575870e-04  5.90781979e-02  2.88776252e-02
 -4.24311943e-02  5.78107722e-02  1.19484495e-02  3.56811248e-02
  3.35025042e-02  1.00729540e-02  6.21667430e-02 -1.19885318e-02
 -3.47742885e-02 -2.12613083e-02  5.37609421e-02 -9.43066925e-02
 -3.22581492e-02 -1.89028066e-02 -7.12445006e-02  4.58103418e-03
  3.00716609e-02  1.39532723e-02  1.88741218e-02 -4.80746366e-02
  3.43809687e-02 -2.04354455e-03 -3.18942741e-02  9.37544159e-04
  3.13642882e-02  5.15215136e-02  3.84339876e-02  3.31337005e-03
 -2.40336340e-02  9.43229906e-03 -1.48275094e-02 -1.01266224e-02
 -3.05862259e-03  8.75734165e-03  1.43607212e-02  2.20522359e-02
  7.17759505e-03 -2.47688256e-02  2.16750684e-03  1.38266571e-02
  4.11555693e-02  1.85001343e-02 -2.73602009e-02  4.35962267e-02
  1.04236174e-02 -9.13093165e-02 -4.73142834e-03 -2.40800902e-02
  2.88483035e-02 -2.96613295e-02  4.02898015e-03 -1.57496948e-02
  1.15901763e-02  7.40431598e-04 -6.88545182e-02 -3.36016864e-02
  2.77517289e-02  6.21889159e-02 -3.12334578e-03 -7.02110119e-03
 -3.21574770e-02  3.58080082e-02 -3.63101140e-02  8.96843895e-03
  4.66552190e-02 -2.47086752e-02  1.21221766e-02  2.39932258e-02
 -3.39217372e-02 -4.82269702e-03 -4.59330715e-02 -3.20627578e-02
 -1.34813627e-02 -3.52548845e-02 -1.07327998e-02  3.21572646e-02
 -5.57088554e-02 -4.79666106e-02  1.94428535e-03 -1.21296737e-02
 -2.47926470e-02 -2.87172105e-02 -1.37373209e-02 -1.48293432e-02
  2.29789899e-03 -6.89366250e-04  4.27535325e-02  3.36329043e-02
  3.97942364e-02 -6.46607131e-02  1.45893637e-02 -1.16829155e-02
  1.66178308e-02  6.32601231e-02 -6.09089155e-03  2.79418752e-03
 -4.55688722e-02  2.29363590e-02 -2.12302897e-03  3.16823646e-02
 -7.83629250e-03 -1.43526625e-02 -4.71919077e-03  2.82906741e-02
  3.42777446e-02  2.74935141e-02 -2.38507781e-02 -7.79762045e-02
 -4.47467081e-02  7.33250678e-02 -6.31204993e-03 -8.04359152e-04
  2.62276968e-03  1.52655514e-02  1.49745289e-02 -1.01890229e-01
 -9.41849034e-03 -1.41461845e-03 -5.36267683e-02  3.63404900e-02
 -5.02101742e-02  9.59018432e-03 -9.55374632e-03  2.69868355e-02
  1.53002851e-02  4.23119515e-02 -1.31279854e-02 -5.33376187e-02
  1.38342027e-02 -3.14639993e-02  2.43308507e-02 -5.33801652e-02
  3.98040796e-03  4.18787971e-02  5.29759526e-02 -4.88060666e-03
 -1.13502508e-02 -8.46189540e-03  4.06143405e-02 -4.74549569e-02
 -4.75331247e-02  1.55476416e-02  2.13290285e-02 -5.03057018e-02
  4.45874990e-04 -3.32513638e-02  5.84993185e-03  4.13550902e-03
 -5.65808415e-02 -1.35256844e-02  4.33334410e-02  5.64490408e-02
  3.03428248e-02 -2.25043260e-02 -5.30860461e-02  1.97524447e-02
  3.99768092e-02  1.02978637e-02 -4.56505157e-02 -9.07283928e-03
 -2.68497318e-02  9.57436264e-02  8.63982365e-02  3.47783975e-02
 -6.68408722e-03 -2.26720911e-03  1.66251771e-02 -4.57184240e-02
 -1.10944202e-02  3.53627279e-02 -3.67940813e-02 -6.93940744e-02
  7.41671817e-03  7.29972776e-03 -3.05851158e-02 -1.57082900e-02
  1.24736177e-02  2.01279391e-02 -1.26147754e-02 -3.90394665e-02
  2.04025302e-02  7.49282120e-03  5.61300330e-02  1.04328590e-02
  1.47059336e-02  5.70487715e-02  5.21437675e-02  3.26514840e-02
  7.08464533e-02  7.13334009e-02  5.21826074e-02  3.05515379e-02
  8.09427234e-04  4.31285538e-02 -1.46753388e-02 -4.66607064e-02
 -1.50015736e-02 -1.63198542e-02 -9.80867445e-03 -3.63644748e-03
 -8.50087963e-04  3.29902247e-02  5.41561767e-02  3.57432514e-02
  2.08450705e-02 -3.68384086e-03 -1.13630602e-02 -4.20530401e-02
 -1.12430817e-02  4.03748490e-02  2.42090281e-02 -3.55725959e-02
 -2.50289850e-02  4.49670944e-03 -1.84212718e-02 -2.56505478e-02
  5.13014616e-03 -3.12276334e-02  8.95551685e-03  3.84087525e-02
  3.95658979e-04 -4.73142192e-02  5.35970740e-02 -3.87471095e-02
 -4.36054990e-02  1.81226749e-02  5.24081988e-03  3.14474665e-03
  3.88890132e-02 -2.45889020e-03  3.72956158e-03 -1.69802029e-02
 -4.99382708e-03  2.45408751e-02  3.60376090e-02 -2.90345270e-02
  1.79432239e-02 -2.46847570e-02 -3.24722356e-03  6.26781285e-02
  1.47228017e-02 -4.93613705e-02 -8.01995844e-02 -7.01664984e-02
 -2.69557405e-02 -2.95024319e-03 -1.88804325e-02 -1.19249076e-02
 -3.63219269e-02 -4.02078480e-02 -7.11324438e-02 -5.64009175e-02
 -4.08929177e-02 -4.49377447e-02 -5.53134158e-02 -5.85421808e-02
  3.96402031e-02 -4.83467989e-03 -2.95044594e-02  4.13102321e-02
  5.23191653e-02 -3.87999676e-02  2.08320934e-02  4.35258076e-03
 -4.75844514e-04  6.50222898e-02 -2.40910687e-02  3.98275489e-03
 -8.35168511e-02 -2.41872668e-03  3.57571170e-02  3.23261670e-03
 -4.88221645e-02  4.59194519e-02 -5.64743578e-02 -3.18619981e-02
  3.51853780e-02  9.71974619e-03  1.26646925e-02 -1.08911823e-02
 -6.39970787e-03 -5.71359470e-02  6.11739717e-02  4.65904549e-02
 -2.02717613e-02  1.62648428e-02  1.90682113e-02 -1.22949183e-02
 -4.84540779e-03  1.88069437e-02 -5.93682230e-02 -1.19531888e-03
  8.74519162e-03 -3.86503302e-02 -4.32024077e-02 -7.95963481e-02
  2.22444702e-02 -3.63557450e-02  2.00049803e-02 -3.88255268e-02
 -9.58120171e-03  1.44792842e-02  2.01092660e-02 -4.17371728e-02
  1.07972147e-02 -3.31502482e-02 -3.55611965e-02 -2.59866938e-02
 -1.38984732e-02 -1.51874842e-02 -3.96889374e-02 -2.43447069e-02
  2.08152346e-02 -5.47709242e-02  3.44276167e-02  1.31618148e-02
 -1.58054102e-02  1.08783254e-02  6.78419247e-02 -1.12121776e-02]","[np.float32(-0.0), np.float32(0.01), np.float32(0.02), np.float32(0.02), np.float32(0.05), np.float32(-0.01), np.float32(-0.01), np.float32(0.05)]"
review_para_7,"The Asus gaming laptop is able to render every current game smoothly with Full HD and high to maximum quality settings. Resolutions beyond Full HD are possible only for older games or games that do not have very high hardware requirements - for example “ FIFA 19 ”.

The graphics drivers supplied are unsatisfactory. Current Nvidia drivers cannot be installed. It seems that only driver versions that have been customized by Asus can be used. At the date of the review, the most current driver (version 399.24) on the Asus website was dated September 2018. The game “ Battlefield V ” refused to start because of the outdated graphics driver.",415107,Asus,Asus TUF Gaming F17 FX766LI-HX185T,710.0,USD,415107_review_para_7,641,"[-2.31106859e-02 -1.49721745e-02  2.88412366e-02 -1.86453145e-02
  2.96572074e-02 -3.49273835e-03  2.92007881e-03  7.14125037e-02
  2.01720204e-02 -7.16174766e-02 -1.94895864e-02  2.38918811e-02
 -5.75003736e-02  8.21149424e-02  1.45908315e-02  7.01725185e-02
 -1.01924548e-02  4.89289537e-02 -2.22082473e-02 -9.48360097e-03
  8.11331067e-03 -1.31100770e-02  1.14931166e-02  5.02935387e-02
 -8.36654846e-03 -1.36221871e-02  2.90098060e-02  1.42342681e-02
 -4.03186381e-02 -4.74528074e-02  1.66508947e-02 -7.82589708e-03
 -6.94873696e-03 -2.44668964e-02  2.76188646e-02 -4.39463705e-02
 -6.67491183e-02  6.84150755e-02 -2.20287759e-02 -3.94938476e-02
 -1.24010136e-02 -4.64846566e-02 -1.62420087e-02  2.86544580e-02
 -4.41916510e-02  4.78705503e-02  4.73503098e-02  9.36419051e-03
 -1.43900914e-02 -2.43020505e-02 -1.01394672e-02  5.17802089e-02
  1.10093290e-02  2.28059106e-02  5.69738150e-02  1.73684545e-02
  3.45630795e-02 -2.01291814e-02 -1.22452769e-02 -6.74663559e-02
  5.85192628e-02 -1.55677469e-02 -4.05696146e-02 -1.49061810e-02
 -9.76773445e-05 -2.10319366e-02  3.18138599e-02  1.21200653e-02
 -1.00526279e-02 -4.02279347e-02 -3.08074094e-02 -5.38930437e-03
  2.44552502e-03 -6.32991344e-02  2.37914291e-03 -1.78279467e-02
 -2.69635040e-02  2.50639953e-02  6.57514036e-02  1.17475390e-02
  4.04192284e-02 -2.71424260e-02  3.77611518e-02  3.75472084e-02
 -5.03535755e-02 -3.30979284e-03  1.76820196e-02 -1.88086201e-02
 -1.31997177e-02  5.39586805e-02 -2.42971983e-02 -4.42950837e-02
  4.91882637e-02 -1.41030876e-02 -2.53057890e-02 -4.67709787e-02
 -1.67960243e-03 -5.00159757e-03  3.11161787e-03  6.12585014e-03
  3.07341330e-02 -1.71512477e-02  9.33422148e-03 -3.60440351e-02
 -5.53805344e-02 -3.52013204e-03  4.32215305e-03 -1.77189671e-02
 -7.36132730e-04 -1.04401466e-02  2.00805925e-02 -9.63999133e-04
 -1.71550531e-02 -1.11405710e-02 -6.21432289e-02  8.41344893e-02
  3.00719682e-02  1.52711542e-02  4.06036712e-02  2.13041194e-02
  2.29948927e-02  5.28127626e-02 -1.75423156e-02  8.04212093e-02
  3.61775942e-02  7.00612366e-02  2.66063791e-02  2.22353395e-02
 -5.64528629e-02 -4.57200669e-02  8.85790661e-02  4.18837145e-02
 -5.30315861e-02  6.58710524e-02  3.27914022e-02  9.38013289e-03
 -2.22871378e-02 -5.44540696e-02  1.94287933e-02 -1.49173592e-03
 -4.92778271e-02 -1.85012911e-02 -1.71817990e-03 -1.65157253e-03
  4.31952029e-02 -9.78930108e-03  1.42618613e-02 -6.69328570e-02
  4.24472569e-03 -7.20038498e-03  3.16462405e-02  1.46354986e-02
 -1.10713392e-02 -4.12897430e-02  4.38418314e-02  2.85805538e-02
 -8.70521739e-03  3.90665568e-02 -8.15220997e-02  1.45580955e-02
  2.27496531e-02  1.94952134e-02  2.40292177e-02  4.17076657e-03
 -1.42239872e-02  2.00842153e-02  3.07069048e-02  3.45829315e-02
 -1.91579051e-02  9.53829195e-03 -8.39195177e-02 -4.81077917e-02
  6.78767450e-03 -1.66394804e-02 -1.12596815e-02  8.61062035e-02
  5.58219589e-02  1.98232383e-03  2.20142510e-02  3.08958180e-02
 -5.59068732e-02  3.28202844e-02  3.82561306e-03  1.40051376e-02
 -6.51043057e-02 -4.04682085e-02  8.63303542e-02  2.48893601e-04
 -3.26421335e-02  1.16115632e-02 -6.45191371e-02 -2.60714386e-02
  4.79172170e-02  3.32657881e-02  3.90251540e-02 -2.09179074e-02
 -3.00339386e-02  1.28433912e-03  8.24495312e-03  3.34001295e-02
  1.23842554e-02 -2.45585274e-02  4.19390686e-02 -6.89049810e-02
 -8.97190571e-02  1.13922982e-02  4.75686677e-02 -5.51714040e-02
 -4.36376445e-02  1.64393280e-02  1.08872419e-02 -3.62962037e-02
  1.33972066e-02  6.50330335e-02  4.36794050e-02  3.44729424e-02
  3.19134891e-02 -8.11860617e-03  2.47711432e-03 -2.34011319e-02
  3.46862935e-02  8.03564955e-03 -2.12958604e-02 -6.70608738e-03
 -3.09212436e-03  6.05333485e-02  6.72838418e-03 -4.25415300e-02
 -4.25890237e-02 -2.36845985e-02 -9.89575312e-03  2.68248357e-02
  1.69096496e-02 -1.99255794e-02 -2.59497333e-02 -4.13806811e-02
  5.25801117e-03 -1.71117466e-02  2.56027337e-02 -1.40996156e-02
 -2.94262934e-02  5.05955815e-02  4.00489829e-02  1.52791273e-02
 -2.25356175e-03 -1.05284965e-02  2.26787794e-02 -1.66734657e-03
 -6.16076915e-03 -7.72557035e-03 -8.51313211e-03  9.94748436e-03
  1.60129368e-02  3.92095931e-02 -2.59085204e-02  1.22274347e-02
 -3.24114636e-02  4.22614366e-02  4.89787497e-02  1.03257308e-02
 -2.45738123e-02 -3.10555007e-02 -1.01243453e-02  7.79075921e-03
 -5.31794950e-02 -7.78976679e-02 -3.31386179e-02  2.41641626e-02
 -3.25901173e-02  1.55351534e-02  3.47093903e-02 -4.16531321e-03
  1.62621457e-02 -2.44245641e-02 -6.15493581e-02 -2.86988765e-02
  9.21562407e-03  5.19914217e-02  2.65462287e-02 -6.95516467e-02
  4.01700512e-02  9.15568620e-02 -4.52983491e-02 -2.60033254e-02
 -4.14624810e-02 -1.94446780e-02  4.96967463e-04 -3.45977396e-02
 -2.68339496e-02 -1.61587168e-02  2.01117340e-02  7.70430341e-02
  7.15737650e-03 -2.66383111e-04  5.37601262e-02  1.09937200e-02
  1.59265064e-02  2.28766655e-03  1.39869256e-02  1.66117661e-02
  9.63276427e-04  5.12636974e-02  1.31198699e-02 -1.99340545e-02
 -3.76074039e-03 -6.52479306e-02  2.00390313e-02 -5.52495420e-02
 -2.14885607e-01 -2.56817192e-02 -1.31672705e-02 -7.21484274e-02
  6.97806031e-02 -3.75017116e-04 -3.01971901e-02 -6.43261429e-03
 -3.93069796e-02  4.21955995e-02  2.76999846e-02 -1.27950415e-03
  2.33383868e-02  2.11899802e-02  1.16153946e-02  3.00976578e-02
  6.65715486e-02 -5.54226153e-02  9.14069731e-03 -7.93652516e-03
  5.81967132e-03 -6.75309598e-02 -2.74391882e-02 -7.81219359e-03
 -4.77307625e-02  3.08641605e-02  2.91253440e-04 -6.48319349e-02
 -4.51614112e-02 -1.60014303e-03  1.40626058e-02 -8.92343465e-03
 -3.55479307e-02  6.04785681e-02 -1.57528501e-02 -3.54696549e-02
  1.61665492e-02 -4.06360924e-02 -4.20130003e-04 -8.22514936e-04
 -1.38379987e-02 -1.23016005e-02 -2.57747099e-02  1.25805649e-03
  4.69323397e-02 -1.50787355e-02 -7.75074661e-02  2.01667454e-02
  2.40874216e-02  5.01902960e-02  6.01566676e-03 -1.37867797e-02
 -4.35183458e-02  3.15520875e-02 -5.51337488e-02  2.22747233e-02
  1.31215462e-02  4.16010357e-02 -4.05579582e-02  1.82997324e-02
 -4.79384363e-02 -3.43254916e-02 -5.82925119e-02 -1.41972089e-02
 -2.18637511e-02 -4.77305334e-03  4.24938463e-02 -5.02479151e-02
  3.80706266e-02  5.77704124e-02 -5.37560694e-03 -1.04732281e-02
  1.95440557e-02 -4.86451536e-02  5.73164131e-03 -3.09320595e-02
 -2.98878010e-02  7.02546835e-02 -2.30170880e-02  2.92290580e-02
  7.53110927e-03 -1.09940991e-02 -7.97726307e-03  4.51424811e-03
 -1.93501636e-02 -2.02575028e-02  5.63304201e-02  2.00644471e-02
  5.45105040e-02  4.24814411e-03  9.10939053e-02 -4.85350005e-02
  2.37565413e-02 -1.94363259e-02  1.42773176e-02  1.97785702e-02
  2.89217494e-02  1.15915819e-03  1.91874225e-02 -9.23703716e-04
  4.00116555e-02 -6.94495067e-02  2.33126655e-02 -3.03089526e-03
 -2.13062372e-02  5.55662857e-03  7.05034286e-02 -4.46119979e-02
  2.23288648e-02  4.16881479e-02  1.05924299e-02 -3.65848541e-02
  1.14508262e-02 -1.85044743e-02  3.60715538e-02 -1.84522551e-02
  8.93936455e-02  4.32229526e-02 -3.10891978e-02 -1.15804113e-02
 -9.35872458e-03 -1.88209899e-02 -3.37950103e-02 -4.43914942e-02
 -3.32736149e-02  4.64353226e-02 -1.15177995e-02  4.79021445e-02
  9.46613029e-04 -1.68825276e-02 -3.41901779e-02  3.91812027e-02
  3.07661071e-02  4.96100113e-02  4.56968322e-02 -1.77879278e-02
  3.28955823e-03 -4.93309088e-02  1.11752376e-02  1.17361797e-02
 -9.20287333e-03  7.61410629e-04 -2.57635862e-02 -1.92043446e-02
 -3.11870303e-04 -9.26293526e-03  5.56313694e-02  2.54013799e-02
  2.23800656e-03  4.70372662e-02  5.70582375e-02 -3.91504206e-02
 -1.51034510e-02 -1.81356855e-02 -2.46740431e-02  3.02062519e-02
  4.51055244e-02  4.59349481e-03 -2.30617989e-02 -4.50881384e-02
  3.48686948e-02 -3.56830284e-02 -8.00169185e-02  6.47080615e-02
 -2.25302521e-02  6.76387399e-02  2.43637525e-02 -5.54394275e-02
  3.91683169e-03  3.76923457e-02  2.84029990e-02 -3.28394547e-02
 -2.46728677e-02 -6.53058058e-04 -9.42258537e-03  3.99285033e-02
  3.03385835e-02  2.18086913e-02  4.77415174e-02 -2.33159326e-02
  1.69514734e-02  5.25870696e-02  1.63634829e-02 -3.64928246e-02
  9.77264065e-03 -6.60752365e-03  1.09212277e-02  1.50527461e-02
  2.61152331e-02 -1.65152587e-02 -8.76451563e-03  6.29545981e-03
  1.87915619e-02 -1.34658515e-02  6.06647041e-03 -8.73830728e-03
  2.08563022e-02 -2.21255608e-02 -1.62470452e-02 -5.76263815e-02
 -8.63586459e-03  1.06631592e-02 -6.51611537e-02 -9.07462370e-03
  1.91250015e-02 -2.92036999e-02  2.06247754e-02  5.76956104e-03
 -1.96203869e-02  4.64518741e-02 -6.76296046e-03 -3.22537646e-02
 -9.15911142e-03 -1.33278659e-02 -1.08140483e-02 -1.39935510e-02
  2.55651921e-02 -5.88649586e-02 -2.86409520e-02  1.34154540e-02
 -2.40771137e-02 -3.32351029e-03 -1.73130408e-02 -2.65294109e-02
 -5.11851609e-02 -6.44752709e-03  3.70378532e-02 -3.18389796e-02
  5.02712801e-02 -2.68785506e-02  3.57305855e-02 -4.62272204e-02
 -6.46811258e-03  2.65211742e-02  6.90306444e-03  7.94760287e-02
 -1.86724383e-02  3.65237929e-02 -1.83691159e-02  2.05290522e-02
 -1.71279628e-03 -2.43768897e-02 -3.55374850e-02 -1.62303504e-02
  2.04712786e-02  1.16499339e-03 -7.06839859e-02 -2.14518178e-02
 -3.41132134e-02  5.27344383e-02 -4.70303223e-02 -6.70342613e-03
  1.59151647e-02  1.56524386e-02  2.93306522e-02 -6.96092471e-02
 -2.79126083e-03  2.32037902e-02 -7.58481696e-02 -2.38007624e-02
 -2.20354646e-02 -2.50432063e-02 -5.44623695e-02  4.11224961e-02
  1.28887473e-02 -5.43901399e-02  8.49242434e-02 -2.97736675e-02
  6.75100759e-02 -1.83043424e-02  1.42298965e-02 -2.26285066e-02
  3.33329365e-02  3.22678760e-02 -1.47311809e-03 -7.13903783e-03
  3.07872202e-02 -1.94049894e-03  9.17689279e-02 -3.85653265e-02
 -4.50795069e-02  6.53398503e-03  2.18762420e-02 -7.08977506e-02
  2.98562478e-02 -1.68528175e-03  6.63420036e-02  1.90548003e-02
  3.28138965e-04 -3.13855782e-02  1.06021697e-02  2.34057885e-02
  3.14835496e-02 -1.19947912e-02 -5.13270684e-02 -1.90889649e-02
  5.81408329e-02  9.05148278e-04  1.45472828e-02 -3.96479331e-02
 -2.42289975e-02  1.29862785e-01  2.09203567e-02  4.28218581e-02
 -5.99747477e-03  1.05967186e-02  2.03696471e-02 -4.23673354e-02
  2.47918051e-02 -2.05005258e-02 -4.04342078e-02 -4.69536185e-02
  3.37658301e-02  5.16512357e-02 -3.93763296e-02  4.26975871e-03
  3.84938195e-02  6.48332643e-04 -3.41116600e-02 -2.42817011e-02
  9.03567765e-04  8.77761841e-03  5.58992065e-02  5.28107770e-03
  4.04893383e-02  4.06055115e-02  3.10963038e-02 -1.83433481e-02
  1.67507213e-02  9.67720989e-03  2.72023045e-02 -3.86917628e-02
  4.97746244e-02  5.06640598e-02 -5.38199618e-02 -4.17458937e-02
  1.84591077e-02 -2.32364051e-02 -2.29573622e-02 -2.52938340e-03
  6.38641324e-03  1.62570868e-02  1.66568793e-02  6.59265593e-02
 -7.77324662e-03  1.40109397e-02  3.82273197e-02 -3.04512214e-02
 -8.56036227e-03  4.23180647e-02 -6.74470980e-03 -1.51097719e-02
  1.65743381e-02 -2.03522202e-03 -8.29371158e-03 -1.61064733e-02
  1.75798498e-02 -9.86988656e-03  2.41888333e-02  3.57715157e-03
 -1.90991051e-02  3.66206877e-02  6.58286959e-02 -7.65730860e-03
 -1.42760267e-02 -3.35681578e-03  1.61891792e-03  3.64699005e-03
 -1.81111600e-02 -1.96194705e-02 -2.45155338e-02 -8.94291699e-03
 -3.35283428e-02  1.11375861e-02 -1.96162947e-02 -2.16732565e-02
  1.78778917e-02 -1.57781001e-02 -6.04393370e-02  3.27869356e-02
 -5.09199090e-02 -6.06034771e-02 -2.54690349e-02 -8.12850147e-02
 -1.80175323e-02 -5.34553416e-02 -3.82814296e-02 -1.81675125e-02
 -1.93043295e-02 -6.18717372e-02 -2.52009761e-02 -6.67817250e-04
 -3.62763777e-02 -3.29072052e-03 -2.49640290e-02 -9.16201174e-02
  3.18650678e-02 -9.55659244e-03 -1.84714254e-02  1.87186785e-02
  6.50222972e-02 -7.96351675e-03 -3.60977389e-02 -1.35344639e-02
 -8.15338269e-03 -7.50018563e-03 -2.01032218e-02  2.29129996e-02
 -8.53302032e-02  1.47314684e-04  6.98180422e-02 -4.61757416e-03
 -3.77476700e-02  2.77670426e-03 -6.24307878e-02 -4.86367829e-02
  4.96981740e-02  7.06092687e-03  2.82459259e-02  1.54741565e-02
 -1.59206260e-02 -2.79767346e-02  2.98034158e-02  3.89424525e-02
  2.13679462e-03  6.09704033e-02  7.52058551e-02  1.59816612e-02
 -1.12298336e-02  3.47640738e-02 -2.41990909e-02  3.17003839e-02
  6.36414951e-03  1.81879047e-02 -6.39702305e-02 -8.45576972e-02
  3.53388935e-02 -3.02269571e-02  1.67942978e-02 -1.81109533e-02
 -5.81851788e-03  5.69772488e-03 -2.42329147e-02 -1.76874036e-03
  1.26345141e-03 -4.49281447e-02 -3.66880819e-02 -2.24028379e-02
 -4.06299047e-02  5.39761893e-02 -2.23381426e-02 -2.78999768e-02
  3.20132636e-02 -2.58075539e-02  7.03836558e-03 -3.26909386e-02
 -5.37532456e-02 -4.39549051e-02  1.30643109e-02  5.54878404e-03]","[np.float32(-0.02), np.float32(-0.01), np.float32(0.03), np.float32(-0.02), np.float32(0.03), np.float32(-0.0), np.float32(0.0), np.float32(0.07)]"
review_para_3,"The color reproduction out of the box isn't convincing. With a DeltaE-2000 color deviation of 10.1, the target value (DeltaE smaller than 3) is far away. In addition, the display suffers from a visible blue tint. An improvement can be achieved through calibration. In this way, the color deviation drops to a value of 4.38, and the blue tint disappears.

Through the color profile that we have provided, the display's color reproduction can be improved by matching it to our calibration. It's important to make sure that the same display model (manufacturer + model number) as in our review device is built in. Otherwise, the color reproduction can become worse instead of being improved. It's common for laptops of the same model series to use displays from different manufacturers.",417634,Acer,Acer Aspire Vero AV14-52P (NX.KJSSI.002),510.0,USD,417634_review_para_3,783,"[ 3.88211384e-02  1.39364460e-02 -4.29303497e-02  3.32138352e-02
  7.56988153e-02  2.76929531e-02  4.07401519e-03  2.97578685e-02
 -1.81913637e-02 -9.58400816e-02  2.47177109e-02  1.76841374e-02
 -4.51855846e-02  9.37645063e-02 -1.09555470e-02  6.20582923e-02
  6.79463968e-02  3.14321071e-02  3.69106000e-03  2.70038359e-02
 -4.13662978e-02 -1.15363663e-02 -1.71303507e-02  1.66107174e-02
 -1.81288384e-02 -4.37396951e-02  1.08418493e-02  1.26731871e-02
 -4.10479531e-02 -2.24479064e-02  1.41967312e-02 -2.42584106e-02
  4.84979944e-03  1.38598389e-03  3.30974674e-03 -2.23687831e-02
 -8.86759385e-02  8.33114143e-03 -1.75130498e-02 -3.18507524e-03
 -3.28225195e-02 -4.63890061e-02 -2.18408573e-02  1.59363821e-02
 -4.22129072e-02  1.70031935e-03 -1.30386855e-02  6.45160023e-03
 -5.69860078e-03  4.91920933e-02 -3.36887985e-02  6.93583712e-02
  9.99730639e-03  1.31574171e-02  1.11767221e-02  5.99691384e-02
  7.90407509e-02 -2.25746795e-03 -1.90415028e-02 -4.52023745e-02
  4.72573526e-02 -1.88022815e-02 -4.56571439e-03  3.33257928e-03
  1.37129929e-02 -2.19519474e-02  1.10807531e-02  1.89280640e-02
 -2.34027468e-02 -3.28640603e-02  1.45807979e-03 -2.74344091e-03
  3.56419347e-02 -5.25965169e-02 -2.43463237e-02  1.36223156e-02
 -4.15965915e-02 -3.50747779e-02  5.83978221e-02 -3.97726707e-02
  2.15901434e-02 -1.52738579e-02  2.83948649e-02  2.98561640e-02
 -1.00913327e-02  8.58593325e-04  8.24998040e-03 -1.95700657e-02
 -5.57006011e-03  4.32012379e-02 -4.22358960e-02 -5.01441360e-02
  7.22080618e-02  5.34697510e-02 -3.64728644e-02 -2.63286214e-02
  6.69283718e-02 -2.31333114e-02  3.01702060e-02  8.85784626e-03
 -7.57378573e-03 -5.66248968e-02 -8.62810947e-03  1.61923748e-02
 -7.49494880e-02 -3.23590077e-02 -5.23478538e-02 -2.21940372e-02
  2.31797677e-02  2.97377873e-02 -4.42114621e-02  2.86544114e-02
 -2.70853341e-02  3.34466994e-02 -5.40428124e-02  3.65252085e-02
 -2.38521993e-02 -1.16295265e-02 -1.52782770e-02 -4.78677778e-03
  1.36433169e-02  3.64477187e-02 -6.50111027e-03  8.28853846e-02
 -7.28302961e-03  8.35876092e-02  7.98864104e-03  2.06183698e-02
 -6.15379773e-02 -4.16195579e-02  5.87008297e-02  2.32363362e-02
 -1.21311340e-02  4.84674424e-03 -1.15385428e-02 -1.27690751e-02
  2.92858053e-02  1.08104618e-02  4.66110511e-03  3.61006265e-03
  1.01183075e-02 -6.18682150e-03  1.09995175e-02 -9.55432653e-03
  8.02700967e-03  1.13533689e-02 -2.35880274e-04 -2.86476258e-02
  1.77121516e-02  8.12623091e-03  5.55331632e-02  1.43396324e-02
  1.27314702e-02 -5.51981293e-02 -1.18799601e-02  4.10554707e-02
 -3.37856188e-02  2.20846403e-02 -3.18899639e-02 -7.06836162e-03
  9.70647763e-03  2.49152929e-02  1.67139266e-02  3.38031426e-02
  1.91090778e-02  6.72401935e-02  3.19657614e-04  2.74827145e-02
 -3.16626988e-02  1.11108758e-02 -3.86461057e-02 -2.57502869e-02
  5.52327372e-03  4.78876848e-03 -2.05640309e-02  9.48757008e-02
  7.09497035e-02  3.03649977e-02 -4.62166928e-02  2.60110572e-02
 -6.75900355e-02  1.22113740e-02  6.77118218e-03  3.61485546e-03
 -3.05252373e-02 -2.11334899e-02  8.26129243e-02  4.31354949e-03
 -2.21268181e-02  1.28793053e-03 -6.68679476e-02 -4.36947048e-02
  4.75568920e-02 -2.60292534e-02  3.69151309e-02 -4.87769879e-02
 -3.59387621e-02 -3.04368678e-02  5.24838734e-03  3.41646485e-02
  5.19094877e-02 -1.93723962e-02  3.55605744e-02 -4.56830002e-02
 -4.00138311e-02 -9.50029027e-03  4.57559191e-02 -1.45470919e-02
 -3.24317515e-02  3.54143754e-02 -9.81263816e-03 -2.69507263e-02
  2.55966745e-03  4.12625037e-02  4.51809242e-02  2.76477281e-02
  9.72186588e-03 -7.93393776e-02 -8.14279262e-03 -1.89068485e-02
 -1.51348836e-03  2.97691487e-02  2.06499151e-03  1.54464645e-02
 -1.32329436e-03  7.13728741e-02  7.62790516e-02 -4.84558083e-02
  1.06624393e-02  1.87636111e-02 -5.17622009e-02  3.06515638e-02
  3.34258601e-02  1.43841691e-02 -1.58834793e-02 -4.76373173e-02
 -3.65601815e-02 -6.93747262e-03  7.37723485e-02 -5.38406856e-02
  8.16469174e-03  1.10894497e-02 -4.85596852e-03  3.74882743e-02
  2.77722273e-02 -6.88227592e-03  6.11172691e-02 -9.04806145e-03
 -2.56732479e-02 -4.37321328e-02 -3.33786793e-02  3.23047265e-02
  3.54705751e-02 -3.39634195e-02 -9.47367772e-03 -1.90673973e-02
 -1.24325941e-03 -1.07153654e-02  3.22503597e-02  5.64390719e-02
  1.18981395e-02  1.90394931e-02  3.18027893e-03  1.06871419e-03
 -2.02945974e-02 -7.81230405e-02 -6.22218214e-02  2.71272510e-02
 -8.61470681e-03  1.47737367e-02  9.83927492e-03  2.25065202e-02
 -3.51039856e-03 -1.41295362e-02 -1.60796139e-02 -3.45209576e-02
  1.90358050e-02  1.02113206e-02 -8.37778207e-03 -1.71439406e-02
  3.20686698e-02  6.70795590e-02 -2.47726366e-02 -7.01123253e-02
 -1.06232250e-02 -2.44389940e-03  3.62449232e-03 -2.98371017e-02
 -2.85498109e-02  6.08368311e-03 -1.24266546e-03  2.61907559e-02
 -1.47402026e-02  2.97031160e-02  7.02455342e-02  3.13244089e-02
  1.85549799e-02  2.11126171e-02  8.35116766e-03  4.26170826e-02
  2.18002051e-02 -8.33633635e-03  7.22358227e-02  3.09938285e-02
 -1.77877990e-03 -8.07629973e-02  6.94031864e-02 -4.67603542e-02
 -2.32391670e-01  2.71136742e-02  3.04416548e-02 -7.14471843e-03
  2.06263401e-02 -2.80527957e-02  4.02715523e-03 -1.28557635e-02
 -1.25564840e-02  7.18630403e-02  1.52226528e-02  6.28780713e-03
 -5.20877056e-02  6.13418557e-02 -9.49037820e-03  1.28809526e-03
  4.07236069e-02 -1.56401619e-02  1.03101693e-02  4.07590866e-02
 -1.55556938e-02 -4.34902310e-02 -3.53654884e-02 -3.52519006e-03
 -1.12408968e-02  3.56262997e-02 -5.25447652e-02 -1.83460470e-02
 -6.88311085e-02  1.14471542e-04 -1.99033916e-02 -2.92071626e-02
 -3.57303806e-02 -3.73497256e-03  2.96794139e-02 -1.96137223e-02
 -4.08757627e-02 -5.26650585e-02 -1.97091457e-02  6.16492033e-02
 -1.37110315e-02 -4.38736955e-04 -1.06191635e-02  3.60144340e-02
  2.69958377e-02 -1.39101269e-02 -6.74505159e-02  6.93910709e-03
  2.55968291e-02  8.59031156e-02 -3.54089811e-02  4.63920506e-03
 -3.10128778e-02  3.25280316e-02 -5.08087613e-02  5.83119951e-02
 -1.50309354e-02  2.84164324e-02 -1.41397752e-02 -3.94107448e-03
 -2.22638473e-02 -4.02109437e-02 -5.95617145e-02 -7.73143070e-03
  8.82761274e-03 -4.39291298e-02 -3.53790820e-02 -3.93959582e-02
  9.39861313e-03  2.99477912e-02 -2.04400495e-02 -1.89453624e-02
  1.66925285e-02 -7.56429136e-02  4.20074500e-02 -3.57439667e-02
  9.67064314e-03  5.95997786e-03 -1.04424227e-02  3.32979076e-02
 -1.72199719e-02 -2.37077642e-02  4.17634621e-02  1.21264486e-02
 -8.58695246e-03 -1.48542868e-02  3.50105553e-03  1.97997019e-02
  2.20618825e-02 -1.04450318e-03  7.77848065e-02 -1.92174502e-02
 -7.77970767e-03 -3.38749774e-02  2.69186664e-02  4.26506847e-02
  5.36024868e-02  2.98934802e-02  2.35817153e-02 -2.58408058e-02
  4.47075302e-03 -5.88599667e-02  6.46109181e-03 -2.81502884e-02
 -5.07467650e-02  1.59038194e-02  1.25950389e-02 -1.46472948e-02
 -2.65387502e-02 -3.87694165e-02 -1.71915032e-02 -1.20756030e-02
 -3.59077659e-03  1.45636341e-02  3.66932601e-02  2.51611695e-03
  3.47688794e-02  4.99502085e-02 -2.97580082e-02 -3.61652598e-02
  3.63444872e-02  1.72889866e-02 -5.72905689e-02 -1.84208211e-02
 -5.97088262e-02  1.77042838e-02 -1.88163016e-02  5.06486222e-02
 -9.04440880e-04  1.30443703e-04  1.51270386e-02  2.23726071e-02
  2.26042699e-02  2.72016451e-02  5.75388409e-02  1.80208106e-02
 -1.37291281e-02  1.20588811e-02  5.15156835e-02  2.09586620e-02
 -3.49472277e-02  1.97687969e-02  2.44274791e-02 -1.65945163e-03
  7.33442046e-03 -1.95625164e-02  6.17501847e-02 -3.00157536e-02
  2.90004932e-03  2.69622263e-02  5.71229681e-02 -5.44495359e-02
 -1.52302766e-02 -2.13552713e-02 -8.44574124e-02  1.55252661e-03
  4.78378199e-02 -2.77949758e-02 -1.85305495e-02 -2.47247387e-02
  4.00882773e-02  3.72544713e-02 -6.39939606e-02  7.76071474e-03
  1.25110066e-02  2.74008326e-02  2.48943316e-03 -1.11007737e-02
  1.38768824e-02  2.35559866e-02 -9.06091556e-03 -7.20115751e-02
 -3.24572274e-03  2.18866253e-03  3.00011155e-03  4.51894887e-02
  2.63401847e-02  1.29152024e-02 -1.86727606e-02 -1.18755708e-02
  2.53235325e-02  4.59575094e-02 -5.77679835e-02  1.93892177e-02
  4.89021279e-03 -3.39755788e-02  4.82306175e-04  9.86013934e-03
  3.38430740e-02 -4.67325337e-02 -3.72754931e-02 -2.37055458e-02
  9.95773356e-03  6.79378025e-03 -1.43721746e-02 -7.21735507e-02
 -1.06630791e-02  2.85829082e-02  6.20898441e-04 -2.56114788e-02
 -1.06089907e-02  7.03054667e-02 -1.99711509e-02 -2.75476705e-02
  2.49057333e-03 -5.99159189e-02  5.39035127e-02  2.56490838e-02
 -6.56127706e-02  2.54642335e-03 -3.18698362e-02 -5.25495559e-02
 -8.70686918e-02 -1.89617816e-02  8.36780109e-03  3.28217335e-02
 -1.20807923e-02 -3.85537557e-02  1.11538125e-03 -1.73845533e-02
  1.24074542e-03 -3.39700617e-02 -1.00403484e-02 -1.50541645e-02
 -8.09992477e-03 -2.06615534e-02 -1.36765335e-02  3.90186496e-02
  2.47678179e-02 -2.04466898e-02  3.46242748e-02 -4.73896042e-02
 -1.08710723e-02  5.51406853e-02  1.88283867e-03  4.42403182e-02
 -2.27625296e-02  2.44774502e-02 -7.98954815e-03  1.19917998e-02
 -2.06478667e-02 -2.26512831e-02 -3.04307006e-02  1.15964403e-02
  2.79390924e-02  1.35056702e-02 -4.43762876e-02 -3.49610820e-02
 -7.88200721e-02  6.72967285e-02  2.58159498e-03 -5.21172136e-02
 -6.19586781e-02  1.68797094e-02  3.86927389e-02 -7.58545399e-02
 -1.86530314e-02 -3.23095471e-02 -5.46137951e-02  9.11494065e-03
 -7.60596711e-03  5.88918943e-03 -1.42984716e-02  4.51162364e-03
  9.50659998e-03  1.20860627e-02  3.62903276e-03 -2.56721880e-02
  1.44552300e-02 -4.24191281e-02  4.52576652e-02 -3.60128023e-02
  9.04006418e-03  2.58007795e-02  2.67212614e-02 -7.88324233e-03
  1.84154622e-02 -1.06733954e-02  4.25104573e-02 -6.25054166e-02
 -3.96436639e-02  2.43262853e-02  3.67332175e-02  2.12529767e-03
  8.03441368e-03 -2.56517809e-03  1.52860135e-02 -1.01914424e-02
 -3.59685123e-02 -3.90901119e-02  4.66077477e-02  4.04355228e-02
 -9.14331293e-04 -7.67921051e-03 -1.05953785e-02  1.01978648e-02
  3.55599336e-02  2.23060735e-02 -2.61756759e-02 -1.61766410e-02
  1.65882148e-02  1.20140433e-01  2.31310911e-02  2.63558957e-03
 -3.53933312e-03  3.77465189e-02  1.12330504e-02 -3.37342918e-02
 -8.44452623e-03  1.59641318e-02  2.02206941e-03 -5.25067374e-02
  2.38308292e-02  1.47578856e-02 -4.43656743e-02 -2.17980836e-02
  1.76598635e-02  1.23593630e-02 -1.00737419e-02 -4.06157672e-02
 -1.18563324e-02  1.47724962e-02  4.35122326e-02  2.34244205e-02
  3.79256830e-02  4.90010865e-02  1.76562939e-03  6.30750284e-02
  7.07578212e-02  6.65048212e-02  8.05734545e-02  5.69007695e-02
  3.89864817e-02  2.26852000e-02 -5.45989983e-02 -3.20318118e-02
 -7.02819927e-03 -2.13566758e-02 -6.56487793e-02 -2.58601531e-02
 -2.91620009e-02  3.29608507e-02  6.89760745e-02  4.19611819e-02
 -8.17011751e-04  3.00571248e-02 -1.94590352e-02 -2.50805281e-02
 -3.69270816e-02 -1.85637902e-02 -1.81728285e-02 -3.69602554e-02
 -2.24968456e-02  1.70187801e-02 -1.09100726e-03 -9.79490578e-03
  1.43546201e-02 -6.34837747e-02  2.46256813e-02  1.54248094e-02
 -7.00182864e-04 -1.52081577e-02  3.41168679e-02 -2.12695338e-02
 -7.90206119e-02  1.26821380e-02 -1.80185679e-02  9.59867984e-03
  3.03100087e-02  4.02491353e-03  7.47890817e-03 -7.37079140e-03
  1.62938926e-02  2.45128814e-02  1.96722094e-02  1.48368524e-02
  1.55244451e-02 -1.03214039e-02 -1.08461427e-02  7.99611509e-02
 -3.53308860e-03 -6.63035810e-02 -6.70523420e-02 -4.37931530e-02
 -1.96106732e-02 -8.77808779e-03 -6.20535668e-03 -4.45978455e-02
 -4.60910760e-02 -2.40417849e-02 -3.09044700e-02 -3.47507261e-02
 -6.17949441e-02  1.81045122e-02 -6.53797761e-02 -6.53380752e-02
  7.88047910e-02  1.70289911e-02 -7.15840608e-02  3.65064368e-02
  6.11862317e-02 -6.28971457e-02 -1.57169327e-02 -2.70092767e-03
  8.92929442e-04  4.07249331e-02 -2.58466247e-02  4.01285440e-02
 -6.95454925e-02 -2.50170287e-02  3.97583656e-02  2.93129939e-04
 -6.44021556e-02  6.41987920e-02 -6.15992956e-03 -1.74154080e-02
  8.36411398e-03  2.76466757e-02  1.20447008e-02  2.00284980e-02
 -1.80830397e-02 -2.90241651e-02  5.46523295e-02  6.75123334e-02
  4.57822159e-03  7.43434876e-02 -7.57739926e-03  3.13664526e-02
 -1.82853565e-02  4.47885767e-02 -6.88518584e-02  1.50052449e-02
 -2.11368240e-02 -9.54422913e-03 -7.91678727e-02 -8.21074471e-02
  1.60972327e-02 -1.30560081e-02 -9.32301674e-03 -2.33695041e-02
 -2.03552786e-02 -1.27731655e-02  2.68902034e-02  1.23062916e-02
 -5.44213457e-03 -4.64419611e-02 -4.64684032e-02 -4.05254848e-02
 -7.24647194e-03 -3.87295266e-03 -1.83437243e-02  1.17694996e-02
 -5.74209727e-04 -1.73677448e-02  5.56572936e-02 -2.83094384e-02
  1.16462512e-02 -4.18753037e-03  7.25669861e-02 -1.14523647e-02]","[np.float32(0.04), np.float32(0.01), np.float32(-0.04), np.float32(0.03), np.float32(0.08), np.float32(0.03), np.float32(0.0), np.float32(0.03)]"
review_para_14,"The Lenovo ThinkPad X1 Extreme is an expensive laptop. Today's review unit represents the base model of the X1 Extreme and includes the Core i5-8300H , 8 GB of DDR4-2666 RAM (one of two slots free, max. 64 GB), a 256 GB SSD, the FHD screen and the Nvidia GeForce GTX 1050 Ti Max-Q . It costs roughly 2,100 Euros (~$2,400) including VAT here in Germany. Such a model is not available in the US, since Lenovo does not offer the Core i5-8300H there at the moment, only the Core i5-8400H . The base model in the USA with the Core i5-8400H (model number 20MF000HUS ) has a list price of $1,919, although a similar model might be available for less if configured on in Lenovo's webshop – prices there fluctuate a lot, so potential buyers should look out for special discounts.",418072,Lenovo,Lenovo LOQ Gen 9 (83DX0006IN),900.0,USD,418072_review_para_14,770,"[-2.98529267e-02 -2.94622518e-02 -5.78708621e-03  8.90121050e-03
  7.77383670e-02  1.04904119e-02 -2.11193543e-02  6.40272200e-02
  2.55176108e-02 -4.95429076e-02 -4.21794504e-02 -4.06050123e-02
 -5.69869578e-03  2.20488589e-02  3.32728885e-02  2.36891378e-02
  4.32014391e-02  1.70399174e-02  5.88955171e-03  9.18327365e-03
  5.58161400e-02 -1.78619437e-02  6.35818671e-03  1.41754607e-02
 -2.00393852e-02 -1.82059314e-02  1.22412303e-02 -1.04658306e-02
 -2.78909504e-02 -4.15212587e-02  3.33960243e-02 -1.81038473e-02
  1.58261433e-02  3.05657014e-02  9.23888478e-03 -2.13937890e-02
 -4.08970527e-02  1.40145784e-02 -2.97311991e-02 -3.85232903e-02
 -5.37433811e-02 -2.19853781e-02 -7.17752241e-03  4.65888418e-02
 -8.78404528e-02 -1.97129920e-02 -6.10971041e-02 -3.54706892e-03
 -7.89052993e-02  5.12194075e-02 -5.71422204e-02  4.28414531e-02
 -1.96632161e-03 -3.23598906e-02  1.18251480e-02  2.87009925e-02
 -7.61490664e-04 -4.54061478e-02 -2.49673799e-02 -8.07850529e-03
  5.88706248e-02  1.10715283e-02  3.26946527e-02  2.72147823e-02
  3.50809954e-02 -8.36241990e-02  5.91513254e-02  2.22282787e-03
 -7.18566999e-02 -6.45373762e-02 -1.59257594e-02  1.84198972e-02
 -4.53302870e-04 -2.08434332e-02 -2.09275540e-02 -6.05801195e-02
  1.44455675e-02 -1.85387116e-02  5.95951788e-02  2.24436279e-02
  2.69659739e-02 -1.88691309e-03  1.40437363e-02  3.05915773e-02
  1.37364035e-02 -1.67377258e-03 -2.12555118e-02 -4.43110578e-02
 -5.84811531e-02  4.32778150e-02  9.28379968e-03 -2.10627858e-02
  2.39224061e-02  3.94278653e-02 -1.52870947e-02  9.34678037e-03
  2.77439635e-02 -1.37615046e-02  3.67336757e-02  4.53967340e-02
  1.83488503e-02 -3.62351164e-02 -6.64116675e-03 -2.05345228e-02
 -4.09286357e-02  1.58681478e-02 -1.64191762e-04 -3.57479937e-02
  7.84136802e-02 -6.10370934e-03 -1.80356633e-02  6.35619089e-03
 -2.78823189e-02  3.64903696e-02 -5.64977229e-02  4.03036885e-02
  8.48115794e-03  9.58608277e-03 -1.67644043e-02 -1.41994786e-02
  2.97672246e-02  1.53037207e-02 -2.62842383e-02  2.71133669e-02
  4.62629944e-02  1.32129425e-02 -2.66925357e-02  5.02468757e-02
 -2.79284567e-02 -8.91277865e-02  5.60829304e-02  6.82934746e-02
  3.31859291e-02  2.73627155e-02  1.22785429e-02  3.34057324e-02
  9.94771067e-03 -1.11468015e-02  4.36893143e-02 -8.54766741e-03
  3.49295028e-02 -2.68378835e-02 -1.27122752e-04 -1.69522185e-02
  8.15781392e-03  3.13550681e-02 -2.49559581e-02 -2.33969241e-02
 -3.18538956e-03 -4.64510024e-02 -2.15949807e-02  9.82805621e-03
 -1.09730605e-02 -2.84702890e-02  2.10881308e-02  4.01825383e-02
  3.13662514e-02 -3.29610780e-02 -4.91060019e-02 -8.10923520e-03
  1.67635251e-02  2.99640931e-02 -6.67494982e-02  5.18836826e-02
 -2.01737434e-02  7.23972395e-02  7.11799180e-03  1.11810397e-02
 -3.75099555e-02 -2.80037858e-02 -1.55429691e-02 -2.24900637e-02
  7.05509037e-02  6.11540116e-03 -8.85296986e-03  6.19172528e-02
  5.06856479e-02  1.56125342e-02  2.50212010e-02  3.18337642e-02
 -6.33595288e-02  1.48362084e-03  4.37353663e-02  3.06921620e-02
 -6.49100617e-02 -1.65784489e-02  7.66288862e-02 -2.97643826e-04
 -4.00823615e-02 -1.94120593e-02 -5.49331158e-02 -1.76249053e-02
  2.62986664e-02 -2.22604759e-02  6.50281608e-02 -6.53049722e-02
  3.29272747e-02 -6.27758913e-03  3.14887404e-03  4.93125319e-02
 -1.78392809e-02 -6.79975050e-03  6.13259859e-02 -1.78969540e-02
 -5.75560518e-02 -2.40811799e-02  2.71150898e-02 -5.15260175e-02
  1.61598232e-02 -1.24767339e-02  2.88527720e-02  8.61189142e-03
  5.15965410e-02  5.56503050e-02 -3.62260677e-02 -4.68907580e-02
  7.20234169e-03 -5.42326048e-02  2.16449890e-02  2.78549897e-03
  1.19055565e-02  1.23754293e-02 -2.56337989e-02 -3.47354859e-02
 -6.64227605e-02  4.00372967e-02 -8.47239222e-04 -7.03284442e-02
  2.48455070e-02  1.34119007e-03 -9.73267201e-03 -2.83054952e-02
  6.63256645e-03  8.77067447e-03  1.70603096e-02  1.14057427e-02
  1.72663294e-02 -3.13821696e-02  4.64707650e-02 -5.96859865e-02
  1.41456921e-03  6.41233772e-02  1.93337388e-02  3.69776040e-02
  2.73334770e-03 -3.81816179e-02  5.11302240e-02  1.69366226e-02
 -4.35693599e-02 -2.84382906e-02 -3.42458002e-02 -5.45643503e-03
  2.84198206e-02  2.08268710e-03 -2.19494645e-02 -5.05075790e-02
  1.62228011e-02  4.24129330e-02  1.84706450e-02  1.13276709e-02
 -9.31421015e-03  3.00977919e-02  3.18206139e-02  7.31835291e-02
  9.13994387e-03 -9.44925845e-02 -4.48050648e-02 -2.10413933e-02
 -5.14762150e-03 -2.79053603e-03  3.87089886e-02 -3.10440231e-02
  3.33599336e-02  2.07907073e-02 -8.93936493e-03 -3.08970716e-02
  9.26434621e-03  1.97257865e-02 -1.12885870e-02 -3.10118292e-02
  1.20567838e-02  8.39672610e-02  2.15804931e-02 -6.20040409e-02
  2.36444399e-02 -4.41735387e-02  2.53376421e-02 -4.16346565e-02
 -1.13133779e-02 -4.02159095e-02  1.03854626e-01  6.59136288e-03
 -1.11963358e-02  8.70088860e-03  3.24279182e-02  2.85524745e-02
  1.62501186e-02  4.97373603e-02 -3.07536926e-02  4.51760069e-02
 -2.10243519e-02  3.24841030e-02  3.34561011e-03  2.05575787e-02
  4.69240025e-02 -3.22065949e-02  2.85141971e-02 -4.05343845e-02
 -1.86125264e-01  5.72802778e-03 -2.11707409e-03 -6.41957298e-02
  3.15115750e-02  1.44847538e-02 -4.83165719e-02 -3.34772989e-02
 -1.58471819e-02 -1.25657218e-02  1.08991442e-02 -1.22071244e-03
 -1.64753012e-03  2.85531934e-02  2.00407058e-02  3.21650319e-02
  3.52210179e-02  2.00778469e-02 -4.08866853e-02 -1.59789249e-02
  1.98451150e-03 -7.06561878e-02 -4.32770588e-02 -3.38392891e-03
  3.25580649e-02  3.12417224e-02 -1.48657830e-02 -3.54006588e-02
 -4.25820313e-02  2.09515132e-02 -1.31061869e-02 -3.04303356e-02
  2.39567389e-03 -9.58610419e-03  1.32315769e-03 -1.28442596e-03
  1.18737919e-02 -3.78066748e-02  2.92695742e-02  2.31043678e-02
 -6.37739105e-03 -1.95567384e-02  2.53536366e-02 -3.37989838e-03
  3.94404400e-03 -1.99264400e-02 -4.02438901e-02  3.88257089e-03
  3.35964970e-02  5.11550084e-02 -2.16410588e-02 -2.40300838e-02
 -4.02274802e-02  2.01399196e-02 -9.15190976e-05  2.34809872e-02
  9.94284172e-03  3.57652642e-02 -2.93231066e-02  5.04084304e-02
 -6.44965768e-02 -4.37957654e-03 -8.08870271e-02 -5.82933538e-02
 -3.52171175e-02 -1.43209379e-02 -4.47625713e-03 -2.93362085e-02
  3.87556329e-02  5.94766401e-02 -3.02487127e-02 -4.67953086e-02
  6.09825552e-03 -9.53076854e-02 -9.52696428e-03  1.26012648e-02
 -3.66482399e-02  6.72006756e-02 -1.70581751e-02  4.54529375e-02
 -3.03036086e-02 -4.17299680e-02 -1.66246016e-02 -1.45281116e-02
 -1.90829933e-02 -7.07730800e-02 -4.41458672e-02  3.23849660e-03
  4.43171635e-02  4.83225193e-03  4.26879004e-02 -2.33292510e-03
  4.76396410e-03 -6.60440996e-02 -3.08964029e-02 -1.60856475e-03
 -1.28790587e-02  5.34111029e-03  2.76715495e-03 -2.20942171e-03
 -1.02787036e-02 -5.56279672e-03 -4.38638218e-03 -4.75752838e-02
 -6.67963475e-02  1.26737421e-02  2.19124276e-02  1.49193965e-02
  6.49869367e-02  2.08063796e-02  4.97601880e-03 -5.09304814e-02
 -1.02286153e-02 -3.11324932e-02  2.38927249e-02 -3.76112573e-02
  1.78458206e-02  4.89775427e-02  1.59597781e-03 -5.53450249e-02
 -2.40481868e-02 -3.02684382e-02 -6.86974898e-02 -7.99958184e-02
 -5.81944548e-02  4.64191400e-02 -3.38154547e-02  4.50484501e-03
 -2.11232565e-02  2.88821980e-02 -3.14538479e-02  1.47173377e-02
  1.22433749e-03  1.68109254e-03  1.65275410e-02 -9.41412058e-03
  7.40781659e-03  8.22286215e-03  1.26030603e-02 -1.27973445e-02
 -3.04276813e-02  4.36227880e-02  2.75224540e-02  1.69781316e-02
  9.00417939e-03  4.14399393e-02 -1.87006965e-02 -2.66415272e-02
  8.75891466e-03  1.24874311e-02  1.81156043e-02 -4.56131622e-02
  2.37961132e-02 -3.37610245e-02 -8.40105787e-02  1.29434057e-02
  6.16758242e-02 -2.09337361e-02 -7.75211602e-02 -4.89694960e-02
 -1.96406106e-03 -1.59529783e-02 -4.94201966e-02  3.89646888e-02
  5.09204082e-02  5.60369566e-02 -1.21568714e-03 -8.40334408e-03
 -9.79700405e-03  6.84388205e-02  3.05980276e-02 -3.34404372e-02
 -3.18236928e-03 -2.52290685e-02  2.64463052e-02  2.15006080e-02
  2.74546556e-02  4.12193127e-03  4.35096696e-02  5.16513623e-02
 -5.21027809e-03  4.81116734e-02  8.06953851e-03  2.54884511e-02
  1.74819939e-02 -3.95132378e-02 -5.17773889e-02  4.27637473e-02
 -1.82707869e-02 -1.44147882e-02  1.74627441e-03 -1.57553796e-02
 -2.13294271e-02  3.62159056e-03 -2.85899974e-02 -3.20013314e-02
  2.17774175e-02  2.42608376e-02  2.45457888e-02 -8.86614993e-03
  3.57244723e-03 -3.25038508e-02  7.53375841e-03  4.04577889e-02
  1.93621330e-02 -2.53452901e-02  5.09584323e-03  2.93393042e-02
  3.10227778e-02  3.52239795e-02 -5.90357780e-02 -7.40558840e-03
 -1.26680434e-02 -3.30333337e-02  7.47760152e-03  2.80632228e-02
  1.29268114e-02 -4.25345339e-02  1.53899724e-02 -2.13009026e-02
 -9.77884233e-03  5.30483164e-02  1.11390827e-02 -4.82700616e-02
 -2.82812789e-02  1.27353994e-02  5.08986935e-02 -1.01330429e-02
  2.01948881e-02 -6.88397586e-02  8.80574714e-03 -5.23408204e-02
 -1.22824889e-02 -1.51834032e-02  9.29728337e-03  7.61351064e-02
  2.83303820e-02  7.26697408e-03  7.07171205e-03 -1.33923115e-02
 -1.03864223e-02 -5.65100163e-02 -2.60359887e-02  6.01705387e-02
  2.48822179e-02  4.56240363e-02  3.74005735e-02  3.37304622e-02
 -1.12999044e-02  1.41268708e-02 -7.74280354e-02  1.48536987e-03
  8.69597134e-04  3.83646674e-02  1.80369448e-02 -8.55641887e-02
  2.29973532e-03 -3.38831916e-03 -7.89106339e-02 -2.86564529e-02
 -3.58225517e-02  2.28542928e-02 -3.12635042e-02  6.64508343e-02
  2.01782789e-02  4.39549200e-02 -1.02750128e-02 -4.90778536e-02
  5.65938987e-02 -4.16759588e-02 -1.40509708e-02 -2.95649022e-02
 -3.19753326e-02  2.73722503e-02  3.15653160e-02  2.66227544e-05
  1.10152066e-02 -1.50918225e-02  4.13405225e-02  1.15354611e-02
 -2.57893875e-02  2.19646059e-02  5.25266342e-02 -4.93043587e-02
  1.81013029e-02 -6.61693839e-03 -1.54321855e-02 -2.12782007e-02
 -4.13776487e-02  2.05599237e-02  2.53974553e-02  1.45988958e-02
  4.53264304e-02  5.58435135e-02 -5.16803898e-02 -1.94762461e-02
  4.68619727e-02  3.64514850e-02  2.23905239e-02  3.90833877e-02
 -4.32934240e-02  6.66532740e-02  3.10264397e-02  5.44237532e-03
 -1.74868782e-03 -6.93573756e-03  2.99736336e-02 -4.79450375e-02
 -1.76558562e-03 -1.00088064e-02 -1.03669288e-02 -3.75220478e-02
  3.60620283e-02  4.19281572e-02  2.57734787e-02 -1.19664930e-02
  9.34863277e-03 -4.25182804e-02 -6.54128715e-02 -4.04363163e-02
 -3.86965685e-02  2.21207105e-02  6.07503876e-02  6.55638846e-03
  5.28623089e-02  5.29325679e-02 -5.60770333e-02 -4.77790497e-02
  3.17345224e-02  6.22150637e-02  3.81877795e-02  2.89336033e-02
  2.83476897e-03  4.80708741e-02 -2.56051775e-02 -5.56520708e-02
  1.06219118e-02 -3.90534140e-02 -3.57442796e-02  2.64563765e-02
  9.11825744e-04 -1.33585010e-03  2.64992076e-03  6.06491454e-02
 -1.34531641e-02  4.81172055e-02  3.20717804e-02 -1.61440242e-02
  6.76294863e-02  2.68890020e-02 -3.59501666e-03 -2.58067288e-02
 -7.05017671e-02 -1.56417657e-02  4.90807986e-04 -2.24526469e-02
 -2.54543517e-02 -3.66804115e-02  1.79095175e-02 -2.22151633e-02
 -3.48606221e-02  6.31779656e-02  6.35574609e-02 -1.41828870e-02
 -4.71532755e-02 -5.01196506e-03 -2.85205990e-02 -3.45467008e-03
  4.36370373e-02 -2.40909494e-02  5.66220051e-03  2.78143063e-02
  7.50319567e-03 -2.72973091e-03 -4.69343411e-03 -3.24702449e-02
  3.68487947e-02 -6.10222109e-03 -5.01126423e-02  1.24967741e-02
 -8.10479454e-04 -5.32011688e-02 -5.47222719e-02 -8.08395445e-02
  1.17922351e-02 -3.07633895e-02  7.50025688e-03  7.75426207e-03
  5.21899536e-02 -5.02328854e-04 -7.40457233e-03 -4.99883890e-02
  9.51142423e-03  4.95666713e-02 -4.75025848e-02 -4.93956879e-02
  3.29980142e-02  1.09745050e-02 -6.61579743e-02  5.88301122e-02
  5.54994494e-02 -6.35327324e-02 -1.61418710e-02  3.21376957e-02
  1.20990248e-02  5.25046624e-02 -1.75620744e-03  3.91521528e-02
 -9.06275809e-02 -2.08946373e-02  2.39746403e-02  2.93571837e-02
 -3.49312611e-02  2.13883277e-02 -3.12986337e-02  1.81728154e-02
  6.66744709e-02  2.68092640e-02  2.59954035e-02 -1.62639562e-02
  8.13836791e-03 -2.64590257e-03  2.92507671e-02  3.03391162e-02
  1.81405824e-02  3.48625407e-02  2.43782904e-02  2.91598495e-02
 -4.80675846e-02  5.97010739e-02 -5.26946522e-02  7.36667737e-02
 -3.18069831e-02  3.29518542e-02 -4.16597836e-02 -2.42744181e-02
  3.02403998e-02 -4.06277701e-02 -4.93752863e-03 -1.82899472e-03
  2.57121604e-02  4.92959097e-02 -4.38796207e-02 -5.03684245e-02
 -1.84249766e-02 -4.32842821e-02 -3.28465103e-04 -5.14586903e-02
 -1.69173651e-03 -9.59503930e-03  2.57545561e-02 -2.62514111e-02
  8.03359598e-02 -5.92703819e-02 -5.77252312e-03 -1.99930370e-02
 -1.01046246e-02  2.30549388e-02  5.85486107e-02 -1.30341416e-02]","[np.float32(-0.03), np.float32(-0.03), np.float32(-0.01), np.float32(0.01), np.float32(0.08), np.float32(0.01), np.float32(-0.02), np.float32(0.06)]"
review_para_21,"The 15-cs0003ng has a 41 Wh battery, which has poor runtimes. Our test device lasted just 4:44 hours in our practical Wi-Fi test, during which we set the screen to approximately 150 cd/m² and run a script that simulates the load required to render websites. This runtime puts the 15-cs0003ng bottom of our comparison table and 11 minutes behind the Ryzen 5 2500U equipped Pavilion 15 . In short, our test device has worse battery life than all our comparison devices and has around 4% shorter runtimes than the 15-cw0003ng . Likewise, the 15-cs0003ng also has 35% worse battery life than the 15-cs0053cl .",413918,HP,HP 15s-du3047TX (30R86PA),600.0,USD,413918_review_para_21,605,"[ 1.81277879e-02 -9.65003972e-04  3.35854664e-02  1.27790887e-02
  6.85396418e-02 -3.30989175e-02  2.51603145e-02  6.98977336e-02
  3.07413843e-02 -6.59331027e-03  6.43168390e-02 -1.30517455e-02
 -2.35815570e-02  5.26842251e-02 -3.75368483e-02  3.60740349e-02
  4.85207550e-02  1.08414644e-03  3.93973105e-02  5.70342597e-03
 -4.45827469e-03  3.02522094e-03  3.20511051e-02  3.87807675e-02
 -2.27949675e-02  3.54717672e-02  1.95407469e-04 -1.21522099e-02
  6.39924221e-03 -3.19811366e-02  4.74368930e-02  8.37776624e-03
  2.10698750e-02 -2.31508841e-03  5.58447726e-02 -1.41791282e-02
 -2.39208136e-02 -2.33052429e-02 -8.74148905e-02  1.29473424e-02
 -1.46859949e-02 -3.57219912e-02 -1.63072739e-02 -1.00357719e-02
 -3.65398154e-02  1.23231215e-02  1.12990197e-03 -4.08012141e-03
 -3.59484367e-02  1.11248838e-02 -9.05527622e-02  1.14041632e-02
  2.54495833e-02  1.34930685e-02  2.07259730e-02  2.13096049e-02
  4.38937433e-02 -6.64543658e-02  1.21738724e-02  1.93567779e-02
  4.54138406e-02  2.41160346e-03 -5.90212038e-03  1.10157691e-02
  1.97247067e-03 -4.49055657e-02  7.78468251e-02  2.67403089e-02
 -1.30901756e-02  1.53105995e-02  7.51483673e-03  1.90425068e-02
 -1.52248293e-02 -4.16168652e-04  1.02697583e-02 -1.45547348e-03
  5.67545532e-04  2.19594445e-02  3.51386368e-02  4.49119322e-02
 -2.38133362e-03  2.40253005e-03  5.38959578e-02  6.54868260e-02
 -1.97590869e-02 -6.24276232e-03 -3.79457809e-02 -1.43590076e-02
 -2.73741353e-02  6.96078017e-02 -6.40138984e-03  6.73003402e-03
  3.16539407e-02  4.50383462e-02  3.66971083e-03 -7.42706330e-03
 -3.09459819e-03  2.21580244e-03 -3.54904006e-03  6.39736233e-03
 -6.27606548e-03 -5.61053567e-02 -1.58900805e-02 -5.41024050e-03
 -7.28992522e-02 -5.16174315e-03 -6.15454838e-02 -6.85523525e-02
  5.15507981e-02 -6.26010308e-03 -1.96800902e-02  2.24049296e-02
 -1.36221787e-02  4.40371856e-02 -5.50283566e-02  2.18593180e-02
 -1.07202744e-02 -3.21460664e-02  1.55195491e-02  1.76671539e-02
 -2.36412697e-02  6.60534650e-02 -3.82053666e-02  4.05934751e-02
  1.33680543e-02  5.73691465e-02  4.50299382e-02 -1.44545194e-02
  2.52817012e-02 -6.06932119e-02  4.31068912e-02  4.46583815e-02
  5.21553345e-02 -2.65083602e-03 -6.41291440e-02  1.80163216e-02
 -8.02253373e-03 -2.79262979e-02  4.87828180e-02  3.42959911e-02
 -2.21223589e-02 -4.05744463e-02  7.55777508e-02  1.14510925e-02
  1.92466229e-02 -4.22744919e-03 -3.66819999e-03 -4.06734385e-02
  5.42443469e-02  1.29985968e-02 -6.93627214e-03 -1.01902056e-02
 -2.36181542e-02 -9.54933688e-02  3.57915573e-02  3.72419953e-02
  2.00303383e-02  4.21745237e-03 -2.26193238e-02  1.39217975e-03
 -3.02901119e-03  2.72269230e-02 -1.46553302e-02  2.51912437e-02
  6.00850955e-03  1.38334569e-03  2.05288399e-02  2.76324451e-02
  1.89808365e-02 -7.39416154e-03 -3.16385999e-02 -5.32619208e-02
  3.97513285e-02 -3.82841341e-02 -6.68742880e-02  5.19367866e-02
  6.65792450e-02 -2.24671103e-02 -1.75112188e-02  1.18061928e-02
 -3.83902565e-02  2.50188280e-02  2.75082551e-02  2.47473940e-02
 -4.37856279e-02 -9.68088862e-03  7.54899234e-02 -3.69070992e-02
 -7.48338252e-02 -3.08313034e-02 -4.89078015e-02 -3.65359709e-02
  6.35543242e-02 -9.00907442e-04  4.92204465e-02 -4.52476777e-02
 -1.17782224e-02 -3.61554069e-03 -4.77205962e-03  9.60977562e-03
 -2.02148668e-02 -2.40363199e-02  3.16476785e-02 -5.00862189e-02
 -1.04186393e-01 -1.85495950e-02  3.46292779e-02 -7.20902160e-02
 -3.39998379e-02 -1.54273224e-03  1.70153286e-02  2.11782940e-02
  6.36850372e-02  1.68456119e-02 -1.53407343e-02 -2.77460814e-02
  1.65273193e-02 -1.33521901e-02  4.15142626e-02 -5.19415885e-02
  2.69732624e-02  6.39464753e-03 -2.57115513e-02  1.79041978e-02
 -2.23579649e-02  7.39800707e-02  5.42341024e-02 -6.01925589e-02
 -3.80354561e-02  1.24584241e-02 -3.38313952e-02 -2.24948954e-02
 -2.71664858e-02 -6.85938750e-04 -1.56052420e-02 -2.79623177e-02
  2.64135539e-03  2.29670154e-03  3.80047821e-02 -5.39769903e-02
  1.66032836e-02  6.44267574e-02 -9.25416872e-03  3.54552455e-02
  1.08044380e-02 -1.61912683e-02 -1.44400168e-02 -2.17994731e-02
 -8.93564429e-03 -3.23618166e-02  8.04246403e-03  4.80845664e-03
  5.20574562e-02  4.01788019e-03  6.71469793e-03 -5.77092357e-02
 -1.40888235e-02  3.27286199e-02  4.46406119e-02  8.44078735e-02
  2.87492722e-02  6.31873980e-02 -1.46197882e-02  1.51542882e-02
 -5.39047597e-03 -4.52867672e-02 -4.49006371e-02 -2.92532016e-02
 -1.24348542e-02 -2.91102678e-02  1.53131252e-02 -2.59885993e-02
 -1.63387787e-02 -1.97583828e-02 -1.77063327e-02 -5.36869429e-02
  8.11214931e-03  1.11102303e-02 -3.71600711e-03  6.64046034e-03
  2.12994125e-02  6.68354928e-02 -6.36332482e-03 -7.25272372e-02
  3.53030190e-02 -2.78021637e-02  3.11156511e-02 -3.37053426e-02
 -3.81654203e-02 -2.70617772e-02 -1.96425635e-02  1.48269511e-03
 -2.26010904e-02  4.08618487e-02  6.92723244e-02  1.72354281e-02
  5.77097200e-03 -3.88213666e-03  8.77382525e-04  1.40304323e-02
  5.30196400e-03  2.23319214e-02 -1.75725129e-02  3.12305521e-03
 -4.40376997e-03 -2.99319737e-02 -1.75048076e-02 -3.96285355e-02
 -2.15074182e-01  3.64386886e-02 -8.18047952e-03 -9.21678822e-03
  1.69523396e-02  1.79558399e-03 -3.63238592e-04 -2.95123886e-02
  3.41862254e-03  7.76423663e-02  3.07928827e-02  1.04117999e-03
 -4.80391085e-03  1.28505286e-02  1.45096816e-02  1.39445625e-02
 -5.10154199e-03 -4.65254597e-02 -1.92605425e-02 -1.56871751e-02
  2.17251964e-02 -5.26563637e-02 -2.79057249e-02 -3.16026583e-02
  1.48714008e-02  7.67883435e-02  4.27075326e-02 -2.97394134e-02
 -5.22658750e-02 -9.00471397e-03  1.76348668e-02 -8.57953206e-02
  2.32047704e-03  2.50580069e-02  1.78059544e-02  1.97169930e-02
 -2.12594327e-02  3.02298293e-02  8.46862327e-03  2.06045508e-02
  4.62050326e-02  1.37794763e-02  2.36204509e-02  3.84263024e-02
  4.30427529e-02 -2.45434744e-03 -8.75070766e-02 -1.91880222e-02
 -7.27003161e-03  5.30953743e-02 -1.61447506e-02 -1.09923407e-02
 -5.86848669e-02  4.58735526e-02 -8.11326876e-02  1.01814410e-02
 -3.05777807e-02  4.21689413e-02 -3.51183154e-02 -3.12798508e-02
 -4.22941409e-02  4.77590458e-03 -2.37542186e-02 -4.27043736e-02
 -1.63618345e-02 -1.29406843e-02 -3.86645533e-02 -2.22446267e-02
  9.16976947e-03  1.87740233e-02 -1.26109496e-02 -2.67550796e-02
  4.81310412e-02 -9.03321430e-02 -2.28165593e-02 -3.32390815e-02
 -2.02946346e-02  2.03060713e-02  2.46418100e-02  6.51123822e-02
 -5.73265553e-02 -3.47875468e-02  6.13498501e-03 -3.61592472e-02
  1.21550299e-02 -2.44845473e-03 -8.86936148e-04  6.59625232e-03
  5.61148115e-02  7.13688061e-02  6.99831843e-02 -1.45281376e-02
 -1.19888978e-02 -4.56693098e-02  1.81488674e-02  1.79875363e-02
  1.18450506e-03  6.03181161e-02  1.22056827e-02  4.94185574e-02
  2.86555570e-02 -3.35895307e-02 -1.42750088e-02 -6.77282885e-02
 -2.38105971e-02 -2.44837254e-03 -2.76716128e-02 -7.15608941e-03
  1.30212521e-02  2.68905871e-02  1.56318992e-02 -2.78970283e-02
 -1.24072423e-02 -3.02508101e-02  1.13758007e-02 -4.03045900e-02
  2.30787434e-02  4.10302468e-02 -1.73991937e-02 -4.92530167e-02
 -1.34101580e-03  1.08148558e-02 -3.21294256e-02 -6.58857748e-02
 -7.40855858e-02  3.13598700e-02 -1.46060362e-02  1.83600672e-02
 -2.64503695e-02 -4.63330699e-03 -5.44482172e-02  2.58541480e-02
 -1.03978068e-02  5.83074056e-02 -2.50691343e-02 -4.10043495e-03
 -2.88450979e-02 -4.36460972e-02  1.03422245e-02  2.83547770e-02
 -3.47582139e-02 -8.00215639e-04  4.84526232e-02  3.19110928e-03
  3.92451659e-02  2.23388467e-02  2.59699319e-02 -4.79854234e-02
  6.94393599e-03 -1.13646500e-02  2.79838443e-02 -8.58261585e-02
 -7.57608132e-06 -5.78189753e-02 -5.54293841e-02 -2.46793665e-02
  2.89901961e-02 -3.12598981e-02 -4.74523455e-02 -3.73693183e-02
  1.92600656e-02 -2.23762970e-02  3.86946765e-03  3.88648640e-03
  4.86639142e-02  1.53811853e-02  3.34388986e-02  9.37647186e-03
  2.92136110e-02  2.01353934e-02  1.14251301e-02 -1.74976159e-02
 -3.16384844e-02  3.62859592e-02  1.95459537e-02  5.73075414e-02
  5.97271807e-02 -8.84163938e-03  7.34466836e-02 -1.22610407e-04
 -2.30152011e-02  1.31189195e-03  2.55829166e-03  1.21657457e-03
  6.70200586e-02 -5.42725660e-02  2.84804497e-03 -2.77815647e-02
  2.62343735e-02 -3.96378338e-03  1.70844980e-02 -2.09462382e-02
  4.24062693e-03 -6.40845206e-03 -1.59850847e-02 -5.36623225e-02
  2.47894339e-02  5.76670766e-02  8.01984221e-03 -2.64526121e-02
  1.90691929e-02 -1.00805713e-02 -2.36045402e-02 -2.85067912e-02
 -9.80189143e-05 -3.90584692e-02  2.53268387e-02  3.62299792e-02
  6.20925128e-02  2.26831362e-02 -4.51964363e-02 -3.54800113e-02
 -6.22955384e-03 -1.23152894e-03  1.13156987e-02 -2.35136058e-02
 -4.71862555e-02 -4.36189063e-02  1.82634704e-02 -4.25838418e-02
 -4.29149382e-02  1.86324883e-02 -3.89264002e-02 -5.81658296e-02
 -6.00813925e-02  2.75491271e-02  3.74194682e-02 -1.16954297e-02
  3.78164835e-02 -6.31970987e-02  2.54801400e-02 -3.78290564e-02
  4.60482435e-03  5.07123396e-03  1.89656802e-02 -1.76290665e-02
 -7.32458197e-03 -1.69722345e-02 -3.45919169e-02  4.15432192e-02
 -9.15998891e-02  2.30893176e-02  7.54023576e-03  2.09227744e-02
  2.18651854e-02  4.40797433e-02  5.46923745e-03 -2.42914781e-02
 -5.10536581e-02  3.78437564e-02  1.84181500e-02 -5.75236082e-02
  2.52099931e-02 -6.20316016e-03  3.32333557e-02 -3.89724374e-02
  3.31298728e-03 -4.00707126e-02 -6.43199980e-02 -2.58643925e-03
 -3.38743702e-02  3.07538845e-02  2.01499350e-02  3.81698050e-02
  1.87989399e-02  6.10919259e-02  6.27599508e-02 -1.07092313e-01
  2.99119577e-02 -2.47222763e-02  6.52197599e-02 -3.50384861e-02
  4.08502035e-02  4.91199382e-02 -3.42702232e-02  3.32366489e-03
 -1.25475107e-02  3.05334814e-02  4.12912481e-02 -2.96967737e-02
 -5.91239221e-02  2.03831363e-02 -3.88368070e-02 -4.15669680e-02
 -2.86334064e-02 -1.76936872e-02  1.12125929e-02  2.85150260e-02
 -2.44381726e-02 -2.97150239e-02  1.64966360e-02  6.10048790e-03
  1.57772249e-03 -1.75195150e-02 -7.27351978e-02 -1.04421619e-02
  1.02030989e-02  3.74161778e-03  8.43513943e-03  5.21462597e-03
 -1.24999871e-02  5.41674905e-02  6.01858050e-02  2.97766551e-03
 -3.75485346e-02 -1.85434595e-02 -5.40022331e-04 -7.81064900e-03
 -1.08304704e-02  2.58113071e-02  2.79695373e-02 -4.38850112e-02
  4.76334020e-02  6.55157045e-02 -3.50476801e-02 -3.96994827e-03
  8.19853786e-03 -5.31333126e-03 -2.84220763e-02 -2.49743480e-02
 -1.23259397e-02 -1.73278525e-02  8.53796974e-02  4.67835031e-02
  3.57209779e-02  9.17700231e-02  1.75563199e-03 -4.58955206e-02
  3.34432609e-02  3.73745337e-02  2.49659959e-02  7.18622468e-03
  2.95892503e-04  7.44581223e-02 -1.00375777e-02 -4.30880859e-02
 -1.02434056e-02 -5.43393977e-02 -6.74799830e-02  1.31756114e-02
  8.61568004e-03  7.80046582e-02  1.41078541e-02  5.99755868e-02
 -1.53473271e-02  3.54297608e-02 -3.10577266e-03  1.23296818e-03
  5.24800345e-02 -2.62328680e-03  3.18208933e-02  4.85056965e-03
 -2.39309128e-02  3.93183045e-02  3.19560664e-03 -2.43877303e-02
 -2.43942402e-02  5.02638035e-02 -1.66428331e-02  2.66771745e-02
 -4.02270025e-03  2.64231171e-02  5.19627258e-02 -1.62930619e-02
 -2.07064487e-02 -3.84495258e-02 -3.35949771e-02 -1.06351674e-02
  5.30691398e-03 -1.93087608e-02  6.67643687e-03 -4.65875044e-02
 -1.04126791e-02 -4.43972833e-02 -3.03396787e-02 -3.13149299e-03
  6.26822468e-04 -2.11389344e-02 -1.63726276e-03  2.71537472e-02
 -3.04699112e-02 -7.89816007e-02 -2.36756708e-02 -3.98147702e-02
 -6.62093312e-02 -3.23011987e-02 -2.59826090e-02  3.17153223e-02
 -1.88776329e-02 -2.23475583e-02  3.14299725e-02 -2.74675079e-02
 -3.13347094e-02 -1.04882419e-02 -3.60772982e-02 -4.18107882e-02
  5.57844602e-02 -2.63363570e-02 -1.83843300e-02  5.91427796e-02
  3.92990448e-02 -2.61001196e-02 -3.39290649e-02  4.02746014e-02
 -5.57871088e-02  2.63595749e-02 -1.10358829e-02  2.27675494e-02
 -8.44420791e-02 -3.75825539e-03 -3.00115459e-02  2.10466590e-02
 -5.74434511e-02  4.37092632e-02 -8.26368853e-03  1.99928824e-02
  7.00202733e-02  2.72987440e-04  1.29509037e-02  1.52848195e-02
  6.81977486e-03  3.98722328e-02  2.96398252e-02  4.38199975e-02
  1.16365077e-02  7.14842081e-02  5.28739132e-02 -3.56661119e-02
 -2.70539932e-02  3.09116021e-02 -2.79852077e-02  3.83073092e-03
 -5.56495078e-02 -4.01468109e-03 -7.85988346e-02 -6.08275272e-02
  3.31841111e-02 -3.85085680e-02  4.22296710e-02 -1.44468751e-02
  2.68938467e-02 -6.15025079e-03  2.31465697e-02 -1.56069566e-02
 -2.47669201e-02 -1.25562567e-02 -5.77163212e-02 -2.80781910e-02
 -5.53773390e-03  4.25332002e-02 -3.30613218e-02  2.79984046e-02
  4.16304171e-02 -2.44063269e-02  3.45912725e-02 -2.05647014e-02
  4.87617403e-02  3.72662395e-02  2.12730281e-02  4.09170287e-03]","[np.float32(0.02), np.float32(-0.0), np.float32(0.03), np.float32(0.01), np.float32(0.07), np.float32(-0.03), np.float32(0.03), np.float32(0.07)]"
review_para_0,"We did not note any grave shortcomings in our verdict on the test of the Lenovo ThinkBook 15 about one year ago. According to our initial impression, this also won't be the case in the ThinkBook 15 Gen2. Since nothing has changed in the external equipment characteristics except for the connections , we will refer to the predecessor model in the corresponding sections of our review.

Our current test configuration is available for about 720 Euros (~$868) and includes an Intel Core i5-1135G7 with its internal Intel Iris Xe Graphics G7 80EUs graphics unit. This is accompanied by 16 GB of working memory and a 512 GB SSD. In this configuration, the Lenovo laptop is compared with the competing devices listed below. Underneath each section, you can also add more laptops from our database.",413287,Lenovo,Lenovo ThinkBook 15 ITL G2 (20VEA0HKIH),680.0,USD,413287_review_para_0,792,"[-4.27868180e-02 -3.13594192e-02  3.22143966e-03  2.99149975e-02
  8.47088918e-02  4.72199917e-02 -1.70036871e-02  8.46388638e-02
  2.86654308e-02 -5.22069633e-02  6.43864693e-03  1.49939703e-02
 -3.34596001e-02  1.79079026e-02 -4.34098244e-02  3.42313498e-02
  2.66473163e-02  4.09938693e-02  2.71283928e-02  9.53151379e-03
  2.80418061e-02 -1.45544587e-02  4.49414551e-02  4.87419814e-02
 -2.44597662e-02 -3.24352900e-03  2.94104330e-02 -1.47823030e-02
 -4.27995389e-03 -8.49314481e-02  8.40601977e-04 -1.06842965e-02
  1.23183327e-02  2.71648150e-02  4.87597138e-02 -2.52922177e-02
 -6.24111928e-02  2.05552275e-03 -2.64701471e-02 -3.17617059e-02
 -6.08078837e-02 -9.32128076e-03 -2.41844635e-03  5.32781743e-02
 -8.78473669e-02  8.26843642e-03 -2.82346252e-02  3.53096016e-02
 -7.12765828e-02  4.43488583e-02 -4.30483259e-02  4.04419117e-02
  8.87365532e-05 -3.53905559e-02  1.02312826e-02  9.67680011e-03
  3.23556811e-02 -3.23640145e-02  2.27157343e-02 -3.16491304e-03
  6.53059259e-02  2.61875819e-02 -3.30500607e-03  5.66443568e-03
  1.80534814e-02 -7.80555010e-02  7.96046853e-02  1.55912982e-02
 -8.96697342e-02 -5.46358638e-02 -1.94562282e-02  1.80630796e-02
  6.72179973e-03 -3.86183485e-02 -1.10921310e-02 -4.26342636e-02
 -2.42258515e-02 -3.53308804e-02  3.75688970e-02 -2.60847937e-02
  2.29890831e-02 -2.08387785e-02  1.61128156e-02  3.95801775e-02
  4.21348377e-04  1.44349625e-02 -4.13338244e-02 -1.71118323e-02
 -4.37612683e-02  6.41761795e-02 -9.52027179e-03 -4.70160022e-02
  3.16256620e-02  2.15739422e-02 -6.57204073e-03  1.67609509e-02
  8.02972820e-03 -2.24885419e-02  2.71041878e-02 -9.09397786e-05
  2.82659475e-02 -3.49493027e-02 -3.75489704e-02 -1.30100632e-02
 -3.33949402e-02 -1.34547772e-02 -1.00313108e-02 -8.61155689e-02
  5.41613586e-02  1.37788476e-02 -3.12438235e-02 -3.00618503e-02
 -1.29909460e-02  4.65774946e-02 -5.70053235e-02  5.84930182e-02
  1.53266219e-02 -3.15050483e-02 -2.85576005e-02  1.92007087e-02
  3.12754996e-02  3.42893302e-02 -3.31882350e-02  3.71764190e-02
  5.68800271e-02  5.83911650e-02 -2.05324329e-02  3.54167484e-02
 -2.75416616e-02 -5.44608310e-02  4.80536111e-02  2.73142997e-02
 -6.55726623e-03  2.86927186e-02 -6.58619159e-04  4.96030645e-03
  4.83531365e-03 -3.19619030e-02  5.30840196e-02  2.57965531e-02
  3.83661650e-02 -2.47031078e-02  2.66581327e-02  8.07572901e-03
  1.29024247e-02  5.07388916e-03  5.16611291e-03 -3.89604867e-02
 -9.90772247e-03 -4.09799330e-02 -3.58619727e-02  2.13075206e-02
 -2.03250181e-02 -5.79227358e-02  2.88346596e-02  3.31065655e-02
  2.23427359e-02 -6.47978566e-04 -5.23453020e-02  9.01764352e-03
  1.64202247e-02  3.87631655e-02 -1.43434228e-02  3.93886566e-02
 -1.53994653e-02  2.41072997e-02  8.66364408e-03  1.52853737e-02
 -3.37084234e-02  2.41109040e-02 -4.50767651e-02 -4.19773422e-02
  6.86603338e-02 -1.85906962e-02 -1.44734350e-03  6.89528063e-02
  5.08576035e-02 -4.90676798e-03  1.21165123e-02  1.68620963e-02
 -4.69067693e-02 -9.12437215e-04  3.58354971e-02  1.94725506e-02
 -3.90155949e-02 -1.95556656e-02  6.68551251e-02 -4.58229426e-03
 -3.81309204e-02 -1.91081483e-02 -7.13631138e-02 -3.46300788e-02
  3.63331065e-02  1.34161236e-02  5.43720908e-02 -7.07586780e-02
  4.07045186e-02  2.65918653e-02 -6.33481285e-03  1.35014364e-02
 -1.03079285e-02 -5.52707678e-03  5.98542243e-02 -1.55041805e-02
 -3.66720818e-02 -3.36813834e-03  3.51036601e-02 -5.06223030e-02
 -2.33974438e-02  2.29410548e-02  3.12518291e-02  6.37124665e-03
  4.94904555e-02  5.65691106e-02 -1.18507398e-02 -1.54874716e-02
  1.85324326e-02 -3.29439454e-02  2.99853180e-02 -1.01413894e-02
  1.93279013e-02  1.33027192e-02 -1.43073918e-02 -1.11352634e-02
 -5.24805859e-02  5.91194741e-02 -1.57626159e-02 -3.84597853e-02
 -1.93012152e-02  2.45144404e-02 -5.37958518e-02 -3.37930359e-02
 -1.11800125e-02  4.14127558e-02 -1.21121816e-02  2.98069883e-02
 -3.48026007e-02 -5.12522459e-02  8.31054151e-02 -5.27519621e-02
  8.66226107e-03  1.96685176e-02 -1.46332514e-02  3.28484625e-02
  1.96450986e-02 -4.68728766e-02  2.13877633e-02  3.96508984e-02
 -3.02307960e-03 -6.40425533e-02 -2.38738731e-02  1.62456825e-03
  3.25507373e-02  7.76363362e-04 -9.15476307e-03 -3.69246639e-02
  1.13653857e-02  2.47427300e-02  3.88182923e-02  1.68107003e-02
  1.40770348e-02  3.70261297e-02  2.16264334e-02  1.01884186e-01
 -8.41428619e-03 -4.14846726e-02 -7.06635863e-02 -4.16516839e-03
 -6.08861120e-03 -3.13157379e-03  5.55127636e-02 -1.32503109e-02
  3.61748338e-02  2.16520242e-02 -3.27789523e-02 -1.16775986e-02
 -2.22480390e-03  2.19123606e-02  2.56481534e-03 -3.99039052e-02
  1.65729169e-02  8.43240023e-02  1.36129663e-03 -2.69721765e-02
  1.58186909e-02 -4.02979590e-02 -2.70577671e-04 -7.42625296e-02
 -3.79294828e-02  8.44256859e-03  2.87096128e-02  1.80149693e-02
 -2.20108852e-02  3.84339155e-03  5.62711246e-02  9.11095552e-03
  1.80525295e-02 -1.17099201e-02 -3.24878022e-02  5.73337749e-02
  2.00473759e-02  4.39408571e-02  3.21299396e-02  1.53461937e-02
  4.02293988e-02 -4.76978533e-02  5.29155917e-02 -5.00816666e-02
 -2.09013164e-01  9.38818883e-03 -1.08479988e-02 -4.42453772e-02
  3.27061862e-02 -2.66496204e-02  1.46714281e-02 -3.72884013e-02
 -2.38270927e-02  4.76093031e-02 -2.64736521e-03 -4.02388982e-02
 -1.29930433e-02  4.52490598e-02 -7.17235450e-03  4.06683646e-02
  1.27120428e-02 -1.15549797e-02 -3.04233003e-02 -9.63979401e-03
  1.08217504e-02 -7.82892704e-02 -7.38414600e-02 -7.47556472e-03
 -1.21114003e-02  4.72285450e-02 -3.61195877e-02 -2.36963704e-02
 -3.23898159e-02  3.41171920e-02 -2.65926309e-02 -1.67342704e-02
  1.80251189e-02  1.35971857e-02  6.40173629e-03 -3.66286398e-03
  2.71134693e-02 -5.80807701e-02  2.02985257e-02  2.27524377e-02
 -1.30335120e-02  1.49829965e-02  1.79163050e-02 -1.22670615e-02
  8.41549691e-03 -1.14024589e-02 -7.71383643e-02  7.16483686e-04
  3.34596112e-02  6.58091009e-02 -2.00648978e-02 -1.03969127e-02
 -7.77955875e-02  4.09902148e-02 -5.99726588e-02  1.82403307e-02
  3.54319345e-03  4.03610207e-02 -2.35398952e-02  7.08519015e-03
 -4.48641926e-02  7.61074573e-03 -5.66708930e-02 -4.40164208e-02
 -1.86716132e-02 -6.01992477e-03 -1.73322335e-02 -4.04872485e-02
  2.43296716e-02  8.22382048e-03 -3.35895866e-02 -1.39222071e-02
  1.92395449e-02 -8.81167352e-02 -1.47882113e-02  2.20974777e-02
 -5.27512580e-02  2.80137304e-02  2.09844932e-02  6.83228225e-02
 -9.50681698e-03 -3.35242264e-02  6.66702352e-03  2.28450559e-02
 -4.01556231e-02 -3.58814374e-02 -1.64369326e-02  2.26338003e-02
  1.68946423e-02  4.64180633e-02  5.53784631e-02  1.26229681e-03
  1.03346603e-02 -8.76868218e-02  1.52921549e-03  2.99530029e-02
  1.45019628e-02  2.41236556e-02  1.65926479e-02  1.05975000e-02
 -1.41507331e-02  3.63388972e-04  1.44039160e-02 -2.26160195e-02
 -5.87939471e-02 -3.66765745e-02  1.72511656e-02  2.31452137e-02
  3.27028260e-02  3.10016461e-02  4.53892350e-03 -6.83625862e-02
  3.63031193e-03 -3.27675156e-02  2.50698160e-02 -5.06596491e-02
  3.90030444e-02  6.49216995e-02 -3.64704132e-02 -3.62566151e-02
 -1.13374200e-02 -1.13604991e-02 -5.22266254e-02 -5.01941182e-02
 -2.73820665e-02  1.52540216e-02 -3.14984582e-02  5.17580938e-03
 -1.13098891e-02  1.94642227e-02 -3.44399959e-02 -1.44675355e-02
  3.09144445e-02  3.95400152e-02  3.82656306e-02 -5.60062006e-02
  1.94688048e-02  5.22894552e-03 -7.83922523e-03  9.03392490e-03
 -4.79751155e-02  1.74494628e-02 -5.20930998e-03 -5.67006925e-03
 -8.18707887e-03  1.87390633e-02  1.00386804e-02 -2.13511735e-02
 -3.59480898e-03 -5.14549669e-03  4.32641245e-02 -6.40921369e-02
 -3.76648060e-03 -2.58714501e-02 -6.44919723e-02 -4.38366784e-03
  2.69709416e-02 -1.69406570e-02 -1.41635155e-02 -1.99409034e-02
  2.92180348e-02 -1.08128404e-02 -4.77259830e-02  4.27345932e-02
  4.03305516e-02  6.70393258e-02 -7.40096159e-03 -1.73558854e-02
  1.49431406e-02  5.83505183e-02  2.09106337e-02 -5.52105643e-02
 -2.15653311e-02 -1.52596657e-03  3.59203368e-02  6.27562851e-02
  2.55029369e-02 -2.23592687e-02  5.78302518e-02  2.98432037e-02
  3.11147678e-03  1.53515092e-03 -2.65826448e-03  3.48050594e-02
  4.81966659e-02 -5.58763668e-02 -3.42021487e-03  5.07098576e-03
 -5.47815580e-03 -6.15775622e-02  1.68824829e-02 -7.42426235e-03
 -2.60770265e-02  1.51562039e-02 -1.42282536e-02 -3.38850915e-02
  2.44473573e-02  3.76326940e-03 -1.64211188e-02 -2.62583345e-02
  9.11433622e-03 -1.45876901e-02 -8.62214481e-04  1.79505516e-02
  3.38356756e-02 -4.01050188e-02 -2.26232987e-02  2.09442135e-02
  1.70344971e-02  2.30821408e-02 -5.15721962e-02 -4.03748862e-02
 -3.02370191e-02 -9.11637023e-03 -4.50993888e-03  2.07187776e-02
 -2.02789567e-02 -4.12911512e-02  1.61453746e-02 -1.51503077e-02
 -4.88012023e-02  1.30145876e-02 -2.25151181e-02 -2.95531601e-02
 -7.72714466e-02 -1.26524819e-02  4.77190092e-02 -2.85390317e-02
  5.28747868e-03 -8.10279846e-02  1.71738416e-02 -7.92875737e-02
  3.10472418e-02  1.15485555e-02 -1.69958023e-03  4.82496284e-02
  3.83061208e-02  2.65034474e-02 -8.30361852e-04 -6.58944435e-03
 -5.44727128e-03 -4.46656570e-02 -4.31521870e-02  2.94722877e-02
  1.68293819e-03  7.53063709e-02  6.37603598e-03  1.08096348e-02
 -1.36271073e-02  4.92127910e-02 -3.13052572e-02 -5.69669064e-03
  2.73161121e-02  2.02606395e-02  4.12645414e-02 -7.58467093e-02
 -1.09164836e-02 -2.06779838e-02 -5.09177595e-02 -5.18513881e-02
 -5.71497045e-02  2.16767862e-02 -1.86398672e-03  6.97705969e-02
  1.22788306e-02  3.34673263e-02  1.87657755e-02 -4.66753058e-02
  5.83226867e-02 -4.73073907e-02  3.41545790e-02 -3.12358569e-02
 -1.13098174e-02  4.86130714e-02 -2.10265797e-02 -1.80438329e-02
 -4.36345562e-02 -2.88083199e-02  8.63159075e-02  6.26217434e-03
 -5.41335195e-02  1.64589286e-02 -8.56982078e-03 -5.29396755e-04
  5.51712327e-03 -4.88093961e-03  1.79994311e-02  3.25961784e-02
 -2.89733373e-02 -7.08906632e-03  2.66341269e-02  2.85817566e-03
  3.18657048e-02  1.77181643e-02 -3.45960595e-02 -2.46752799e-02
  2.32692771e-02  3.10353413e-02 -1.76917203e-02  2.62292661e-02
 -1.64061747e-02  6.69735149e-02  5.56361526e-02  2.78704725e-02
 -7.05502648e-03  2.65605580e-02 -2.90584974e-02 -4.72088680e-02
  2.18578856e-02 -1.86365489e-02 -2.34835278e-02 -3.27300690e-02
  5.75250275e-02  2.32628100e-02 -2.39501204e-02 -3.04074716e-02
  2.45472249e-02 -2.69775577e-02 -6.71404451e-02 -5.62223531e-02
 -4.89234589e-02  3.45006734e-02  4.56208214e-02 -8.75796657e-03
  7.06935972e-02  4.27960120e-02 -3.86669673e-02 -3.47866230e-02
  1.97782516e-02  5.86301424e-02  4.67465669e-02  4.39984128e-02
  4.97017689e-02  7.04535022e-02 -3.69987488e-02 -4.53990139e-02
  1.16837174e-02 -1.77869964e-02 -4.44804169e-02  2.78700329e-02
  2.65173870e-03  3.92177999e-02  3.17297429e-02  4.71221134e-02
 -2.25255340e-02  3.70091535e-02  3.23041603e-02  1.80805530e-02
  2.20168028e-02  5.17094624e-04  3.30024958e-02 -3.84253375e-02
 -6.94456995e-02 -3.83041427e-02 -4.82210144e-03 -4.19719294e-02
 -3.32852900e-02  1.86439115e-03 -5.84878493e-03 -3.39111430e-03
 -1.32333604e-03  7.93138817e-02  5.65416850e-02 -3.09758335e-02
 -4.59114872e-02 -1.19919283e-02 -3.87365259e-02 -1.30278838e-03
  2.92187389e-02 -8.71718768e-03 -9.40660108e-03  3.50647606e-02
  1.37717994e-02 -1.31246699e-02  2.51361006e-03 -9.72514972e-03
  2.12093000e-03  8.02622526e-04 -1.94450766e-02  6.23367280e-02
  2.55659260e-02 -4.41501066e-02 -2.72698291e-02 -3.77594195e-02
 -3.87725830e-02  1.58740319e-02  3.38025168e-02  1.48799792e-02
  1.25130611e-02  7.94813782e-03 -8.78129806e-03 -4.65611070e-02
  3.56118614e-03  3.54191177e-02 -4.86086793e-02 -9.53522176e-02
  1.97244212e-02  1.74690355e-02 -7.34993070e-02  5.04685380e-02
  6.25944510e-02 -3.96179818e-02 -4.07297984e-02  6.02858663e-02
  1.27360579e-02  1.34916939e-02 -1.91470459e-02  5.09247035e-02
 -1.18171714e-01 -2.99192611e-02  4.21266071e-02  3.77433980e-03
 -4.41858657e-02  4.91194911e-02 -2.57623568e-02  2.30629891e-02
  4.60236408e-02  5.14222048e-02  3.39736566e-02  1.63894948e-02
 -2.36543361e-03  2.50570364e-02  3.42986882e-02  3.51069756e-02
  5.59329009e-03  5.34765907e-02  9.75885801e-03  3.61509796e-04
 -1.29484255e-02  1.49113508e-02 -8.61712266e-03  2.52675340e-02
 -3.94001156e-02 -1.77599036e-03 -3.18902172e-02 -6.51927814e-02
  4.81470563e-02 -4.09730524e-02 -5.73734753e-03 -1.11781741e-02
  2.01427098e-03  2.08777394e-02 -2.85885893e-02 -9.72426403e-03
 -2.88256444e-02 -2.62994077e-02 -1.48002189e-02 -3.29760648e-02
 -1.85193960e-02  1.84037052e-02  6.15492417e-03  1.93024930e-02
  5.99223822e-02 -5.24887666e-02  2.71514524e-02 -3.01750936e-02
 -1.80893969e-02 -2.08830534e-04  4.43304591e-02 -4.31462005e-02]","[np.float32(-0.04), np.float32(-0.03), np.float32(0.0), np.float32(0.03), np.float32(0.08), np.float32(0.05), np.float32(-0.02), np.float32(0.08)]"
review_para_11,"We stress the notebook to identify for any potential throttling or stability issues. When subjected to Prime95 load, we can observe a CPU clock rate as high as 3.9 GHz while core temperature slowly rises to 89 C. Once this threshold is reached, the clock rate begins to alternate between 2.0 GHz and 2.7 GHz in order to keep temperatures in check. Since the base clock rate of the i7-8565U is 1.8 GHz, the CPU in our Asus is able to maintain at least a 200 MHz Turbo Boost at all times when under extreme CPU stress. Our screenshot below shows this in action including the alternating clock rate pattern.

Running Prime95 and FurMark simultaneously to stress both the CPU and iGPU will throttle clock rates even further as the system struggles to satisfy the processing demands.",412885,Asus,Asus Zenbook Duo 14 UX482EGR-KA711WS,1050.0,USD,412885_review_para_11,778,"[ 1.58923343e-02 -2.00023931e-02  9.87649057e-03 -3.60164605e-02
  4.02093492e-02  6.60732249e-03  5.93500920e-02  4.13485765e-02
  4.29665558e-02 -1.07411342e-02  2.96433885e-02 -1.58370547e-02
 -5.11389449e-02  2.44364198e-02  2.74489913e-02  5.17262593e-02
  2.23311018e-02  8.68694484e-03  1.79817732e-02 -2.07063465e-04
  3.27899121e-02 -1.58634335e-02  4.18971889e-02  5.91397285e-02
 -1.96554195e-02 -3.97469923e-02  1.58363115e-02 -1.57357901e-02
 -2.12692544e-02  3.10647320e-02  2.28500087e-02  5.06602377e-02
 -2.80011464e-02  3.60692479e-02  2.79007368e-02  2.59668455e-02
 -2.50330642e-02  3.96668091e-02 -2.46052481e-02  4.99619544e-03
 -5.17474068e-03  1.04207462e-02  2.29093339e-02 -1.82437580e-02
 -5.95539510e-02  3.24318148e-02 -1.50422212e-02  5.22643030e-02
  1.94141343e-02 -3.32350396e-02 -5.04148677e-02  2.37391163e-02
  5.73459305e-02 -9.07493010e-03  4.77929898e-02  7.54355686e-03
  7.38371490e-03 -3.32215354e-02  2.18795836e-02 -5.77145629e-02
  6.74948543e-02  1.54807046e-02 -1.80623215e-02 -2.71128286e-02
  7.61758210e-03 -6.56803250e-02  3.57295051e-02  4.27796058e-02
 -3.04055586e-02 -1.52254552e-02 -1.27323885e-02  1.99550930e-02
  1.46927731e-02 -2.59180721e-02 -5.08781336e-03 -1.57630457e-05
 -1.38263013e-02  3.77878956e-02  8.85855705e-02  4.15506884e-02
  1.62529340e-03  1.70507096e-02  3.73700261e-02  6.61548227e-02
 -3.70195741e-03 -2.74378303e-02 -3.43145281e-02 -1.84196848e-02
  9.55811329e-03  7.92571008e-02  1.64738018e-02 -1.78220998e-02
  1.89181864e-02 -2.81566232e-02 -3.67690064e-02  1.43607892e-02
  2.20226757e-02 -6.27944525e-03  5.41002769e-03  1.72594711e-02
 -8.14536307e-03 -4.38398458e-02  2.72561107e-02  2.75346283e-02
 -5.44729084e-02 -2.54560579e-02 -1.88460443e-02 -2.34850124e-02
  1.73618663e-02 -9.93178040e-03 -1.37513196e-02 -2.10371632e-02
  5.03254880e-04  2.88105775e-02 -5.98425344e-02  9.98210162e-02
  7.30870524e-05  6.67603733e-03 -4.51717302e-02 -4.15257737e-02
  9.29830596e-03  6.82612658e-02  1.41197257e-02  3.72575335e-02
  1.69600546e-02  7.42759183e-02  4.07344848e-02 -1.65593997e-02
 -2.93316366e-03 -5.29509410e-02  1.35545284e-02  2.79653724e-02
 -4.80623031e-03  1.27840908e-02 -3.01743997e-03  3.92091684e-02
  3.50210927e-02 -7.94417318e-03  6.29405454e-02  2.88862344e-02
  7.82067608e-03  1.58228725e-02  2.15303861e-02 -4.46041301e-02
  4.43068594e-02  1.95092540e-02 -9.08643939e-03 -1.86275132e-02
  3.49207968e-02 -9.72802285e-03  1.05678616e-02  3.02683059e-02
  1.55025609e-02 -6.04253672e-02  2.67344434e-02 -2.42937915e-02
  4.26241904e-02  6.18800893e-03 -2.01471858e-02 -5.18950587e-03
 -1.01504941e-02  3.67847155e-03 -6.69683293e-02  5.39446063e-02
 -2.15727352e-02  4.38914374e-02  6.48046806e-02 -1.50082316e-02
 -1.70588642e-02  3.23445424e-02 -5.68526872e-02  2.27140971e-02
  5.02535440e-02  3.60184126e-02  1.69885214e-02  9.02950987e-02
  6.06330819e-02  2.76425648e-02  2.42180899e-02 -7.85943400e-03
 -7.33095035e-02  3.53882760e-02 -4.30492917e-03  3.32081318e-02
 -2.83951461e-02  2.21066754e-02  6.51414543e-02 -7.60557549e-03
 -3.05612534e-02 -2.04541162e-02 -4.81248759e-02 -2.59881914e-02
  7.63644949e-02 -1.61116850e-02  5.80374524e-03 -4.81085926e-02
  5.76419244e-03 -2.65389569e-02  1.79052092e-02  4.71367091e-02
 -4.77816770e-03 -2.27779262e-02  6.67050406e-02 -4.56858836e-02
 -9.07815546e-02 -2.26738825e-02  2.28379145e-02 -1.29409106e-02
  4.85177676e-04  2.21524965e-02  3.65291908e-03 -2.33847965e-02
  4.35066111e-02  3.82465012e-02 -3.78932841e-02 -7.04880757e-03
 -1.17434626e-02 -1.84215326e-02  2.41391901e-02 -1.73048098e-02
  1.09135946e-02  2.78698542e-04 -1.10882493e-02  4.00931723e-02
 -4.29937653e-02  3.81991416e-02  2.30288412e-02 -4.43459414e-02
 -5.00443205e-02  3.62363644e-02 -6.35199947e-03 -3.52697819e-02
 -8.18671426e-04 -9.20564588e-03 -1.02256751e-02  1.17474636e-02
 -8.13967828e-03 -2.88362149e-02  4.37610447e-02 -2.50378847e-02
  2.26304326e-02  5.41131049e-02 -2.59868597e-04  3.27319801e-02
  1.38015981e-04 -1.00876484e-02  2.88130976e-02 -1.68229844e-02
 -4.37651277e-02 -1.03196837e-02 -6.37328327e-02 -5.32829342e-03
  7.21626403e-03 -4.76781167e-02 -2.79369336e-02 -7.59781376e-02
 -1.33172823e-02  5.83128892e-02  4.22905292e-03  8.10570456e-03
  6.86390549e-02  1.18955895e-02 -2.36603823e-02  1.71183646e-02
 -8.61253310e-03 -8.88249502e-02 -3.02638561e-02 -9.37633868e-03
  3.41133438e-02 -2.52960026e-02 -3.55019793e-02 -3.15567199e-03
  2.82651838e-02 -2.40017902e-02  2.06179135e-02 -6.55047446e-02
 -1.58379842e-02  1.59926359e-02  2.01843455e-02 -2.45123394e-02
  6.16006777e-02  8.79745707e-02 -4.08367962e-02 -5.85325137e-02
 -2.53161658e-02 -7.47980271e-03  2.36612074e-02 -4.29641269e-02
 -4.44227904e-02 -2.14583818e-02 -1.06851570e-02 -2.41347812e-02
 -3.89892347e-02  4.16312590e-02  1.72078740e-02  1.92441680e-02
  2.89860442e-02  6.76632598e-02 -1.03045139e-03  2.41571455e-03
  2.64735352e-02 -3.23498398e-02  3.25499172e-03 -2.87148394e-02
 -3.82227413e-02 -8.99234563e-02  2.10774671e-02 -6.35119453e-02
 -2.28121504e-01 -8.62560328e-03  2.29213107e-02 -5.61780035e-02
  3.39969760e-04 -8.72794446e-03  1.52747193e-02  2.90622860e-02
 -7.29139382e-03 -5.64300967e-03  5.04398048e-02  6.19379897e-03
  2.58446988e-02 -1.52237024e-02 -1.04990583e-02  3.12850974e-03
  3.39679606e-02 -2.52960362e-02 -3.80588137e-02 -2.09288243e-02
  1.39550790e-02 -1.09012656e-01 -1.24965841e-02 -2.50065606e-02
  9.63650458e-03 -2.28422619e-02 -2.34598834e-02 -1.73379984e-02
 -3.28615718e-02 -1.79622341e-02  5.10834232e-02  2.55251722e-03
  1.91620406e-04  8.73747107e-04  3.55155431e-02  2.13188026e-02
  2.01548599e-02  2.28436049e-02  1.78885739e-02  3.88944745e-02
  2.70664748e-02 -2.95874719e-02  1.26997391e-02 -2.73981281e-02
  6.87648356e-02  2.18580514e-02 -4.42640856e-02 -4.15057726e-02
  2.73384042e-02  4.01944891e-02 -4.56390679e-02 -3.28618176e-02
 -5.74741960e-02  3.93916592e-02 -7.60355741e-02 -2.61141756e-03
 -1.52427563e-02  1.93995312e-02 -2.33197026e-02  3.55695584e-03
 -5.03645763e-02 -5.22468872e-02 -2.79342793e-02 -2.34444719e-02
 -8.18321574e-03 -1.88035879e-03 -1.56283304e-02 -3.18370052e-02
  1.46996405e-04  2.03434806e-02  1.74461142e-03 -2.36188322e-02
  2.48559508e-02 -9.18668956e-02 -1.48510067e-02 -1.96448267e-02
 -3.08061279e-02  4.88784127e-02 -5.17120771e-02  6.16705902e-02
 -3.71329091e-03 -3.78812328e-02 -1.94187369e-02  1.92071311e-02
  1.03833862e-02 -1.61874723e-02 -3.25841494e-02  1.20302932e-02
  5.67251816e-02  1.74437743e-02  3.63326110e-02 -3.57013047e-02
 -2.86845453e-02 -6.27777949e-02  1.69960670e-02  1.97647400e-02
 -5.39581031e-02  6.36003772e-03  5.69671541e-02  8.90943967e-03
  1.60289630e-02 -6.15316592e-02  2.87363026e-02 -3.81842479e-02
 -1.04808370e-02 -1.61453635e-02 -1.70077279e-03 -1.67533420e-02
 -2.28887680e-03  1.11630801e-02 -3.36623676e-02 -3.63192260e-02
  1.79655999e-02 -2.55455952e-02  1.06389811e-02 -1.15024233e-02
  9.54073295e-03  3.28177512e-02 -1.87762678e-02  3.16261570e-03
 -9.91541594e-02  3.37190926e-02 -4.18876968e-02 -4.61420976e-02
 -5.36627546e-02  6.09438419e-02 -1.71906482e-02  2.53288746e-02
 -6.92571793e-03  4.22411412e-02 -1.24042826e-02  2.92923264e-02
  3.73648689e-03  2.18545478e-02 -9.95889399e-03  4.69479561e-02
  6.95178472e-03 -1.48028089e-03  6.21749135e-03  2.59901509e-02
 -1.08710006e-02  4.38361131e-02  2.97614112e-02 -7.22088572e-03
  4.67777364e-02  6.78717196e-02  4.74491604e-02 -5.56624494e-02
  1.26984036e-02  9.42135789e-03  2.14205552e-02 -3.09757348e-02
 -2.95262877e-02 -6.77457452e-02 -5.38448356e-02  4.60157096e-02
  1.25827016e-02  3.19638364e-02 -7.05127791e-02 -2.68953666e-02
  2.68204436e-02 -2.06430871e-02 -9.44331102e-03 -1.73845980e-02
  2.18623430e-02  5.79318479e-02 -6.64561661e-03 -2.73483470e-02
  2.79732086e-02 -6.29260857e-03 -2.72804778e-02 -1.83152896e-03
  2.65069096e-03  3.35816480e-02  4.83214892e-02  6.69162394e-03
  8.12333822e-03 -6.33409061e-03  4.68274318e-02 -1.33039411e-02
 -1.43785253e-02  6.36077195e-04 -1.65086742e-02  4.54106331e-02
  4.48781848e-02 -3.15946266e-02 -1.35285212e-02 -1.92709789e-02
  2.43043490e-02 -1.81425661e-02 -8.28393176e-03 -2.42951103e-02
  4.61283624e-02 -6.29914626e-02  1.23914164e-02 -2.47307736e-02
  4.73759957e-02  5.81575930e-02 -1.02532553e-02 -6.30191863e-02
 -4.86776493e-02  5.38669787e-02 -7.55864196e-03  1.88615322e-02
  7.24249333e-03 -3.67307253e-02 -4.54281544e-04  1.43156135e-02
  2.31655594e-02  4.80024517e-03 -7.43712438e-03 -2.55520307e-02
 -1.02575058e-02  4.21327762e-02  9.41179786e-03 -8.79843719e-03
 -2.11838894e-02 -5.07104024e-02  1.75559130e-02 -2.26709042e-02
 -2.28784382e-02  3.66746588e-03  9.30333696e-03 -7.31187537e-02
  6.32209657e-03 -1.55887604e-02  3.81173305e-02  2.46083755e-02
  3.80642004e-02 -3.35361771e-02  2.57952791e-02 -3.65245454e-02
  4.42244411e-02 -5.69771335e-04 -3.80682349e-02 -1.23601519e-02
 -2.27568522e-02 -1.73129309e-02  1.90465450e-02  3.20423767e-02
 -1.31116929e-02 -1.64119527e-02 -4.72824238e-02  1.41022857e-02
 -2.39723828e-02 -9.34949821e-06 -1.88964419e-02  1.26471566e-02
 -4.73465659e-02  4.71821949e-02 -4.44463864e-02 -3.31738149e-03
 -2.27286108e-02  6.25446206e-03  3.65503021e-02 -5.72245382e-02
 -2.65780371e-02  6.14602305e-03 -5.21282814e-02 -2.67518703e-02
 -2.88907140e-02 -5.45636751e-02 -1.57713406e-02  5.44439182e-02
  1.76165123e-02  6.01559831e-03 -2.02229321e-02 -1.99986920e-02
  9.31351073e-03 -1.03273727e-02  1.13654751e-02 -2.84471810e-02
  3.49670276e-02  2.00066771e-02  1.90940443e-02  3.96639444e-02
  4.18417603e-02  2.77065337e-02  6.25614896e-02 -5.52284829e-02
 -3.75955389e-03  2.43811049e-02  6.09449297e-03 -2.41258610e-02
 -4.09492617e-03 -3.58958840e-02 -1.81945395e-02 -3.78475040e-02
 -5.70086017e-02  2.96943169e-02  3.18563804e-02 -2.65156443e-04
 -2.10235734e-02  2.17286013e-02 -5.20530604e-02 -5.09679830e-03
  4.70948555e-02 -3.41835222e-03 -3.59908864e-02 -3.78369093e-02
 -2.75224913e-02  5.58054447e-02  3.25077660e-02  4.30855565e-02
 -1.90039054e-02  2.99580907e-03  1.41397948e-04 -3.48225459e-02
  3.99329234e-03  6.69474760e-03 -2.78240498e-02 -4.09939028e-02
  5.32084778e-02  3.94795686e-02  1.32471137e-03 -8.55653267e-03
  4.98569384e-02 -3.10563203e-02 -1.02195881e-01  2.37670448e-02
  5.73879713e-03 -1.62355863e-02  7.42066577e-02  4.38150344e-03
  6.13611415e-02  7.86027014e-02 -2.13063955e-02  5.31203579e-03
  4.94065657e-02  7.64232650e-02  6.33757189e-02 -1.31519409e-02
 -6.77699372e-02  7.94867054e-02 -2.59855278e-02 -5.16884364e-02
 -4.10709903e-02 -3.11514493e-02 -4.78245579e-02 -2.63749994e-02
  1.61578469e-02  9.24154669e-02  3.99766229e-02  9.35998261e-02
 -2.61486713e-02  3.11795920e-02  4.20445502e-02  2.90811006e-02
  1.97033342e-02  8.01760107e-02 -3.46654765e-02  1.07124494e-03
 -8.95502418e-03  9.22472775e-03  1.05108572e-02 -1.80315729e-02
 -2.51812651e-03  3.21507338e-03  1.34650357e-02  1.92389321e-02
  1.37755172e-02  1.94207244e-02  7.12838918e-02  1.80440508e-02
 -2.68038940e-02 -7.05569237e-02  5.02762292e-03 -1.24905761e-02
 -2.43876446e-02 -5.08583523e-02 -5.30013442e-02 -3.79914455e-02
 -3.24088857e-02 -8.64853710e-03 -5.08525781e-02 -3.62472273e-02
  1.55311348e-02  1.42698865e-02  1.95890795e-02  7.22322166e-02
 -6.04202114e-02 -3.57124060e-02 -3.79153304e-02 -6.17762841e-02
  8.91202595e-03 -2.81010065e-02 -1.48743922e-02  7.82794505e-03
 -1.88900027e-02 -1.68212708e-02 -1.11282803e-02 -5.84445745e-02
 -1.29656699e-02 -4.69033420e-03 -6.76282272e-02 -8.18700567e-02
  5.47958463e-02 -3.71057237e-03 -3.27858366e-02  3.85507867e-02
  7.45907351e-02 -3.45592052e-02 -2.15633516e-03  6.06935322e-02
  1.20961741e-02  2.29679560e-03 -8.68767314e-03  1.59838833e-02
 -7.78703839e-02  1.16241956e-02  1.73976365e-02 -7.53055001e-03
 -4.19371426e-02  1.58797279e-02 -1.51175233e-02 -4.03029285e-02
  5.11196144e-02  8.64657387e-03  4.47331853e-02 -7.13272989e-02
 -7.68281007e-03 -1.00756399e-02  4.78320792e-02  2.44387351e-02
  2.26999745e-02  7.93067068e-02  3.66597325e-02 -4.25762981e-02
 -6.40494237e-03  2.99082827e-02 -1.59263760e-02  4.03966568e-03
 -1.90550629e-02 -1.65688638e-02 -6.26571104e-02 -5.66339754e-02
 -1.84810208e-03 -2.49818210e-02  1.17163232e-03 -3.17000300e-02
  4.30456288e-02 -1.95945445e-02  1.30085768e-02 -4.14243899e-02
  1.06112193e-02 -2.43410971e-02 -3.09352037e-02 -5.04755862e-02
 -4.40629348e-02 -5.17083390e-04 -5.47211580e-02  7.86180515e-03
  2.98713259e-02 -1.08526349e-02  3.55846919e-02 -1.17262537e-02
  1.82570389e-03 -1.09229246e-02 -7.42744002e-03 -2.02869959e-02]","[np.float32(0.02), np.float32(-0.02), np.float32(0.01), np.float32(-0.04), np.float32(0.04), np.float32(0.01), np.float32(0.06), np.float32(0.04)]"
review_para_5,"Despite the low contrast ratio, the image quality is decent. However, black areas can be considered more gray and colors are not reproduced very vibrant. In the state of delivery, the color deviations are only slightly elevated compared to the sRGB color space. On the other hand, the display in the similar ROG Strix Scar III 531GW with a Core i9 CPU delivers better values. We also noticed a blue tint. However, with our calibration, these values could be improved considerably, and the slight blue tint was also reduced. We have linked the corresponding ICC profile of our test unit, and you can find the download above our comparison chart.",417698,Asus,Asus ROG Strix Scar 17 G733ZW-LL139WS,2350.0,USD,417698_review_para_5,644,"[-7.30288727e-03 -3.34175676e-02  3.09768924e-03  1.14891129e-02
  1.82104837e-02  1.35804275e-02 -5.87808760e-03  7.50139058e-02
 -1.36599680e-02 -4.77007329e-02  3.05432752e-02  1.16803646e-02
 -2.38612071e-02  5.45930900e-02  2.84663308e-02  8.13272670e-02
  4.00086306e-02  1.88867971e-02 -1.75700467e-02  1.49749070e-02
  1.08168609e-02 -5.39631909e-03  1.96308107e-03  2.58237422e-02
  3.02489772e-02 -3.56130279e-03  3.78620401e-02  5.22412881e-02
 -5.34134842e-02  3.60480556e-03  5.21398149e-02 -3.19740586e-02
 -3.29193324e-02 -1.14222830e-02  5.56822792e-02 -2.45274603e-02
 -7.43822232e-02  2.47681960e-02 -1.74598582e-02 -2.62968224e-02
 -1.43901361e-02 -1.16940588e-02  1.96634233e-03  1.99797302e-02
 -2.88098250e-02 -9.41719394e-03 -7.00120535e-03  5.09458408e-02
 -1.62318647e-02  2.97546536e-02 -2.26409044e-02  2.03488376e-02
  1.00329667e-02  4.58512269e-02  1.53419664e-02  4.77637574e-02
  3.48310731e-02 -3.00661735e-02 -2.43827552e-02 -3.06702778e-02
  5.98874241e-02 -2.22646445e-02 -6.68379595e-04  8.96568410e-03
  7.23890495e-03 -3.12321316e-02 -1.62281338e-02 -1.13471383e-02
 -2.20151488e-02  2.30310368e-03  2.98452843e-03  2.01991410e-03
  2.60622501e-02 -2.20434237e-02 -2.22766586e-02 -1.94446109e-02
 -1.71629786e-02  1.99317914e-02  4.26299646e-02 -3.42078656e-02
  8.26423988e-02 -2.91042794e-02  4.11781259e-02  4.78966422e-02
 -2.12153122e-02 -5.72753185e-03  3.93314660e-02 -5.03967293e-02
 -1.60528142e-02  5.02633639e-02 -2.41676774e-02 -6.31727129e-02
  7.81447962e-02  5.30680455e-02 -4.93238913e-04 -3.88828702e-02
  2.56497543e-02 -1.78772341e-02 -7.74969067e-03  1.26930361e-03
  3.21312100e-02 -6.86899805e-03 -2.02784203e-02  3.41637828e-03
 -9.87177417e-02 -1.46234324e-02 -2.19824780e-02 -3.61877717e-02
 -5.29383263e-03  7.19937310e-02 -4.86501381e-02  8.70355405e-03
  3.72361653e-02  5.60570159e-04 -7.22388923e-02  2.70500034e-02
 -9.59796086e-03 -2.28318316e-03  4.11284203e-03  1.23647728e-03
  3.43517549e-02  8.19995180e-02 -3.16706151e-02  7.05007613e-02
  3.17253619e-02  3.12421601e-02  8.18377547e-03  3.92066985e-02
 -5.43604158e-02 -5.26439324e-02  4.04397622e-02  4.31774892e-02
 -4.96706553e-02  2.36439761e-02 -6.91377465e-03 -3.61791067e-02
  2.83667147e-02 -4.03427444e-02  1.27294650e-02 -7.74414930e-03
 -2.38335636e-02 -7.33957961e-02  6.94711655e-02 -6.68930029e-03
  1.20919915e-02 -1.71711408e-02  3.19806533e-03 -4.19661589e-02
  4.37690727e-02  1.55044599e-02  1.50328148e-02 -1.56555660e-02
  1.99551713e-02 -7.22123533e-02 -1.09582925e-02  5.35111241e-02
 -3.65572167e-03  1.11873848e-02 -1.07719684e-02 -2.11234130e-02
  1.36087257e-02  2.00003409e-03 -1.80152804e-02  2.73122638e-02
 -1.04865208e-02  4.50816266e-02  2.48130318e-03 -2.04328299e-02
 -3.22578289e-02  2.72497395e-03 -2.54969224e-02 -1.81313567e-02
  3.48852277e-02  1.48867397e-02 -1.76089220e-02  8.38148594e-02
  8.51942301e-02  5.14928401e-02 -1.56580913e-03 -9.69000719e-03
 -6.04538135e-02  7.62465037e-03 -3.27992663e-02  2.04766672e-02
 -2.11830530e-02 -1.94534101e-02  7.12826028e-02 -1.28456885e-02
 -6.66389912e-02 -9.82168596e-03 -7.44341165e-02 -3.70863676e-02
  3.04503888e-02  3.15520354e-03  5.12673259e-02 -4.69134003e-02
 -1.98363941e-02  1.84391681e-02 -2.43440960e-02  6.79357946e-02
  2.02239137e-02 -3.77045125e-02  5.03434949e-02 -3.12817059e-02
 -6.83352351e-02 -3.54090817e-02  3.37576866e-02 -5.18645532e-03
 -5.43635003e-02  3.84112187e-02  2.08162982e-02 -3.68763059e-02
  1.88996699e-02  6.01527728e-02  1.10907471e-02 -7.85590149e-03
  1.65978614e-02 -3.49831320e-02  9.61716194e-03 -1.88250355e-02
  3.16085070e-02 -1.30326375e-02 -1.02224452e-02  2.15987004e-02
 -1.81807075e-02  7.44690672e-02  5.17735817e-02 -5.28481826e-02
  3.57034081e-03  1.18333381e-02 -2.53846217e-02  5.61932276e-04
 -2.85646971e-03  2.09012385e-02 -5.54442592e-02 -4.87738587e-02
 -3.17020081e-02 -5.36145782e-03  3.27583961e-02 -4.63918298e-02
 -2.04966180e-02  2.80189570e-02  2.08778307e-02  4.56555299e-02
  4.74273367e-03 -1.50406836e-02  3.27346697e-02 -4.29148041e-03
 -3.99285518e-02 -2.32107881e-02 -4.94691692e-02  2.78518684e-02
  2.84924638e-03 -2.22207233e-02  1.53777506e-02 -2.75760256e-02
 -6.40237704e-03 -8.81097629e-04  1.84613727e-02  6.13219701e-02
  2.74651200e-02  3.80541235e-02 -5.85689908e-03  9.50269029e-03
 -4.27275896e-02 -6.90420792e-02 -6.35722056e-02  8.22667673e-04
  9.53550567e-04  3.64226848e-02  1.62397604e-02  2.03427039e-02
 -1.83223048e-03 -8.56391061e-03 -1.39180208e-02 -2.26875935e-02
  6.37596427e-03 -2.71738111e-03 -1.21743111e-02  3.22551131e-02
  1.97971351e-02  8.37115273e-02 -3.20677832e-02 -3.29590291e-02
 -1.10657876e-02  2.24175793e-03  1.61182731e-02 -2.82843113e-02
 -5.84494285e-02  5.16117290e-02 -1.19811511e-02  6.09323978e-02
 -1.56858321e-02  3.99599448e-02  7.30812699e-02  2.82950643e-02
  4.41046767e-02  4.61267028e-03 -3.36665590e-03  1.00135040e-02
  9.41138715e-03  2.20542550e-02  5.55904433e-02  3.76993902e-02
 -3.14544067e-02 -5.48973233e-02  3.54619958e-02 -4.09919210e-02
 -2.60130018e-01  1.47932032e-02  2.29513012e-02  1.04020652e-03
  3.19753252e-02 -3.76707055e-02 -1.66801400e-02 -1.97325535e-02
 -1.24243256e-02  6.56674430e-02  1.23265339e-02  1.56392984e-03
 -3.79004814e-02  3.70851047e-02  2.85874903e-02 -1.72098447e-02
  1.13984896e-02 -6.74095657e-03  2.25829147e-02  4.96755354e-02
 -1.60031132e-02 -5.01696654e-02 -3.22697088e-02 -1.44057209e-02
  1.77263897e-02  4.71358001e-02 -5.21833040e-02 -5.15412679e-03
 -4.91322763e-02 -9.15793888e-03  1.74386408e-02 -2.32868679e-02
 -2.05559023e-02 -1.20983757e-02  2.26717070e-02 -3.09857633e-02
 -1.65886916e-02 -1.56003721e-02 -6.05497602e-03  2.35914830e-02
 -4.16353717e-03 -6.32863492e-03  1.22679612e-02  6.55913204e-02
  6.02957942e-02 -3.29044424e-02 -5.60737476e-02  1.07527932e-03
  4.99884821e-02  6.50653839e-02 -2.41879188e-02 -2.39493065e-02
 -6.33153915e-02  3.96196060e-02 -8.03246126e-02  2.51583997e-02
 -1.15512926e-02  6.70952350e-02 -2.04068106e-02 -1.16564697e-02
 -6.31324723e-02 -2.49047820e-02 -6.23659194e-02 -2.44330405e-03
 -6.30948320e-03 -3.68249379e-02 -7.19798263e-03 -2.80622039e-02
  3.33021916e-02  2.33675390e-02  1.04404492e-02 -1.01987310e-02
 -2.98948362e-02 -7.21418113e-02  2.49476470e-02 -4.25008535e-02
 -3.82005535e-02  5.97445620e-03 -5.52140996e-02  3.64859663e-02
 -7.64029706e-03 -7.70011768e-02  6.21477328e-02 -1.43641252e-02
 -4.38096821e-02  2.63144611e-04  2.08116639e-02  2.11400948e-02
  1.45934522e-02 -4.21865704e-03  8.81896839e-02 -2.56161224e-02
 -4.24075611e-02 -5.31841032e-02  3.66727524e-02 -6.41796179e-03
  4.38774303e-02 -4.15754355e-02  4.15254086e-02  1.50162503e-02
  2.60889307e-02 -3.01739462e-02  4.87329848e-02 -1.63596682e-02
 -5.54750450e-02  5.12906164e-03 -1.68480109e-02  1.51938964e-02
  9.98375658e-03 -1.85457505e-02  3.85658047e-03 -1.06544523e-02
  1.03050582e-02  5.56857884e-03  4.97714616e-02 -2.12748200e-02
  6.84957281e-02  1.94439236e-02 -7.27357296e-03  6.67346176e-05
 -5.06808795e-03 -5.39170112e-03 -4.43533361e-02 -8.24530236e-03
 -7.59871081e-02  2.10477170e-02 -2.22507641e-02  2.63762940e-02
 -4.38107923e-02  9.39555094e-03  3.76555100e-02 -2.71628913e-03
  1.84473954e-02  2.83365604e-02  6.10422902e-02 -2.67321747e-02
 -3.09774885e-03 -4.98863729e-03  3.50140259e-02 -2.14616451e-02
 -1.39299519e-02  4.43897359e-02  3.55252065e-02  3.57481800e-02
 -8.87967832e-03 -9.85507015e-03  4.62139249e-02 -2.38325205e-02
  1.07912961e-02 -2.52363943e-02  1.72856655e-02 -6.35841563e-02
  1.24269712e-03 -1.48454411e-02 -4.75392826e-02 -3.75283025e-02
  2.02011187e-02 -6.62503531e-03 -3.62043232e-02 -6.14780746e-02
  6.24200180e-02  9.01950710e-03 -6.77484572e-02 -1.27421832e-02
  3.52682993e-02  3.31309363e-02  1.64103396e-02  1.99538954e-02
  2.17082985e-02  3.45190652e-02  1.09085198e-02 -8.20793509e-02
 -1.01977913e-02 -2.45410074e-02 -2.60398276e-02  3.59790064e-02
 -3.23806214e-03  8.24347197e-04  1.37149934e-02  9.08430200e-03
  2.61406153e-02  4.18754406e-02 -2.52364464e-02 -7.00877840e-03
  4.74478863e-02  6.88682171e-03 -3.14572919e-03 -4.54308325e-03
  3.55193131e-02 -1.77931096e-02  2.66054645e-02 -2.23133992e-02
  1.45900277e-02  6.89571071e-03 -4.17453311e-02 -6.41748533e-02
  2.18009204e-02  1.75103564e-02  7.50734145e-03 -1.83351412e-02
  1.25929182e-02  5.07022962e-02 -3.39223482e-02  1.53569961e-02
  3.06131248e-03 -3.57875936e-02  5.60602136e-02  7.22918883e-02
 -6.12739213e-02 -8.11461173e-03 -3.29918191e-02 -8.27108547e-02
 -3.07387374e-02  2.62181996e-03  1.18540358e-02  2.67804060e-02
 -5.56545220e-02 -4.08737622e-02 -8.11824389e-03  1.29608577e-02
 -6.19956590e-02 -2.66519282e-02 -2.06412263e-02 -4.69221473e-02
 -1.26845716e-02  4.00241055e-02  9.59026441e-03  2.86334902e-02
 -5.97381126e-03 -4.99859490e-02  3.32513601e-02 -1.64471734e-02
 -5.10571757e-03  6.52808622e-02  2.27766428e-02  7.04413429e-02
 -4.63791154e-02  3.85739119e-03 -5.82183525e-03  2.11097430e-02
  5.62157074e-04 -3.54102775e-02  6.05307193e-03  1.32621182e-02
  2.73904838e-02  3.05665806e-02  9.10468213e-03 -9.25243273e-03
 -6.97057471e-02  5.33650145e-02 -2.83036418e-02 -1.94865204e-02
  1.39875384e-02 -9.40822531e-03  5.11639081e-02 -5.85743636e-02
 -3.71380039e-02 -3.07988040e-02 -8.05973038e-02  2.36384403e-02
 -1.79036986e-02 -1.55032976e-02 -1.14191100e-02  6.25073118e-03
  2.26081572e-02  1.91450641e-02  1.88632682e-02 -2.74984427e-02
  3.93043533e-02 -2.47000027e-02  3.69954221e-02 -1.57749280e-02
  2.21196413e-02  5.72036467e-02  1.23572862e-02  2.21443754e-02
 -3.82684022e-02  1.52093796e-02  1.38511704e-02 -4.71649617e-02
 -3.31632420e-02 -3.73217394e-03  1.54720806e-03 -3.03484164e-02
 -2.25450490e-02 -5.70907537e-03  8.64057243e-03 -2.35164985e-02
 -2.15541758e-02 -1.41017111e-02  6.40366226e-02  4.56089452e-02
 -2.25797924e-03  1.29953045e-02  2.60769622e-04 -1.68962423e-02
  2.63604280e-02  3.94407697e-02 -1.65982507e-02  2.62314677e-02
 -8.33829120e-03  9.07865688e-02  4.53941636e-02 -1.49495890e-02
  7.06804916e-03 -4.89914976e-03 -2.51674064e-04 -3.88184413e-02
 -4.84017842e-03  2.08348893e-02 -4.12813798e-02 -6.89987019e-02
  3.12125292e-02  1.39566595e-02 -5.80100156e-02 -9.24367085e-03
  3.15644257e-02 -2.08627675e-02 -9.12590604e-03 -1.62097514e-02
  9.29316226e-03  3.24760973e-02  7.57074580e-02  3.20609212e-02
  7.34500354e-03  6.49421439e-02 -6.14831317e-03 -1.09720239e-02
  1.57978907e-02  8.83519575e-02  6.42151833e-02  5.71498796e-02
 -1.59829557e-02  7.90750980e-02 -6.32167980e-02 -4.27082852e-02
  2.08356660e-02  8.54611956e-03 -2.43608374e-02 -2.19066627e-02
 -6.49420486e-04  3.86458673e-02  1.19833350e-02  4.44349982e-02
 -3.57263908e-02 -3.04267369e-02  4.43334058e-02  2.79589859e-03
  6.91027055e-03 -9.24476609e-03  3.15061980e-03 -2.24578977e-02
 -3.35192420e-02  3.72845829e-02  2.19390001e-02 -1.71589907e-02
 -3.88561236e-03 -5.84305078e-02 -2.27400213e-02 -4.12690639e-03
  1.88477375e-02 -4.76456480e-03  3.68825905e-02 -2.46007442e-02
 -8.29353631e-02 -2.37186276e-03 -3.74437347e-02  2.56487485e-02
  2.70836260e-02  6.23083860e-03  1.37616470e-02 -8.97315051e-03
  1.69446599e-02 -1.47757959e-02  2.64057610e-02  1.23783676e-02
  2.60202936e-03  6.12435816e-03 -1.37015581e-02  4.02306616e-02
 -2.07154732e-02 -3.06189358e-02 -5.63437678e-02 -8.74281451e-02
 -4.80116345e-02  1.71245297e-03 -2.84730587e-02 -2.81616375e-02
 -2.25013327e-02 -4.17636521e-02 -4.61296178e-02 -3.22628580e-02
 -8.12795013e-03  2.23310050e-02 -5.28386794e-02 -6.70922473e-02
  5.70524223e-02  4.65038186e-03 -3.87075432e-02  2.59442218e-02
  3.40351127e-02 -4.89384718e-02 -9.95597336e-03  1.05635980e-02
 -7.59309018e-03  2.03992240e-02 -4.55493219e-02  1.66942775e-02
 -8.82121474e-02 -1.71918198e-02  1.74522456e-02 -1.25960996e-02
 -6.60902560e-02  1.17769511e-02 -1.51071530e-02 -4.70281355e-02
  4.54177670e-02  2.24714540e-03  2.60894597e-02 -1.85271464e-02
  9.89964791e-03 -2.57621109e-02  8.75253826e-02  3.15116756e-02
 -1.97417656e-04  3.20965089e-02  7.89015740e-03  3.44694480e-02
 -5.42007107e-03  2.75189802e-02 -5.37627451e-02  3.45143899e-02
  1.47549100e-02  2.39792420e-03 -5.16242757e-02 -8.63091797e-02
  4.01434153e-02 -2.16317587e-02 -1.07721128e-02 -3.71987000e-02
 -1.80767942e-02 -3.45198065e-02  1.40758529e-02 -4.90924120e-02
  4.99949679e-02 -2.14658305e-02 -1.61575153e-02 -3.07058822e-02
 -7.98452552e-03  1.75448116e-02 -5.21733910e-02 -3.09268478e-02
  2.76367962e-02 -4.78053167e-02  3.20671573e-02  6.20443141e-03
 -1.54193100e-02 -4.92773065e-03  5.26104681e-02  7.87457079e-03]","[np.float32(-0.01), np.float32(-0.03), np.float32(0.0), np.float32(0.01), np.float32(0.02), np.float32(0.01), np.float32(-0.01), np.float32(0.08)]"
review_para_20,"Our test device has an Intel Core i5-8250U quad-core processor, which supports up to eight simultaneous threads thanks to Intel Hyper-Threading. The chip also has a 15 W thermal design power (TDP) and clocks between 1.6 to 3.4 GHz. The Core i5-8250U is the ultra-low voltage (ULV) base model of Intel’s Kaby Lake refresh generation that the company introduced in August 2017. The Core i5-8250U is around 40% faster than its predecessor, the Core i5-7200U , primarily because of its additional two cores. Intel has integrated a DDR4 memory controller on the Core i5-8250U too, making the chip particularly suitable for flat laptops and ultrabooks.",414338,Lenovo,Lenovo Yoga Book 530 (81EK00LWIN),900.0,USD,414338_review_para_20,646,"[-1.20984446e-02 -3.25186960e-02  2.06391755e-02 -2.34709047e-02
  2.06500795e-02  1.66480127e-03  2.58013029e-02  8.46169516e-02
  4.06009704e-02 -1.22303013e-02  1.87792424e-02 -3.80070619e-02
 -5.26378937e-02  4.64877151e-02  9.93876252e-03  3.63169275e-02
  5.55436574e-02  4.99766059e-02 -3.89036280e-03  3.20549980e-02
  3.84603664e-02 -3.69251110e-02  4.16395403e-02  3.50235365e-02
 -4.35720012e-02 -1.27162393e-02  5.01956716e-02  6.11215131e-03
 -1.86868701e-02 -2.62562931e-02  2.05096919e-02  1.65434871e-02
  1.64602306e-02 -1.44049358e-02  1.99557133e-02 -2.35043634e-02
 -3.32992412e-02 -3.46507353e-04 -3.54262032e-02  3.28049064e-02
 -2.21307594e-02 -4.15882189e-03  4.00302373e-03 -2.03154031e-02
 -8.72944593e-02  4.81757782e-02  3.74923833e-03  2.53109317e-02
 -4.67822254e-02  2.62286142e-02 -6.57116026e-02  3.43318544e-02
 -1.38617596e-02  1.65259615e-02  3.67376469e-02  4.59558964e-02
  2.12394595e-02 -4.15023565e-02  7.71978730e-03 -2.26876475e-02
  5.14769293e-02 -1.25119537e-02  1.56959258e-02 -8.57053977e-03
  1.08584668e-02 -2.97914017e-02  6.58841862e-04 -8.42152536e-03
 -3.32410485e-02 -2.83623524e-02 -3.11020575e-02 -3.06279561e-03
 -1.74778700e-02 -8.57699476e-03  3.99586149e-02 -1.20330497e-03
  1.15813985e-02  2.12188084e-02  7.76995495e-02  3.76174450e-02
  4.18845527e-02 -3.44952270e-02  2.52252799e-02  6.53546602e-02
 -7.34538480e-04  8.86946637e-03 -3.29865329e-02 -2.11672373e-02
 -4.55669798e-02  7.49885514e-02 -3.14376280e-02 -7.53353909e-03
  3.05114333e-02 -2.99454364e-03 -2.93243229e-02  6.74709119e-03
 -5.97588439e-03 -2.27012634e-02  2.21224893e-02  2.24582609e-02
  4.57857065e-02 -5.08676320e-02  2.68987264e-03  8.25519022e-03
 -6.19613267e-02  1.72696414e-03 -3.76503952e-02 -6.14910126e-02
  6.65097451e-03 -3.05318106e-02 -6.92397580e-02 -8.18249118e-03
 -1.55250942e-02  5.11637740e-02 -7.11804479e-02  7.91286081e-02
 -2.39612181e-02 -1.90282911e-02 -1.74775813e-02 -1.19844580e-03
  4.32570186e-03  4.40838076e-02 -6.77396404e-03  3.58074568e-02
  1.49576226e-02  5.97134456e-02  2.42533119e-04  4.43195319e-03
 -3.61110829e-03 -6.56524673e-02  1.27129455e-03  2.35356223e-02
  1.57163423e-02  1.49533451e-02  1.96137640e-04  2.02852320e-02
 -1.69879403e-02 -1.86019624e-03  1.93760898e-02  1.31066479e-02
 -7.18237925e-03 -2.45761648e-02  3.64619270e-02 -3.19945812e-02
  5.60029559e-02  2.02067103e-03 -7.22667426e-02 -1.26064755e-02
  1.38651356e-02 -3.14871222e-02 -1.06962230e-02  5.94741963e-02
 -2.15462055e-02 -2.24759039e-02  2.99845301e-02  3.75728570e-02
  5.28063513e-02 -6.50023157e-03 -8.00261926e-03 -1.56884512e-03
 -6.91540726e-03  4.26364355e-02 -7.19417036e-02 -1.12463553e-02
 -6.81128725e-03  2.69897562e-02  2.59112511e-02 -1.82452295e-02
 -9.88320913e-04 -2.14203428e-02 -3.00736018e-02 -1.01040993e-02
  6.06905743e-02  2.76927333e-02  2.04775725e-02  4.29794602e-02
  6.63555413e-02 -1.28656616e-02  1.26856836e-02  2.15734001e-02
 -7.65232891e-02  7.31485710e-03  4.46620472e-02  2.00576913e-02
 -6.15165271e-02 -1.13036530e-03  4.72412407e-02  1.79042481e-02
 -3.26049253e-02 -2.14735754e-02 -4.05644588e-02  1.76566765e-02
  4.29550149e-02  3.85245308e-02  4.85434234e-02 -9.46016144e-03
  1.21741835e-02  2.57649049e-02  3.37210222e-04  6.11824319e-02
 -1.15694553e-02 -4.07245271e-02  4.67047878e-02 -7.02751353e-02
 -7.10196123e-02 -1.44302817e-02  5.89728057e-02 -4.62247655e-02
 -2.70619728e-02  1.22254072e-02 -1.11797533e-03 -4.44353484e-02
  5.57534546e-02  5.25995903e-02 -1.63972452e-02  3.11762583e-03
 -2.75933947e-02 -6.07111715e-02  7.16744661e-02 -1.97711084e-02
  1.29775312e-02  3.25253010e-02 -3.68812531e-02  6.13268558e-03
 -1.73266437e-02  4.08430323e-02  1.27758123e-02 -5.00208922e-02
 -8.86364002e-03  2.26544514e-02 -8.66578557e-05 -7.32074212e-03
 -2.12802216e-02 -1.14541780e-02 -1.66702028e-02 -3.99588682e-02
  2.79246420e-02 -1.33458513e-03  6.25485405e-02 -5.11304662e-02
 -3.12119257e-02  9.44046006e-02  1.34770768e-02  3.97329032e-02
  2.71566641e-02 -4.55634482e-02  4.67346013e-02 -1.46074248e-02
  1.39171556e-02 -2.45017968e-02 -8.79329368e-02  7.93566555e-03
  3.93869206e-02 -2.46211663e-02 -1.43630859e-02 -5.96762002e-02
 -1.73864700e-02  6.10623183e-03  2.92338356e-02  3.32928151e-02
  1.90168023e-02  6.77836780e-03 -1.43578425e-02 -8.21798574e-03
 -2.95064021e-02 -1.16479971e-01 -4.27105986e-02  7.69465696e-03
  2.14192607e-02 -5.13651548e-03 -9.36693791e-03  2.72732088e-03
  2.68383715e-02 -5.34230582e-02 -1.47469770e-02 -1.59031451e-02
  1.03299757e-02  1.83514021e-02 -7.12591410e-02  8.45161173e-03
  1.43326505e-03  5.22794239e-02 -3.22659872e-02 -9.86636654e-02
  9.70378984e-03 -6.50536940e-02  2.42473036e-02 -4.35290001e-02
 -1.39330532e-02 -4.08543684e-02  1.95421576e-02 -3.32032181e-02
 -7.75799602e-02 -1.31865907e-02  5.41389696e-02  3.89497317e-02
  2.48240326e-02  1.09230941e-02 -1.73338652e-02 -1.44481659e-03
  1.93025339e-02 -9.75204865e-04  1.13954339e-02  3.70358117e-03
 -6.08117655e-02 -2.47600805e-02  5.42262904e-02 -6.53476492e-02
 -2.12094247e-01 -2.28512306e-02  1.70781964e-03 -5.75808324e-02
  4.02465984e-02  4.94046602e-04 -2.86500752e-02 -1.88099165e-02
 -1.70718208e-02  1.05972998e-02  2.18395498e-02  1.96041469e-03
  1.48696145e-02 -7.56483991e-03  7.20178126e-04 -6.67241588e-03
  2.68550068e-02 -1.39036709e-02 -4.15648036e-02  1.21731041e-02
  7.17730522e-02 -1.02494135e-01 -1.48371160e-02 -3.22612897e-02
  2.93779597e-02 -1.36678631e-03 -2.88016889e-02 -2.70252116e-02
 -4.41880524e-02  6.08376460e-03  7.77600426e-03 -1.35415362e-03
 -1.43966107e-02  3.15258019e-02 -7.13151321e-03 -1.45446798e-02
  1.66461580e-02  2.53404938e-02  1.17242783e-02  3.30105871e-02
  2.46027880e-03 -1.10446205e-02  5.25299693e-03  6.62377570e-04
  5.18021956e-02  2.48619076e-02 -9.93882641e-02 -2.78140735e-02
  1.06228879e-02  4.95063439e-02 -2.00520903e-02 -3.96037754e-03
 -4.07764036e-03  4.50828038e-02 -8.41481015e-02 -4.31609713e-03
 -2.46820934e-02  5.25790751e-02  4.77184076e-03 -9.13779903e-03
 -5.23980521e-02 -2.89392099e-02 -3.34036499e-02 -7.33113959e-02
 -3.61949690e-02  1.85262654e-02 -4.77641262e-03 -1.51234744e-02
  1.32742673e-02 -7.87556637e-03  1.31889293e-02  2.41272966e-03
 -8.06060620e-04 -9.05092657e-02 -5.30369096e-02 -2.20624804e-02
 -4.18829871e-03 -4.08028672e-03 -3.36483978e-02  3.85428183e-02
  2.37156302e-02 -3.47070694e-02 -3.43840905e-02  3.71657126e-02
  2.57903077e-02 -5.72684407e-02 -1.96269881e-02 -4.41302806e-02
  6.11423664e-02 -1.81414168e-02  4.18765843e-02 -4.11420129e-02
 -1.55097218e-02 -3.78541946e-02  3.93725559e-02  1.68185867e-02
  3.93588142e-03  3.84046622e-02  2.63345824e-03  7.04612443e-03
  1.66563541e-02 -1.62838250e-02  6.50964864e-03 -5.42353019e-02
 -3.75563130e-02  1.40543096e-03 -9.64962505e-03  3.33311758e-03
  6.93659857e-03 -3.11914191e-04 -4.02053702e-04 -8.05226564e-02
 -1.40392371e-02 -2.66801361e-02  4.80830632e-02 -3.18573005e-02
  4.82242145e-02  8.61642137e-02 -3.03716939e-02 -1.06631091e-03
 -8.45142230e-02  2.84813922e-02 -2.33358657e-03 -4.24147642e-04
 -2.16910951e-02 -5.53495064e-03 -1.25206755e-02  2.50087045e-02
  8.88698455e-03  6.08116249e-03 -3.05796154e-02  5.47896437e-02
  2.66712252e-02  1.19599476e-02  1.46652823e-02  2.95474809e-02
  1.80075057e-02 -4.75159623e-02 -8.57522537e-04 -3.11570568e-03
 -3.24372128e-02  3.87354456e-02  4.45706435e-02 -3.50568891e-02
  3.75341885e-02  5.12062274e-02  4.88157421e-02 -4.01283279e-02
 -1.33522972e-02  3.78868431e-02 -4.88475384e-03 -3.18157449e-02
 -2.29047574e-02  1.36597804e-03 -4.84813601e-02 -1.64207406e-02
  2.10246211e-03  1.03257801e-02 -3.41365449e-02 -3.78483869e-02
 -4.71486291e-03 -3.41170467e-02 -3.26643661e-02  1.71972252e-02
  1.04142947e-03  8.27075839e-02 -1.03524933e-02 -1.07840914e-03
  2.38321498e-02  1.07595650e-02 -1.26778753e-03 -6.42407760e-02
  2.57566497e-02 -8.56566150e-03  8.41415208e-03  6.16647117e-02
  3.61714065e-02  1.90513823e-02  2.63725091e-02  2.33159456e-02
 -1.08776847e-03  4.57034707e-02 -1.76219139e-02  1.62096005e-02
  2.65790578e-02 -3.64539996e-02 -3.54794376e-02  7.05413055e-03
  4.89905290e-02 -3.47265974e-02  1.92660633e-02  1.69406645e-02
  1.51044149e-02 -3.97651866e-02 -2.79991925e-02 -4.76694815e-02
  2.53181104e-02  3.54982466e-02 -1.70033295e-02 -5.09909093e-02
 -3.10249291e-02  5.27609000e-03 -1.64329913e-02 -5.08390274e-03
  4.67697307e-02 -2.67870557e-02  2.51298752e-02  5.77744171e-02
  3.27026583e-02  3.14883590e-02 -3.65052111e-02 -5.48640862e-02
  4.44619656e-02  2.04904098e-02  1.36821503e-02  4.90710000e-03
 -3.75091024e-02 -1.32673830e-02  2.17849314e-02 -4.00811285e-02
 -1.37326056e-02  3.44931846e-04  2.49323212e-02 -3.70706543e-02
 -4.79316935e-02  3.89366075e-02  3.93866375e-02  3.57043929e-02
  1.96184535e-02 -7.03451484e-02  8.12319666e-02 -6.28220439e-02
  3.18148248e-02  2.68531945e-02  2.66671903e-03  1.25296209e-02
  5.58516756e-03 -2.72504911e-02 -2.00626738e-02  3.95585410e-02
 -5.60996123e-02 -9.80759319e-03 -9.59147979e-03 -3.24428827e-02
 -2.88897846e-02 -2.47656391e-03  2.46284660e-02  3.79885398e-02
 -1.65393725e-02  5.55715226e-02 -7.02675357e-02  6.25964487e-04
 -3.20319319e-03  9.04568564e-03  3.21656428e-02 -6.55621812e-02
 -1.06108887e-02 -2.24608015e-02 -2.77483407e-02 -3.56902219e-02
 -3.10898498e-02 -1.80464834e-02 -5.93449324e-02  2.62540542e-02
 -2.00537965e-02  8.12770426e-03  6.26813481e-03 -2.43079588e-02
  4.45637926e-02 -3.18431519e-02  4.14552689e-02 -4.78042662e-02
 -1.56717766e-02  6.27942523e-03  1.03814034e-02  1.18311243e-02
 -6.57725474e-03  2.54243556e-02  7.00092241e-02 -2.37079989e-02
 -1.64232887e-02  3.26407552e-02  3.52957733e-02  1.56123592e-02
  3.64121124e-02  1.65085110e-03  2.26344932e-02 -3.63538153e-02
 -4.37358879e-02 -3.13009927e-03  2.62154993e-02  1.27839185e-02
  6.83697537e-02  4.20548990e-02 -5.72967306e-02  3.96158872e-03
  1.87230594e-02  5.43540381e-02  1.81573592e-02 -1.23512223e-02
 -7.68681569e-03  7.68955424e-02  7.87577219e-03  6.76209060e-03
 -1.97551697e-02  3.33914459e-02  1.17010456e-02 -4.08185050e-02
 -3.85311781e-03  5.62436553e-03  2.79826783e-02 -3.81408334e-02
  4.60498482e-02  3.42408232e-02 -2.06384230e-02 -5.76154515e-03
  1.51368948e-02 -1.29104946e-02 -5.29957563e-02 -2.15045121e-02
  1.83997164e-03 -4.40096445e-02  5.67628331e-02  4.73851487e-02
  2.04964262e-03  7.29368255e-02  3.13611738e-02 -5.94050586e-02
  2.48316415e-02  7.73578510e-02  3.20614018e-02 -1.75911095e-02
 -4.94928956e-02  8.64025801e-02 -2.28933562e-02 -4.34770100e-02
 -2.94463281e-02 -4.18374576e-02 -7.99930617e-02  4.46310416e-02
  2.82907439e-03  4.21516337e-02  1.83257386e-02  3.88160124e-02
 -6.03573695e-02  4.62239943e-02  3.61011699e-02  3.16435695e-02
  4.67853360e-02  4.99505922e-02 -5.80836926e-03  9.23915766e-03
  3.27572436e-03  1.75873712e-02 -4.23951307e-03 -4.77186218e-03
 -3.41652408e-02 -8.25966184e-04  1.75240673e-02  9.67220590e-03
 -5.06907627e-02  3.47384736e-02  7.50408620e-02  2.08135862e-02
 -7.08804354e-02 -7.60450885e-02  8.71598069e-03 -5.59392348e-02
 -4.63150768e-03  1.12178018e-02 -8.83666985e-03 -2.84158916e-04
  1.77364536e-02  1.98104847e-02 -1.89281311e-02  4.62088324e-02
  2.33205464e-02  2.19010748e-02 -2.95389742e-02  5.79329133e-02
 -3.26958783e-02 -1.74466111e-02 -7.82085881e-02 -3.44623514e-02
  5.21160022e-04  1.52948662e-03 -2.67889258e-03  6.24454319e-02
 -2.49186438e-03 -4.99804355e-02 -7.80596631e-04 -2.38891784e-02
  1.03113269e-02  5.31864390e-02 -6.68384284e-02 -4.78862748e-02
  4.27340232e-02 -4.18323874e-02 -3.29761244e-02  5.61532453e-02
  6.79311603e-02 -2.89167371e-02  1.47682019e-02  4.45484184e-02
 -5.95279550e-03  3.44067104e-02 -1.98342488e-03  1.07796658e-02
 -9.88424569e-02 -7.62597192e-03  3.33445705e-02  5.57705062e-03
 -3.68155614e-02 -1.57432184e-02 -2.06634346e-02 -2.36590728e-02
  4.00449783e-02  2.38829982e-02  4.35771085e-02 -5.18957861e-02
 -1.70128122e-02 -1.63202100e-02  8.76640156e-03  2.37104427e-02
  3.67080647e-04  5.57080023e-02  4.47898321e-02 -9.21601895e-03
 -1.42547414e-02  4.04436141e-02  2.05170307e-02 -2.98778843e-02
 -7.51190819e-03  5.77577157e-03 -4.35488857e-02 -5.72491884e-02
 -8.94759223e-03  3.12011484e-02  4.53234836e-02 -5.47708981e-02
  6.82362989e-02  1.14011616e-02 -2.38401778e-02 -1.10245850e-02
 -2.88726687e-02 -2.80409586e-02 -3.29231769e-02 -2.74447668e-02
 -2.20910311e-02 -3.33693461e-03 -2.78458335e-02 -1.11799631e-02
  3.07320133e-02 -3.22062150e-03  2.28057057e-02 -2.43856702e-02
  5.00067025e-02  3.41902860e-02  1.21775167e-02 -2.85323262e-02]","[np.float32(-0.01), np.float32(-0.03), np.float32(0.02), np.float32(-0.02), np.float32(0.02), np.float32(0.0), np.float32(0.03), np.float32(0.08)]"
review_para_30,"The regular ROG Flow Z13 is unfortunately only available with the RTX 4060 Laptop (or 4050 Laptop and RTX 2050 Laptop, respectively), but all of them are also 65W versions, so this limitation is not necessary. The design of the regular model is much more conservative and more appealing for some users. We are also reviewing the regular version with the RTX 4060 Laptop right now and the review will be published soon. Our perfect ROG Flow Z13 would use the regular chassis with the RTX 4070 Laptop and the thicker keyboard cover of the ACRNM edition, but without the unnecessary lettering. There is still hardly any competition ROG Flow Z13 within the convertible market and you will have to get a 14-inch gaming notebook for a comparable level of performance.",336509,Asus,Asus ROG Flow Z13 ACRNM,3945.0,USD,336509_review_para_30,761,"[-3.13144028e-02 -5.33875898e-02  2.64493097e-02 -3.26634501e-03
  3.68939415e-02  5.91067015e-04 -8.47342308e-04  9.36885774e-02
 -3.40014859e-03  1.19269593e-03 -9.25387256e-03 -1.78803466e-02
 -4.49196286e-02  1.65026207e-02  2.30119750e-02  7.76014924e-02
  4.32605818e-02 -6.93765096e-03  3.78302634e-02 -1.80231279e-03
  5.05147316e-02 -7.04766512e-02  4.11044210e-02  3.10360398e-02
  1.70852523e-02 -9.43142362e-03  4.05009463e-02 -2.20842962e-03
 -2.02123486e-02 -7.14306608e-02  6.81615770e-02 -1.57988183e-02
  3.30224037e-02 -4.42381948e-02  2.95702256e-02 -4.64119390e-02
 -3.14155445e-02 -1.87536683e-02 -5.05318828e-02 -2.63653621e-02
 -3.06352377e-02 -1.20067941e-02 -8.77865776e-03 -1.27569269e-02
 -2.96625122e-02  1.58962086e-02  4.68576606e-03 -1.08981226e-02
 -3.39488313e-02  9.62079410e-03 -4.66548093e-02  5.61436489e-02
 -2.53973925e-03  1.49020702e-02  7.50999451e-02  1.20213283e-02
  2.88746748e-02 -3.32758836e-02 -2.79888026e-02  3.13714240e-03
  5.05159013e-02 -1.11985474e-03 -3.41745652e-02  1.96395442e-02
 -6.47976026e-02 -3.71090956e-02  4.94601279e-02  2.04863586e-02
 -4.66780178e-02 -5.01722544e-02 -3.32734250e-02  5.39923087e-02
  1.31484736e-02 -5.91934323e-02 -3.31542222e-03  1.21801812e-03
 -2.48073172e-02  1.21128513e-02  3.79159302e-02  1.53773716e-02
  7.29875043e-02 -4.07914147e-02 -1.06849642e-02  7.71377981e-02
  4.11339104e-03 -2.29321923e-02  5.83237931e-02 -7.58385984e-03
 -2.73700003e-02  4.50704955e-02 -4.22068760e-02 -3.33185159e-02
  2.22873986e-02  1.28148412e-02 -4.52311635e-02 -3.34673710e-02
 -3.43058333e-02  4.50805621e-03  2.04096716e-02  5.52644022e-02
 -1.57680474e-02 -5.43496497e-02  4.30062711e-02 -2.57782405e-03
 -9.98269022e-02 -5.21287769e-02 -5.02254143e-02 -2.38561612e-02
  4.61718291e-02  2.55072713e-02 -9.91692577e-05 -5.48991421e-03
 -8.76845035e-04 -1.67004094e-02 -6.62277192e-02  8.66535455e-02
 -9.49296542e-03 -2.47755740e-03  7.40635162e-03 -3.44138895e-03
  1.65222101e-02  3.08107659e-02 -2.55606286e-02  6.64855614e-02
  5.15271910e-02  2.34046280e-02 -4.94873039e-02  4.61971238e-02
 -3.07567269e-02 -9.60446298e-02  2.74005756e-02  7.69645423e-02
 -2.65076775e-02 -1.00231590e-02 -8.77701119e-03  7.87911285e-03
 -2.34217453e-03 -1.57842450e-02  5.05704395e-02  3.65984701e-02
 -1.46046774e-02 -5.49981697e-03  5.37638552e-02 -1.49209669e-03
  3.99749689e-02  1.80524401e-03 -1.03805948e-03 -5.91295771e-02
 -3.31531093e-02  1.43620782e-02  3.53283733e-02  2.69916132e-02
  4.12566066e-02 -6.07952140e-02  3.29737104e-02  2.13024355e-02
  3.31965536e-02  1.58307534e-02 -6.79787025e-02 -1.73937958e-02
 -1.86097324e-02  5.09357862e-02  5.94058679e-03  4.92319837e-02
 -3.21303047e-02  3.88514251e-02  6.39647171e-02 -1.26559911e-02
 -1.40926037e-02  2.20024157e-02 -3.42256837e-02 -4.44910042e-02
  6.76796511e-02 -1.38694309e-02  5.20568490e-02  1.13165807e-02
  5.63719869e-02  1.00973649e-02  4.26120199e-02  4.89578471e-02
 -4.95517924e-02  7.49458447e-02  3.39380559e-03 -3.38988099e-03
 -1.13857547e-02 -4.26993668e-02  3.94400619e-02 -3.22754728e-04
 -2.95394324e-02  6.84705982e-03 -5.61818071e-02 -6.08162731e-02
 -2.41350662e-02  3.02412896e-04  5.43862954e-02 -1.81769542e-02
  6.68906793e-03  4.54599112e-02  2.91991625e-02  5.18218465e-02
  8.83069262e-03 -3.89956199e-02  2.53257528e-02 -6.81566074e-02
 -8.59853774e-02 -1.16131557e-02  1.33586321e-02 -4.93383259e-02
 -2.24246383e-02  1.56405568e-02  5.32391132e-04 -4.96440614e-03
  4.11677659e-02 -2.18361453e-03  3.49295400e-02 -1.44244218e-02
  1.93412416e-02 -1.35332923e-02  1.46550452e-03 -2.40914691e-02
  5.27383648e-02 -1.29621159e-02 -1.14554828e-02  3.41356061e-02
 -4.49670479e-02  9.27442238e-02  4.60469611e-02 -4.71185744e-02
 -6.21594898e-02  2.97285356e-02 -2.40999497e-02  2.29363311e-02
  1.86046250e-02 -1.61578530e-03 -2.81705204e-02 -1.42588876e-02
  2.54925974e-02 -6.38151634e-03  3.38578820e-02 -6.39354438e-02
 -1.31256720e-02  7.61451870e-02  1.05241081e-02  6.21225173e-03
 -2.40066112e-03  2.80341581e-02  1.39794992e-02 -6.42158762e-02
  2.12257765e-02 -1.11342482e-02 -3.23372446e-02 -4.05082799e-04
  4.61847223e-02 -2.45424211e-02 -1.91405993e-02 -9.59227607e-03
 -2.70493608e-02 -2.96493061e-02  3.41716595e-02  4.23210673e-02
  3.63453366e-02  5.51831871e-02  5.28149819e-03  2.34206934e-02
 -4.82506379e-02 -9.04901549e-02 -6.79817051e-02  7.04518519e-03
 -4.05208543e-02 -1.72013287e-02 -2.14531086e-02  5.66824526e-03
 -2.20691077e-02 -2.77705602e-02 -3.46056521e-02  1.27617619e-03
 -2.30165441e-02  2.80779693e-02  1.09761143e-02 -1.61692165e-02
  3.52266803e-02  5.38228564e-02  3.30961426e-03 -7.37449080e-02
  9.09306202e-03  1.07607078e-02  2.45204137e-04 -3.09939813e-02
  1.47908526e-02 -5.91393618e-04  2.59716017e-03  8.65168869e-03
 -3.59575190e-02  2.97748744e-02  3.82814370e-02  6.55912310e-02
  2.35905461e-02  1.65493842e-02 -1.46306241e-02  3.54381949e-02
 -1.43551910e-02  5.55325039e-02  2.62621995e-02  2.52593551e-02
 -3.70171741e-02 -4.10832912e-02 -3.29246931e-02 -4.20575477e-02
 -2.18923479e-01 -6.83930982e-03 -2.08670255e-02 -3.70919220e-02
 -1.06407115e-02  4.39901557e-03 -3.18021178e-02 -2.27342397e-02
 -4.67823148e-02  2.42981166e-02 -1.30618531e-02  5.07503469e-03
  8.01059883e-03  3.56133617e-02  2.13545896e-02  1.05007747e-02
  1.64520275e-02 -3.04488447e-02 -3.34859709e-03 -4.41529155e-02
  2.46086400e-02 -3.21585275e-02 -9.16369185e-02 -5.36505282e-02
  1.85498726e-02  1.34029435e-02 -2.73164436e-02 -2.91308556e-02
 -5.03997989e-02  3.13862748e-02 -8.76303203e-03  7.49425683e-03
  2.39935499e-02  2.59632524e-02 -2.86195171e-03 -2.62355767e-02
  3.51750962e-02 -3.20925191e-02  8.19420442e-02 -6.36644522e-03
 -3.03201331e-03 -4.96928878e-02  2.25840078e-04  4.17539701e-02
  2.69227792e-02 -1.90566052e-02 -6.36134669e-02  4.28980420e-04
  3.31474952e-02  3.04410551e-02 -2.54910737e-02 -3.21606323e-02
  1.32790525e-02  1.51558593e-02 -1.32593634e-02  1.33984303e-02
 -2.14761980e-02  1.88717395e-02 -9.61112346e-06  1.23533746e-03
 -4.05310243e-02 -3.19177248e-02 -9.00828615e-02 -4.70828786e-02
 -1.01765245e-02 -2.16538608e-02  9.62525047e-03 -2.86615007e-02
  5.85833080e-02  7.14845583e-02 -9.95021965e-03  1.86344106e-02
 -1.20620271e-02 -6.04824089e-02  1.75598171e-02  1.58235710e-03
  4.53372160e-03  6.82661235e-02 -3.42600793e-02  1.82479713e-02
 -5.36696694e-04 -2.93339174e-02 -1.15920790e-02  1.76648628e-02
 -3.79521474e-02  3.22381072e-02  4.53612469e-02  1.86610445e-02
 -9.29525049e-05  3.99959721e-02  4.31792848e-02 -6.05936646e-02
 -2.27744225e-02 -5.97885698e-02  5.55400401e-02 -6.83104852e-03
 -6.01301678e-02 -1.38047682e-02  8.10248032e-02 -2.76216790e-02
  1.06748017e-02 -1.74885262e-02 -1.17451381e-02 -4.91688168e-03
 -1.91175658e-02  2.27852669e-02  4.65748832e-02  1.44280680e-02
  4.95105935e-03  5.02582490e-02 -7.12171849e-03 -4.40572239e-02
 -7.58944661e-04 -1.07881315e-02  2.90962718e-02 -4.82602790e-02
  5.57754599e-02  2.44881976e-02  2.76474729e-02 -2.51637381e-02
  7.32388580e-03  3.25749367e-02 -5.18200621e-02 -8.03007782e-02
 -5.13900444e-02  5.09070605e-02 -1.89457890e-02  3.07427105e-02
  1.91306528e-02  4.57885452e-02 -3.32161114e-02 -7.70490104e-03
  4.43255901e-02  2.89289304e-03  2.25879829e-02 -1.49514293e-02
 -7.09570386e-03 -7.72069395e-03 -2.07196437e-02 -5.84720448e-02
  7.51990266e-03  1.99112203e-02  2.41297781e-02 -2.40980042e-03
  1.47694610e-02  8.36726744e-03  1.75446048e-02  2.88050678e-02
  9.73416399e-03 -8.27204436e-04  1.25359735e-02 -5.35864048e-02
  1.30051943e-02  6.38521230e-03 -2.99726818e-02  2.95381993e-03
  4.01088484e-02  2.37070732e-02 -6.53623277e-03 -7.26328269e-02
  3.60833779e-02 -3.02454382e-02 -1.89345870e-02  3.37131321e-02
  4.91833650e-02  6.68008476e-02 -1.14252642e-02 -3.17714363e-02
  2.67159101e-02 -1.12314755e-02  1.82610620e-02 -4.63997386e-02
 -1.02133548e-03  4.84857615e-03  1.33096557e-02  7.04095140e-02
  2.60567199e-02 -1.35499965e-02  7.59026334e-02  5.61982300e-03
  3.06007005e-02 -2.96162674e-04 -1.91633794e-02  2.53764738e-04
  2.23042183e-02  2.20888667e-02 -3.36126573e-02  8.74259882e-03
  4.75908183e-02  3.07595134e-02  1.69018768e-02  9.69414506e-03
 -1.06394328e-02 -4.36722450e-02 -3.43075879e-02 -6.86175376e-02
  3.10183354e-02  4.47068736e-02  1.59534737e-02 -2.17972677e-02
  2.24061636e-03 -6.07726863e-03 -3.17232497e-02 -1.49818026e-02
  7.61693018e-03 -6.54736115e-03  3.37587893e-02  8.27225763e-03
  3.28265689e-02  3.90849002e-02 -4.44476530e-02 -1.78952590e-02
 -2.66253967e-02  2.81262062e-02  7.21033616e-03  1.86638627e-02
 -1.66187435e-02 -9.93726216e-03  3.18066729e-03 -1.76771805e-02
 -1.56234605e-02  1.42703168e-04  9.29272361e-03 -3.76981720e-02
 -6.26219362e-02  4.85459194e-02  1.46406237e-02  3.05493100e-04
  6.22430118e-03 -2.03305092e-02  3.98378745e-02 -4.18857820e-02
  3.16824839e-02  1.34681407e-02  5.63542433e-02  4.80785817e-02
  4.25974518e-04  1.86652020e-02 -4.12884392e-02  4.59923316e-03
  2.20152587e-02  1.20005850e-03 -5.06822653e-02 -1.57795139e-02
  3.68105248e-02 -2.76056621e-02 -3.22653987e-02 -1.15208782e-03
 -5.48397005e-02  3.76690365e-02 -2.05416232e-02 -1.81489252e-02
  8.90959240e-03 -2.20807232e-02  2.14311462e-02 -4.68868203e-02
 -3.92096490e-02 -1.02317706e-02 -4.56216186e-02 -6.46543736e-03
  3.77800665e-03  3.33016030e-02 -1.66313481e-02  1.76549889e-02
  2.03171140e-03  3.77979651e-02  4.64312322e-02 -8.97233635e-02
  3.75677012e-02 -3.02304495e-02  4.91013564e-02 -8.04966595e-03
  2.49053482e-02  2.42949501e-02 -1.64714232e-02  3.70400473e-02
 -2.60709058e-02 -4.01282534e-02  6.83040470e-02 -3.21293399e-02
 -4.34038527e-02  3.47081907e-02  6.10046787e-03 -1.18549233e-02
  6.05029706e-03  1.83096509e-02  2.23377347e-02  1.08328937e-02
  3.96019360e-03  6.61179563e-03  3.97178158e-02 -5.59759839e-03
 -2.62052454e-02  1.10084377e-02 -8.82737990e-03 -6.34538904e-02
  7.93095902e-02  4.58357893e-02  1.17874984e-02  1.81122329e-02
 -1.79187413e-02  4.39758636e-02  6.05658218e-02  3.64050138e-05
  3.86693925e-02  2.01297663e-02  3.70716527e-02 -2.33895425e-03
  5.62973181e-03 -8.70191399e-03 -1.70296058e-02 -4.20123637e-02
  2.50155106e-02  6.88774660e-02 -3.23829092e-02 -1.98174249e-02
  1.71338096e-02 -5.42327343e-03 -4.49206606e-02 -5.29093063e-03
 -3.84581368e-03  2.60588783e-03  2.14523524e-02 -1.00318901e-02
  2.14876737e-02  3.26523483e-02 -8.66862386e-03 -5.57298847e-02
  3.22469771e-02  3.55842151e-02  1.40667390e-02  3.78664397e-02
 -1.43381804e-02  8.20108131e-03 -3.09395092e-03 -3.00826281e-02
  2.31918949e-03 -6.39398620e-02 -1.07795596e-02  2.98615266e-02
 -2.15576533e-02  2.56877244e-02 -1.32006229e-04  2.84449961e-02
 -8.23647657e-04  1.53487111e-02  2.10129861e-02 -3.21704261e-02
  1.93834826e-02  5.86733548e-03 -1.02604041e-03  1.38977834e-04
 -6.02261908e-02  2.36591287e-02 -4.36180905e-02  2.92160884e-02
  1.94763541e-02  3.87594244e-03  8.91994964e-03 -1.12151541e-02
 -5.65410964e-02  3.79803516e-02  6.15084693e-02 -6.08139252e-03
 -5.05807251e-02  1.28344016e-03 -6.70662383e-03 -4.32462208e-02
 -2.25599371e-02 -2.30298620e-02  3.04978620e-03 -1.47402212e-02
 -4.55344357e-02  1.13203069e-02  5.30507555e-03  9.75591503e-03
 -2.53275614e-02  2.36045793e-02 -3.87605987e-02  4.05159732e-03
 -2.05223486e-02 -3.00721042e-02 -2.79491507e-02 -7.15325549e-02
 -7.32135177e-02 -3.95680927e-02  4.41645011e-02 -8.43497738e-03
  2.50140131e-02 -6.32393360e-02 -4.90089767e-02 -3.88847627e-02
 -1.19493362e-02 -2.22446024e-02 -5.25299981e-02 -7.68018439e-02
  3.80533785e-02 -1.94612853e-02 -6.16813712e-02  7.68869668e-02
  6.28077760e-02 -1.48506351e-02 -1.29915290e-02  1.01635093e-02
  9.42364987e-03 -1.14957020e-02  1.54292618e-03  3.39626186e-02
 -7.56774992e-02  5.63825779e-02  1.59256849e-02 -7.05232611e-03
 -5.01065366e-02  6.87956670e-03 -7.52958329e-03 -4.68755178e-02
  5.21411858e-02 -1.81200542e-02 -4.28267308e-02 -9.48646665e-03
 -3.91714182e-03  3.67034078e-02  4.53485996e-02  4.66955155e-02
  1.91327743e-02  2.71672122e-02  8.10932815e-02 -4.70347982e-03
  4.93136374e-03  4.06951308e-02 -4.18026410e-02  1.91404223e-02
 -4.44774469e-03  3.13615724e-02 -1.20412037e-01 -6.01746626e-02
  6.74499422e-02 -1.53562529e-02  9.21829510e-03 -9.52975545e-03
  1.51173668e-02 -1.95396319e-02 -5.75063471e-03  6.57553878e-03
  2.45464537e-02 -4.52783778e-02 -4.91247214e-02 -3.62887867e-02
 -5.20432144e-02  1.20362220e-02 -2.43420992e-03 -2.24269778e-02
  3.49954553e-02 -4.56711948e-02  1.04339421e-02 -7.68961981e-02
 -1.90690905e-02 -3.62657905e-02  2.28834916e-02 -3.36421095e-02]","[np.float32(-0.03), np.float32(-0.05), np.float32(0.03), np.float32(-0.0), np.float32(0.04), np.float32(0.0), np.float32(-0.0), np.float32(0.09)]"
review_para_3,"Correspondingly, our review unit maintained between 3.7 and 3.9 GHz in Cinebench R15 Single 64Bit on mains or battery power. However, its multicore performance is not as rosy, with the CPU initially fluctuating between 3.3 and 3.6 GHz on mains power before dropping to between 2.8 and 2.9 GHz. However, it can only maintain between 2.8 and 3 GHz on battery power, with it regularly plummeting to 400 MHz too.",412623,Asus,Asus Vivobook 16X K3605ZV-MB741WS,975.0,USD,412623_review_para_3,408,"[ 3.55857471e-03 -4.54524579e-03  3.28212604e-02 -1.93388779e-02
  4.32441011e-02  1.63451973e-02  3.33101153e-02  4.10919860e-02
 -1.71485245e-02 -1.06391786e-02  3.82188633e-02  5.57851186e-03
 -4.59806249e-02  1.40152443e-02 -1.55836372e-02  3.98111790e-02
  4.90415990e-02  2.73824185e-02 -6.11454109e-03  1.42061869e-02
  3.51050533e-02  1.79824438e-02  4.97274920e-02  9.49229002e-02
 -2.52097156e-02 -3.75619414e-03  2.13561021e-02  2.83316169e-02
 -8.02972540e-03 -3.90157895e-03  1.86189078e-02  1.35442279e-02
  7.74781918e-03  3.09506450e-02  4.24997620e-02 -5.62879397e-03
 -9.09726415e-03  6.01964770e-03 -4.94275726e-02  1.61362588e-02
 -7.97334500e-03  8.87822267e-03  1.38133978e-02 -7.39807496e-03
 -2.51113996e-02  5.08405715e-02 -2.85820174e-03  5.51768541e-02
 -3.69837545e-02  3.34503204e-02 -6.99386373e-02  4.12961990e-02
  2.94067822e-02  2.48192921e-02 -8.67313612e-03  2.54675653e-02
 -1.73737365e-03 -5.09902462e-02 -1.65346470e-02  8.72820523e-03
  8.98888558e-02  1.69563871e-02 -1.28036384e-02 -2.31919512e-02
  1.85283218e-02 -6.68835193e-02  4.30633500e-02  2.09386311e-02
 -8.45303107e-03 -4.51955125e-02 -2.39503887e-02  7.72870099e-03
 -2.46888865e-02 -1.00891665e-02  1.37662152e-02 -7.65654072e-02
  4.45934460e-02  1.81496665e-02  7.03398883e-02  4.32225652e-02
  3.10682058e-02  2.80590411e-02  3.24085280e-02  1.04238741e-01
  9.18114558e-04 -3.55106895e-04  3.33719002e-03 -1.73620526e-02
 -5.17009459e-02  4.78399321e-02 -6.54618442e-03 -1.11803245e-02
 -2.52353046e-02  1.40643828e-02 -7.12245256e-02 -4.06920686e-02
 -1.39086423e-02 -3.88799198e-02  5.37664704e-02  2.64563635e-02
  2.11513713e-02 -3.74054387e-02  1.34948026e-02 -1.93937700e-02
 -3.90175059e-02 -3.94452177e-02 -3.33196335e-02 -3.87641080e-02
  3.87311690e-02  2.61603878e-03 -1.25224469e-02 -2.79270243e-02
  2.21244041e-02  1.07503962e-02 -5.41848540e-02  3.32625322e-02
 -1.30105633e-02 -5.09810671e-02 -1.27725312e-02 -1.54815260e-02
  4.21013124e-02  6.40656203e-02 -2.13193577e-02  5.34300804e-02
  1.34943249e-02  4.09295447e-02  3.87805216e-02  7.56536494e-04
 -9.81150009e-03 -6.51754811e-02  5.68103418e-02  4.76687290e-02
  2.42269114e-02  4.83823614e-03 -3.15952078e-02  1.20317256e-02
  2.94052865e-02 -1.11440625e-02  4.75297272e-02  3.82449813e-02
  2.46952232e-02 -2.87580807e-02  8.30003768e-02 -1.90591030e-02
  2.29174979e-02  1.52347349e-02 -1.56443268e-02 -2.42204871e-02
  2.13109050e-02 -2.45905425e-02 -1.05776228e-02  5.94267882e-02
  6.88594952e-03 -5.05247861e-02  4.36673537e-02 -5.45707345e-02
 -1.23932492e-02 -6.20164014e-02 -3.39015089e-02  2.03556716e-02
 -3.30998711e-02  6.24611601e-03 -3.79122384e-02  5.32509573e-03
  3.83860730e-02  1.64238252e-02  5.87963946e-02 -1.60801709e-02
  2.51154471e-02  1.48341144e-02 -5.75727522e-02 -2.66996026e-02
  5.90772219e-02  6.88600028e-03 -3.93470898e-02  4.07416336e-02
  4.53947186e-02  3.82150374e-02 -1.09411497e-02 -6.04759483e-03
 -7.65659586e-02  3.30921486e-02  1.52260987e-02  1.16334436e-02
 -6.68609189e-03 -1.73862111e-02  6.08763471e-02 -2.45968662e-02
 -3.67097557e-02 -2.67826356e-02 -3.42026353e-02 -5.82897998e-02
  4.82304730e-02  4.62654838e-03  3.32786180e-02 -2.50969194e-02
  2.22411603e-02 -5.38356826e-02  2.55519729e-02 -2.49887328e-03
 -1.48151163e-02 -3.22808065e-02  7.17780367e-02 -5.72585128e-02
 -1.06724471e-01 -3.70700657e-02  3.08191869e-02 -3.62633988e-02
 -2.81526707e-02  9.48484242e-03 -1.90433508e-04  3.72194964e-03
  4.65399250e-02  3.12763378e-02 -3.02641615e-02  3.11768092e-02
 -3.73658650e-02 -5.35733588e-02  5.29079884e-02  2.02573743e-03
  3.63952555e-02  1.93684753e-02 -5.67997210e-02  3.72787602e-02
 -4.11153473e-02  4.31409366e-02  6.04183935e-02 -4.82611097e-02
 -5.13014607e-02  4.11894433e-02 -2.03395188e-02 -8.19901284e-03
 -4.04512174e-02  1.71482004e-02 -2.59822253e-02  3.50528993e-02
 -1.62794702e-02  5.38503984e-03  6.42056465e-02 -3.00861020e-02
 -1.99018009e-02  4.99736443e-02  1.98177956e-02  4.92702425e-02
  6.32890454e-03 -2.91705667e-03  1.53609347e-02 -4.01726812e-02
 -4.47584577e-02 -3.85702737e-02 -7.99518228e-02  5.20292344e-03
  4.82358299e-02 -2.38533737e-03  6.54908828e-03 -8.23393837e-02
  3.94171141e-02  2.22121477e-02  6.52397722e-02  2.55346820e-02
  1.77262295e-02  4.41366024e-02  2.19416711e-02 -2.81646848e-04
 -1.04233697e-02 -3.35739702e-02 -6.09092563e-02 -1.44634051e-02
  2.11242493e-02 -5.34031764e-02  3.61089595e-02  2.74954811e-02
  4.13538776e-02 -3.96576338e-02  2.38708947e-02 -8.47679377e-03
  4.91961511e-03  3.60182114e-02 -1.63462106e-02  3.75715457e-03
  4.43116762e-02  1.03511460e-01  2.47231801e-03 -3.64436060e-02
  1.59479107e-03 -7.12466286e-03  5.87090850e-02 -4.84342724e-02
  1.37071274e-02 -1.51187452e-02 -9.42327734e-03 -3.63880061e-02
 -2.81130616e-02  3.50535363e-02  2.94026826e-02  2.97819804e-02
  1.67122707e-02  5.62519627e-03 -1.75043009e-02 -8.02607555e-03
  2.70516891e-03  4.21747528e-02 -1.24416649e-02 -8.48990306e-03
 -3.09182778e-02 -3.69803756e-02 -3.46180215e-03 -5.18527888e-02
 -2.08314240e-01 -1.35487039e-03 -1.77237615e-02 -2.91704107e-02
  4.32919711e-02 -1.58723425e-02 -2.46064235e-02 -2.81190965e-02
 -1.33840404e-02  4.07681614e-02  6.06377609e-02 -1.90872066e-02
  1.21112196e-02  3.75729240e-02  1.24466699e-02  1.00118085e-03
  3.52044706e-03 -2.86180619e-02 -4.13806401e-02  1.59531683e-02
  2.45544780e-02 -8.29690024e-02  5.73228765e-03 -3.27050090e-02
 -1.15236901e-02  1.20345026e-03 -7.80795282e-03 -1.21543892e-02
 -3.35490778e-02 -2.64986437e-02 -2.67143436e-02  1.30939540e-02
 -1.49331111e-02  6.01518841e-04 -1.92962997e-02  1.99917816e-02
  1.12669282e-02  2.73214225e-02  2.65282355e-02 -9.35296062e-04
  1.94470044e-02 -3.98858124e-03 -1.18346506e-04 -2.23906972e-02
  6.17088303e-02  7.39616947e-03 -3.92501801e-02 -3.51372994e-02
 -5.44021896e-04  4.24654521e-02  5.83826052e-03 -2.60915910e-03
 -5.11323009e-03 -4.02567163e-03 -8.96091908e-02 -3.54459770e-02
 -3.32356468e-02  6.94594234e-02 -1.80060640e-02  2.48100385e-02
 -5.26062213e-02 -5.14509305e-02 -4.89878505e-02 -1.26659516e-02
 -5.41299842e-02 -1.85992047e-02 -1.67936571e-02 -2.15349663e-02
  4.41057943e-02  2.60601342e-02  3.13813495e-03 -2.60038897e-02
  4.90973284e-03 -8.48970562e-02 -6.31148294e-02 -2.28040144e-02
 -3.60129885e-02  4.35990579e-02 -1.41587306e-03  6.00222312e-02
  1.81582831e-02 -1.27264792e-02 -7.55386613e-03  5.11911958e-02
 -9.37174261e-03 -3.19807790e-02 -3.69169340e-02  1.09827742e-02
  3.11949980e-02  3.48029621e-02  8.11648667e-02 -3.26326936e-02
 -1.12298140e-02 -3.79769430e-02  2.65425052e-02 -5.41357603e-03
 -4.92142402e-02 -7.38423551e-03  1.85160302e-02  5.96119510e-03
  3.21591310e-02 -1.31003773e-02  1.65276714e-02 -8.96090046e-02
 -2.43589655e-02 -2.26117391e-02 -1.58057231e-02 -1.03561254e-02
 -2.36947536e-02  3.48812416e-02 -3.79106239e-03 -5.25966622e-02
  3.54608931e-02 -5.95991947e-02  3.06430422e-02 -4.44066711e-02
 -2.41674632e-02  4.92244773e-02  1.60613041e-02 -4.22216877e-02
 -3.77337374e-02  5.63873276e-02 -4.76155020e-02 -2.77763270e-02
 -5.93985096e-02 -1.49905260e-04 -3.65276560e-02  6.45375066e-03
  1.70220353e-03  2.75692586e-02 -6.85653314e-02 -4.50536702e-03
  1.47513840e-02  1.74054820e-02  4.07611066e-03 -2.27688383e-02
 -3.02412827e-02 -1.32075213e-02  1.30870845e-02 -5.15849143e-03
 -1.89553723e-02  2.17779372e-02  5.22107184e-02  5.23800291e-02
  3.48513015e-02  4.86305691e-02  4.15823981e-02 -7.10644349e-02
 -3.90796131e-03 -2.28603743e-02  3.12410090e-02 -3.51371765e-02
  1.40970973e-02 -4.52371128e-02 -6.94921911e-02 -1.00290263e-03
  3.31504419e-02  2.42758319e-02 -3.56226079e-02 -3.09140887e-02
  5.35705611e-02 -2.60392595e-02 -3.49741280e-02  2.32109660e-03
  1.29992459e-02  4.16146368e-02  1.21803870e-02 -2.06137020e-02
  2.62590665e-02 -1.50794797e-02 -6.84246793e-03 -4.06550802e-02
 -5.36695728e-03  2.95471982e-03  3.65984477e-02  4.82642204e-02
  3.87129895e-02 -9.62715037e-03  5.38078547e-02 -1.07035916e-02
  1.21954111e-02 -7.46526383e-03 -2.76993141e-02  3.18015628e-02
 -1.61318423e-03 -4.77305204e-02  3.52484570e-03 -1.97911263e-02
  1.65214092e-02 -4.16862220e-02 -7.06409942e-03  7.18388520e-03
 -5.88567648e-03 -4.15401049e-02 -3.47618274e-02 -3.15111689e-02
  7.15133101e-02  4.08803672e-02  1.69997346e-02 -3.75865623e-02
 -1.44585664e-03  4.08068895e-02 -2.23536547e-02  2.07532104e-03
  5.26050404e-02 -4.37513404e-02  1.66815724e-02  5.27839921e-02
  1.82529166e-02  9.56970174e-03 -1.77517515e-02 -5.82285924e-03
 -1.83278378e-02 -5.48258564e-03 -1.53951272e-02 -8.76314379e-03
 -2.95091923e-02  3.13569629e-03 -2.53920276e-02 -6.08666576e-02
 -3.74325700e-02 -5.62507519e-03  5.54811768e-03 -3.30109824e-03
 -7.00060800e-02  9.41916369e-03  3.92072983e-02  4.32618707e-03
  7.85280764e-02 -3.26878764e-02 -3.02032288e-03 -4.12013121e-02
  2.87025589e-02  3.01288590e-02  4.58172113e-02  8.23540799e-03
 -2.29165014e-02 -1.22803049e-02 -1.22638969e-02  5.98995155e-03
 -3.40055488e-02  4.09482345e-02 -2.74446011e-02  1.30458279e-02
 -3.12264133e-02  4.69885916e-02 -2.71066627e-03 -3.60452086e-02
 -7.61028156e-02 -9.65502020e-03 -6.34694025e-02  2.54580118e-02
  3.87144759e-02  9.47192498e-03  1.73629273e-03 -7.17602819e-02
 -1.87542923e-02  4.05225158e-03 -4.32804003e-02  1.10374754e-02
 -5.44423759e-02 -2.22521722e-02 -2.76393928e-02  2.68886667e-02
  3.77011672e-02  3.20269205e-02 -3.51107586e-03 -5.73981516e-02
  3.54323126e-02 -3.57172303e-02  3.89431529e-02 -4.54940386e-02
  3.41366231e-02  5.17206406e-03  1.03121027e-02 -1.07308617e-03
 -6.66903937e-03 -2.20951363e-02  4.69084680e-02  2.89189955e-03
 -3.04479469e-02  2.07055956e-02 -1.44723635e-02 -2.22830866e-02
  1.41988657e-02 -4.46944237e-02  1.41485166e-02  1.45861330e-02
 -3.15968506e-02  3.13209109e-02  1.14766427e-03 -4.31026518e-03
 -7.72596989e-03  5.03097586e-02 -1.68209933e-02  2.80415285e-02
  1.55402813e-02  1.28932251e-02 -3.30851786e-02  1.05252145e-02
 -1.62620302e-02  5.78614660e-02  3.41897272e-02  1.42489430e-02
 -3.68077494e-02  1.09332101e-02  1.54519035e-02 -2.25057043e-02
 -4.56634499e-02 -1.44598330e-03 -1.64822340e-02 -5.20514362e-02
  4.18739766e-02  6.57565370e-02 -4.75717373e-02  1.39075983e-03
  2.40467489e-02  7.88495876e-03 -4.09813933e-02 -3.43372859e-02
  2.36096960e-02 -4.20378968e-02  4.33967188e-02 -2.58113118e-03
  2.26491038e-03  9.06292200e-02 -1.71999503e-02 -1.59884356e-02
  1.13276243e-02  6.97897673e-02  6.63294829e-03  1.87892057e-02
 -4.97071333e-02  8.43923688e-02 -6.59002289e-02 -5.10784909e-02
 -5.29628582e-02 -1.21947769e-02 -6.21879585e-02  2.95683891e-02
 -1.21829463e-02  9.74443406e-02  3.73891406e-02  1.06174760e-01
 -2.21539177e-02  2.36319359e-02  9.69733000e-02  1.12667670e-02
  3.64140123e-02  4.64047305e-02 -1.01238415e-02  1.30834635e-02
 -1.37831140e-02  2.78446674e-02 -1.26046343e-02 -1.42701145e-03
  1.57946981e-02 -1.88396946e-02 -5.65651059e-03  1.48334140e-02
 -9.96369310e-03  3.82485874e-02  4.66448106e-02  7.23653706e-03
 -1.69959199e-02 -5.72658926e-02 -5.52800298e-02 -3.35291564e-03
 -1.34270433e-02 -1.79967359e-02 -4.20306623e-02  2.06719209e-02
 -2.27097627e-02 -8.56931880e-03  3.58753242e-02 -6.76634312e-02
  1.77400392e-02 -1.88274588e-02  1.75409801e-02  1.33988652e-02
 -8.95025861e-03 -1.44773806e-02 -3.48822922e-02 -7.40397573e-02
 -5.24087138e-02 -1.08096795e-02 -1.65026579e-02  8.86484340e-04
 -1.49141485e-02 -3.26114111e-02 -9.31793358e-03 -1.04925586e-02
 -8.81625991e-03  3.59975733e-02 -6.64011613e-02 -6.80643991e-02
  1.95410755e-02 -2.05647834e-02 -2.50245854e-02  2.74333991e-02
  6.80041835e-02 -9.38746706e-03 -5.32349348e-02  6.39287904e-02
  2.84616463e-02 -9.94990766e-03 -2.60620005e-02 -1.54470531e-02
 -7.61628598e-02  4.76183221e-02  2.05484591e-02 -1.49480952e-02
 -3.99966389e-02  1.61356237e-02 -1.13516273e-02 -1.06807146e-03
  3.17081362e-02 -1.58353951e-02  6.31491914e-02 -7.83182681e-02
  3.83420438e-02 -9.10915993e-03  7.12468997e-02  5.64590134e-02
  1.58700291e-02  5.93629777e-02  2.18362845e-02  7.54261250e-03
 -1.92295015e-02  5.37657477e-02  9.30320565e-03  8.17512535e-03
 -1.36116091e-02  5.11902291e-03 -4.16139774e-02 -7.57714584e-02
 -3.29388585e-03 -9.12564434e-03  1.63397810e-03 -4.72763479e-02
  4.41395445e-03  6.03355980e-03 -1.36645352e-02 -4.33420055e-02
 -1.79639626e-02 -3.18569466e-02 -6.02580933e-03 -1.87433586e-02
 -3.32886614e-02  3.15362401e-02 -1.38212200e-02  3.92989395e-03
  2.30533127e-02 -3.89971100e-02  3.14673707e-02 -1.23543972e-02
  2.15803608e-02  2.17159968e-02  6.03587329e-02 -3.18947174e-02]","[np.float32(0.0), np.float32(-0.0), np.float32(0.03), np.float32(-0.02), np.float32(0.04), np.float32(0.02), np.float32(0.03), np.float32(0.04)]"
review_para_13,"The available storage space is not very abundant. Acer uses a 64 GB eMMC module here. Out of this, just under 44 GB is usable out of the box. The space available for applications is therefore limited. Expanding the storage space via an SD card wouldn't be very practical since corresponding cards stick out of the reading device and aren't locked in place. The keyboard proved to be suitable for everyday use. There is no keyboard backlighting. The battery life is average at best. The device manages a runtime of 6:23 h in our Wi-Fi test. A less powerful 14-incher like the Aspire should last 2 to 3 hours longer.

With the Aspire 1 A114-32 Acer delivers a simple writing and surfing device in the 14-inch format.",418193,Acer,Acer Aspire 5 A515-56G (NX.A1CSI.001),485.0,USD,418193_review_para_13,714,"[-2.23896448e-02 -3.87734696e-02  1.04716793e-02 -1.41785553e-04
  4.92527559e-02 -5.63885756e-02  2.47747321e-02  1.58389099e-02
  1.88252609e-02 -2.30195206e-02  3.53213027e-02  6.10836828e-03
 -5.12833893e-02  8.09595827e-03  1.87677089e-02  4.62441631e-02
  7.86300078e-02  4.24175374e-02  3.58318612e-02 -9.43897851e-03
 -1.99226160e-02 -1.23906387e-02  4.01926152e-02  4.12852168e-02
  1.54831577e-02 -2.70555317e-02  1.43515281e-02  5.80206653e-03
 -2.14452371e-02 -4.15899269e-02  5.34452498e-02  1.10559736e-03
  8.48598022e-04  2.20031198e-02  5.09655662e-02 -7.80428350e-02
 -4.40416746e-02  6.13564020e-03  1.45877060e-03 -1.74850610e-03
 -2.75699198e-02 -2.29181210e-03  1.62120350e-02 -1.50097650e-03
 -2.63498817e-02 -1.30557306e-02 -1.00359507e-02 -9.58242267e-03
 -3.22725922e-02  1.96909420e-02 -4.67098542e-02  1.65793113e-02
  3.75177041e-02  1.92904957e-02  1.21999318e-02  1.05230361e-02
  7.18723759e-02 -2.55536400e-02 -7.70887872e-03 -1.57511290e-02
  5.53880446e-02 -7.30687892e-03 -2.93882824e-02  1.61832571e-02
  1.31304264e-02 -3.10551692e-02  5.34388535e-02 -7.11272424e-03
 -2.87594851e-02  2.70987973e-02  1.77087262e-02  1.57177774e-03
 -2.71443445e-02 -4.75293100e-02  3.83464643e-03 -3.92510816e-02
 -3.15679843e-03  1.49489930e-02  4.34295088e-02 -1.21009378e-02
  3.86434942e-02 -3.63883283e-03 -1.42617235e-02  3.56967598e-02
 -2.60733743e-03 -7.27689406e-03 -7.41995052e-02 -1.21844849e-02
 -7.85076246e-02  4.42107208e-02 -9.37513914e-03 -2.88209319e-02
  7.56160617e-02  2.64805164e-02  7.38082500e-03 -5.60003594e-02
 -1.41031081e-02 -2.42590681e-02  5.05679250e-02  2.98545528e-02
 -7.31295347e-03 -2.46203393e-02 -1.14615522e-02 -4.84094173e-02
 -6.31984770e-02 -1.44422688e-02 -3.67842205e-02 -2.65902448e-02
  8.15339237e-02 -1.79388095e-02  1.16682230e-02 -1.84005760e-02
 -8.74976907e-03  3.03574800e-02 -7.58989826e-02  3.29543389e-02
  3.03264987e-02  2.80707399e-03 -2.79439948e-02 -3.05547155e-02
 -6.06711255e-04  7.94196799e-02  1.47543401e-02  6.06928207e-02
  1.42685380e-02 -4.31519561e-02  5.27753215e-03  1.09960549e-02
  2.69101597e-02 -7.53404200e-03  7.46592954e-02  1.70201138e-02
  1.49389775e-02  5.49024390e-03 -1.39632719e-02  6.26754835e-02
  3.07351351e-02  1.40515175e-02  6.25725091e-02 -8.49073008e-03
 -8.76478478e-03  7.29492959e-03  2.79892795e-02 -8.90067313e-03
  4.86957543e-02 -2.45714225e-02 -2.42928714e-02 -1.71583463e-02
  2.35075299e-02 -2.84234267e-02  2.34968625e-02  6.47283718e-03
  3.26360352e-02 -6.15368262e-02  4.92452830e-02  4.23358977e-02
 -3.27955633e-02  1.74226761e-02 -3.92093807e-02  7.31967064e-03
  9.50932503e-03  1.28888758e-02 -1.19433375e-02  3.28940935e-02
  1.54071329e-02  3.94565314e-02  4.52876873e-02  2.15351465e-04
 -3.58758122e-02  1.71031877e-02 -2.72076726e-02  4.61356808e-03
  4.60831858e-02 -4.16001640e-02 -4.69880961e-02  7.03946427e-02
  7.01553971e-02  6.63182884e-02  1.49726095e-02 -4.06323895e-02
 -5.91924526e-02  4.08247262e-02  1.00668734e-02  9.95213632e-03
 -3.07037309e-02 -9.56148095e-03  9.35457498e-02  3.01362462e-02
 -9.80121568e-02 -4.36698645e-02 -1.17934830e-02 -5.62575050e-02
  4.34662811e-02  1.70470532e-02  2.74777021e-02 -6.49299175e-02
  3.29992250e-02  1.97673365e-02 -1.88171547e-02  4.35810499e-02
 -7.44372956e-04  1.58432741e-02  3.19648534e-02 -4.79148924e-02
 -5.15056401e-02 -2.37496607e-02  5.82794519e-03 -4.01047356e-02
 -1.30599635e-02  1.06112221e-02  1.11816786e-02 -3.74787152e-02
  5.44114187e-02  2.28555892e-02  1.67213771e-02  9.28556640e-03
  3.76898795e-02 -7.61124343e-02 -5.96841006e-03 -1.08529478e-02
 -9.85984225e-04 -1.61010381e-02 -1.93209872e-02  5.61599322e-02
 -6.89331628e-03  7.94510469e-02  6.78995475e-02 -4.53581400e-02
 -3.37229706e-02  1.57579537e-02 -1.25746606e-02 -5.29578850e-02
  5.43171633e-03  8.31367506e-04  1.76332332e-02  1.57166645e-02
 -8.23764317e-03 -1.29677057e-02  5.40164188e-02 -2.95791067e-02
 -2.95281457e-03  4.20118198e-02  1.02471048e-02  6.58760965e-02
  2.00397801e-02 -2.67362222e-02  1.71640515e-02 -1.28691727e-02
  2.37814076e-02 -5.88879772e-02 -3.43328156e-02 -1.46986902e-04
  3.45399529e-02  5.60927484e-03  5.74681237e-02 -3.12280245e-02
  1.77105572e-02  3.88747156e-02  1.30960261e-02  4.41259257e-02
  2.59031542e-02  4.96899076e-02  7.30942283e-03  5.35887890e-02
 -3.17191184e-02 -8.28473121e-02 -6.30617440e-02 -1.75895263e-02
 -1.90233756e-02  1.86265148e-02 -1.98837426e-02 -2.44920254e-02
  1.30562773e-02  6.34817500e-03 -4.13753986e-02 -1.10084517e-02
  3.32950912e-02 -2.02734135e-02  1.20324567e-02 -3.58723663e-02
  2.48121396e-02  7.50701874e-02 -2.31238119e-02 -8.39337185e-02
  4.11025360e-02 -3.06622274e-02 -1.45591842e-02 -4.10089493e-02
 -7.03205988e-02  1.33813759e-02  3.99831273e-02  1.66092510e-03
 -8.38635862e-03  2.61418913e-02  4.60466668e-02 -3.89126828e-04
  2.68127639e-02 -2.10974589e-02  2.45028846e-02  8.77409615e-03
  1.94828957e-02  4.28383704e-03  1.17415171e-02  3.41654532e-02
 -1.07859191e-03 -5.31124957e-02  3.53020728e-02 -3.82046998e-02
 -2.17077434e-01  1.72697064e-02 -3.58002186e-02 -9.56376866e-02
  4.88542393e-03 -2.46862881e-02 -1.52386455e-02 -5.83442003e-02
 -6.53254390e-02  3.44580859e-02 -2.82749708e-04 -3.11384699e-03
  2.68560667e-02  6.99722916e-02  4.68926542e-02  6.21666480e-03
  1.44197550e-02 -3.54022416e-03 -1.09696835e-02 -3.67606245e-02
  7.82578811e-03 -7.83090591e-02 -4.70863516e-03  6.93747448e-03
  5.42483293e-02  2.38110572e-02  7.42057664e-03 -2.38726642e-02
 -5.76731861e-02  2.36189850e-02  2.10166583e-03 -4.46879752e-02
 -3.00212838e-02 -3.68032269e-02 -2.75884643e-02 -7.59687601e-03
 -1.98306880e-04 -1.37689617e-02  3.28746624e-02  4.40845406e-03
  5.72400168e-02 -4.05166782e-02 -4.46825009e-03  2.66044196e-02
  5.73908770e-03 -9.49485751e-04 -4.88214083e-02  7.58314878e-03
  2.30992436e-02  4.30923663e-02 -5.07748090e-02 -2.55898889e-02
 -4.86470386e-02  9.24349669e-03 -3.33896615e-02  1.88271943e-02
 -2.03154534e-02  2.74752546e-02  5.18127112e-03 -1.60515681e-02
 -5.18335439e-02  4.32537533e-02 -6.87121004e-02 -4.09236923e-02
 -1.65806571e-03 -6.17851317e-02 -6.17919257e-03 -3.32299322e-02
  6.64583966e-02  4.68915664e-02 -5.97043969e-02 -4.73532043e-02
  2.82427147e-02 -9.54087898e-02  4.61600348e-03 -3.62702715e-03
 -1.15849066e-03  7.81838745e-02 -1.55848544e-02  2.86426824e-02
 -1.63386762e-02 -9.48901847e-03 -3.41411936e-03  2.55612144e-03
  3.64687853e-02 -5.50931878e-02 -4.17080857e-02  9.83104226e-04
  2.75524985e-02  2.24208627e-02  5.02149314e-02 -3.03595811e-02
 -2.38077138e-02 -4.53511253e-03  2.18336117e-02 -4.23244480e-03
  2.11840775e-02  2.63739601e-02  1.71813518e-02  6.06414303e-03
  5.09211347e-02  1.60646811e-02  1.21202171e-02  7.77651928e-03
 -3.69535051e-02  8.76863673e-03 -2.49979831e-02 -7.86129385e-03
  3.59207392e-02  3.95318680e-03  2.87283119e-03 -2.42744256e-02
 -4.79974933e-02 -4.01832201e-02  2.56111026e-02 -2.11317036e-02
  2.86460239e-02  3.37300003e-02  1.33715067e-02 -4.33354415e-02
  3.17646936e-03 -2.68608332e-03 -3.85150164e-02 -1.33267939e-02
 -7.83944130e-02  2.08993182e-02 -2.84785982e-02  5.69863394e-02
 -7.07225204e-02 -5.01736365e-02 -2.29900200e-02 -2.31698565e-02
  1.03677195e-02  1.31284613e-02  3.15409042e-02 -3.31248753e-02
  1.24207570e-03 -1.75290108e-02 -1.03876349e-02 -3.52468254e-04
 -2.74973381e-02 -3.79019813e-03  3.43891568e-02  2.13946328e-02
  4.47105765e-02  1.37783391e-02  6.80621341e-02 -2.84714624e-02
 -1.23717850e-02  6.74925698e-03  6.71501213e-04 -8.66499990e-02
 -2.46620132e-03 -3.61901633e-02 -5.48250489e-02 -2.39459667e-02
  4.73014591e-03 -1.74369533e-02 -4.68925536e-02 -2.77517084e-02
  3.24444696e-02 -3.23129706e-02 -4.22188304e-02  1.04171783e-02
  3.98471542e-02  8.00235122e-02 -3.11113335e-02 -1.19522326e-02
  3.15409005e-02  3.38807888e-02  1.77882961e-03 -2.42699850e-02
 -4.70121652e-02  6.99149095e-04 -2.13567819e-03  3.87263559e-02
  1.53081643e-03  6.80468138e-03  1.67950038e-02 -2.58175377e-03
  4.19249088e-02 -4.56310576e-03 -1.43856267e-02  9.28815396e-04
  5.04115559e-02 -3.74926031e-02 -5.77772036e-03 -2.59783622e-02
 -1.41287362e-02 -4.55621406e-02  7.11668795e-03 -2.34598890e-02
  4.12753709e-02 -3.35046165e-02 -1.68507397e-02 -4.99756634e-02
  3.11945565e-02  5.61930686e-02  4.51074801e-02  2.20797230e-02
  1.04253711e-02 -6.31805882e-02 -1.29633676e-02  2.44857073e-02
  5.77521324e-03 -3.00952829e-02  8.55271816e-02  2.76920721e-02
  1.01173222e-02  5.91917522e-02 -4.81468327e-02 -1.88651122e-03
 -2.89485417e-02 -7.50801805e-03  1.34939738e-02  3.11640408e-02
 -3.79320681e-02 -7.18239322e-02 -1.83401704e-02 -3.06040030e-02
 -3.42253223e-02 -1.35818636e-02 -5.19718081e-02 -7.66909570e-02
 -1.54883331e-02  2.20313780e-02  4.12620865e-02 -2.67620254e-02
 -2.61411723e-03 -7.33086690e-02  3.22100557e-02 -8.20641816e-02
  1.14732878e-02  3.64089909e-04 -1.76714063e-02  2.99015287e-02
 -2.90300064e-02  8.27235729e-03  1.09601987e-03  3.07512786e-02
  3.84623092e-03 -1.69139113e-02 -4.96021705e-03 -1.90830044e-02
 -9.10414010e-03  6.42973110e-02 -1.29045043e-02 -2.24357061e-02
 -9.07957107e-02  3.34158726e-02 -4.32174131e-02 -3.49377245e-02
  6.77996222e-03  2.88804229e-02  4.37630862e-02 -4.14480865e-02
 -2.95036770e-02  3.46221612e-04 -6.37284741e-02  3.87584083e-02
  2.75042411e-02 -5.07850247e-03  2.97894888e-02  6.49787486e-02
  2.76613310e-02 -7.20298477e-03  2.55912058e-02 -7.06582740e-02
  5.54028898e-02 -4.10933904e-02  3.27541716e-02 -1.33412080e-02
 -1.18773961e-02  1.94926951e-02  2.11540889e-02 -2.96534095e-02
  6.76518865e-03 -2.78270207e-02  1.00164581e-02 -1.87029094e-02
 -2.99964063e-02  4.68382351e-02  1.93536542e-02 -2.82483771e-02
 -2.73476616e-02 -2.51114536e-02  7.91806355e-03 -2.00823806e-02
 -4.44398448e-02  6.44196523e-03  2.47841142e-02 -9.23121255e-03
  7.54531706e-03  1.88706182e-02 -2.14749370e-02  1.51179451e-02
  2.43478045e-02 -2.82986909e-02 -4.98449616e-02 -1.20375818e-02
 -1.74197983e-02  7.79933035e-02  5.22937477e-02  4.77439500e-02
 -2.40465235e-02  9.60975140e-03  1.43597992e-02 -5.88930137e-02
 -9.87826008e-03 -2.48945579e-02 -2.83333263e-03 -1.22738322e-02
  6.56660721e-02  3.42216901e-02 -1.27633689e-02 -4.24956046e-02
  3.98439802e-02  2.57281940e-02 -4.39794846e-02 -2.50802711e-02
 -3.93122807e-02 -7.11682858e-03  4.98210825e-02  1.56063344e-02
  2.99753044e-02  9.61731598e-02 -6.88818342e-04 -9.31951776e-03
 -2.04120036e-02  8.33742619e-02  5.66653199e-02  2.29841303e-02
  1.50434049e-02  7.03943372e-02 -4.78207916e-02 -5.33015728e-02
  2.12445743e-02 -2.39490699e-02 -2.50954274e-02 -2.11826600e-02
  6.30277842e-02 -9.21739673e-04  3.22437175e-02  6.35950416e-02
 -4.99238782e-02  1.39940821e-03  4.01680432e-02  3.27586532e-02
  4.69100103e-02 -3.08610853e-02  2.40646712e-02 -4.13778378e-03
 -5.56242168e-02  3.42601947e-02  9.32536833e-03 -2.13920940e-02
 -8.44725873e-03  8.28867429e-04  1.96926519e-02  1.92623008e-02
 -2.87040770e-02  6.01381361e-02  2.96180677e-02  8.70990407e-05
  5.51067479e-03 -1.06094638e-03 -4.50052842e-02 -8.60636123e-03
  4.68613431e-02 -2.75900234e-02  2.75517162e-02 -3.19146328e-02
  5.48994925e-04 -6.23512547e-03  2.04663742e-02  2.21133642e-02
 -4.89730723e-02 -1.90411427e-03  2.29002591e-02  4.08337917e-03
  4.27339226e-03 -7.08097070e-02 -8.47663730e-03 -7.45522529e-02
  1.43689418e-03 -3.46646756e-02  1.46256657e-02 -4.25947038e-03
 -4.41715121e-03 -5.00137284e-02 -3.98092344e-02  5.72842953e-04
 -2.35849489e-02 -2.94048842e-02 -3.68766561e-02 -6.40886724e-02
  2.82878354e-02 -2.26562452e-02  1.18270004e-02  5.58654293e-02
  4.34002951e-02 -4.32391167e-02 -5.02097495e-02  3.30731571e-02
 -3.69665399e-02  2.02753861e-02  1.41318627e-02  1.16858995e-02
 -9.62774605e-02  2.74262298e-03  4.23162580e-02  2.32860465e-02
 -5.85172772e-02  5.49120037e-03  7.93537498e-03  1.03269955e-02
  6.61415011e-02 -1.70896184e-02  7.29681877e-03  1.28239328e-02
  3.97014394e-02  7.16885831e-03  5.06588258e-02  6.22550445e-03
  2.93472186e-02  7.04074353e-02  2.46680267e-02  3.57078537e-02
 -1.59716178e-02  3.76718827e-02 -5.00572436e-02  4.08530571e-02
 -3.41261663e-02  4.40508835e-02 -6.09230697e-02 -7.45071517e-03
  8.10800865e-03 -3.31909731e-02 -4.76652905e-02 -5.63660637e-03
 -9.09167714e-03  3.84477177e-03  1.95542388e-02  1.48753226e-02
 -1.16528338e-02 -8.69036932e-03 -1.84762068e-02 -2.73824353e-02
  4.74237325e-03  3.02352081e-03 -5.65812644e-03 -4.85668816e-02
  5.77428974e-02 -2.73502339e-02  2.78863497e-02 -6.04721271e-02
 -8.04844685e-03  2.26531196e-02 -4.15076362e-03 -2.02323729e-03]","[np.float32(-0.02), np.float32(-0.04), np.float32(0.01), np.float32(-0.0), np.float32(0.05), np.float32(-0.06), np.float32(0.02), np.float32(0.02)]"
review_para_0,"Gaming, rendering and content creation are advertized as being the main strengths of the Aorus 16X ASG. Raptor Lake and Ada Lovelace deliver the required performance. Its competitors include devices like the Alienware m16 R2 , HP Omen Transcend 16 , XMG Pro 16 Studio (Mid 23) , Asus TUF Gaming A17 FA707XI and the Lenovo Legion Pro 5 16IRX9 .",345216,Aorus,Aorus 16X 2024,2320.0,USD,345216_review_para_0,343,"[-3.86164561e-02  2.08940580e-02  4.37011495e-02 -2.10813549e-03
  5.08270152e-02  1.54101104e-02  1.73991956e-02  5.83733208e-02
 -1.01188626e-02 -5.34089431e-02  3.78104411e-02  1.79498084e-02
 -2.50227749e-02  2.36466024e-02  3.45947780e-02  3.83534096e-02
 -2.45579425e-03  1.57309566e-02  2.21171789e-02 -2.35793479e-02
  1.01511674e-02 -7.36489519e-02  8.73516966e-03  4.00888100e-02
 -7.03717070e-03  4.79177088e-02  3.88505943e-02  2.34953016e-02
 -2.64950916e-02 -1.12958509e-03  4.39528562e-03  1.83399171e-02
 -3.33953388e-02 -2.76827440e-02  9.70558915e-03  1.33599937e-02
 -5.00777178e-03  3.03094275e-02 -9.15822387e-03 -2.06423886e-02
 -3.10156457e-02 -3.68539058e-02 -3.57210822e-02  1.17958309e-02
 -3.45568694e-02  1.74350534e-02 -1.40279587e-02  2.11048238e-02
 -4.16125767e-02  6.35311157e-02 -6.04048930e-02  3.22851352e-02
 -2.41429619e-02  9.53262858e-03  4.91860583e-02  4.32221331e-02
  6.44139275e-02 -3.61997448e-02 -1.50308358e-02 -2.23291740e-02
  4.32775952e-02  4.69458848e-02  7.75892567e-03 -1.28915021e-02
  1.72937643e-02 -2.32795794e-02  3.63939954e-03 -2.28502769e-02
 -2.32136175e-02 -1.00489566e-02 -1.16018429e-02 -2.89473077e-03
  9.85394884e-03 -5.27448468e-02  1.04264617e-02 -3.07686999e-02
  7.39681954e-03  4.03322577e-02  8.77934471e-02  1.40418261e-02
  8.11406523e-02 -7.97090009e-02  2.42791772e-02  7.15334490e-02
 -3.99712175e-02  2.18308903e-03  2.34671962e-02 -3.43310200e-02
 -4.82543632e-02  5.84946163e-02 -3.81078571e-02 -5.08609079e-02
  6.74771741e-02  5.93281761e-02 -2.58015990e-02 -2.69573294e-02
 -1.61716342e-03  1.46630558e-03 -1.16781946e-02 -2.34193634e-02
  3.61262821e-02 -3.72155979e-02 -1.02010872e-02 -6.62543476e-02
 -5.24923131e-02  2.31831335e-02 -3.93108092e-02 -2.24565715e-02
  2.57732589e-02  2.40985304e-02 -1.82583090e-02  1.27976844e-02
  5.55455545e-03  1.64780188e-02 -4.35853340e-02  6.66314960e-02
  2.68415548e-02  1.15593104e-02  1.39544429e-02  2.10338272e-02
  2.83549707e-02  5.20246811e-02 -2.77365688e-02  6.02118745e-02
  3.65637466e-02  5.54612055e-02 -1.47562763e-02  2.46810652e-02
 -4.09330279e-02 -6.08830713e-02  4.51227762e-02  1.67088490e-02
 -2.38525458e-02  4.13493812e-02  3.83126289e-02  3.53393704e-02
 -2.53875293e-02 -6.48363158e-02  7.46595412e-02  2.94646714e-02
 -2.52507478e-02 -4.52199243e-02  7.61761982e-03 -7.38070011e-02
  5.58449514e-02  8.29967763e-03 -6.97493041e-03 -3.88218872e-02
  4.28776396e-03  5.95299294e-03 -1.81850698e-02 -8.83252174e-03
 -2.59829853e-02 -6.08591549e-02  5.84301911e-02  2.44234558e-02
  7.82361776e-02  1.49042476e-02 -1.21284463e-02 -2.87262979e-03
 -1.20120207e-02  3.39506976e-02 -2.73827240e-02  3.38746607e-02
 -6.31749583e-03  7.27947652e-02  5.23238257e-02 -9.43684950e-03
 -3.20499949e-02  2.92530772e-03 -8.23671520e-02 -4.23256531e-02
  4.98037376e-02 -1.36695290e-02 -4.86985198e-04  4.19492982e-02
  6.61602765e-02  4.51625064e-02  4.93680649e-02  2.31663161e-03
 -5.00313118e-02 -1.50310574e-03  9.87376366e-03  9.78526194e-03
  1.22511396e-02 -2.29395274e-02  8.61400962e-02 -1.79749280e-02
  1.31741958e-02  1.77593660e-02 -7.99970031e-02 -4.29770239e-02
  2.83970833e-02  2.83389837e-02  1.24477753e-02 -5.81362471e-02
 -1.84854940e-02  8.49864446e-03  3.26323844e-02  5.38079115e-03
 -7.60185299e-03 -5.83503395e-03  2.58744247e-02 -7.89039880e-02
 -6.45301118e-02 -4.43642214e-02  3.35639864e-02 -6.71499521e-02
 -2.96237189e-02  1.72395892e-02  9.55776405e-03 -5.11085475e-03
 -1.37369614e-02  3.54242288e-02  3.07900403e-02 -2.17004940e-02
  4.32889117e-03 -5.54958694e-02 -1.58137381e-02 -3.11662760e-02
  4.92179170e-02 -5.13265356e-02  8.89654551e-03 -1.05355578e-02
  5.32381656e-03  6.91273287e-02  5.53375925e-04 -6.93155155e-02
 -4.15063128e-02  6.41168514e-03 -2.74036196e-03 -7.84747675e-03
  3.07620279e-02  3.01541053e-02 -2.46663974e-03 -2.65370943e-02
  2.70998944e-02  4.29108180e-03  6.37327582e-02 -2.82603074e-02
 -5.12333401e-02  5.11356033e-02  5.01145469e-03  1.17684696e-02
  8.35668389e-03 -6.26561325e-03  4.46290597e-02 -2.85204761e-02
  9.57192760e-03 -5.16261943e-02 -1.94819458e-02 -2.45134756e-02
  3.30097191e-02  3.39546837e-02 -5.15055086e-04 -8.95574838e-02
 -1.98923629e-02  3.25549729e-02  4.51783724e-02 -8.93665943e-03
 -3.14960489e-03  1.44337257e-02 -1.99981146e-02  3.83515395e-02
  7.47034326e-03 -7.06851333e-02 -6.59233406e-02 -3.49257849e-02
 -2.55807694e-02  1.55688720e-02  1.82872731e-03  1.83406076e-03
  2.59222146e-02 -2.35499814e-02  1.59810819e-02 -6.32059528e-03
 -6.51503950e-02  1.57076567e-02  1.13235125e-02 -6.06186106e-04
  4.85350676e-02  6.21788688e-02 -5.28201787e-03 -3.93005833e-02
 -2.23043282e-02 -9.52666346e-03  5.38228415e-02 -3.03472430e-02
 -6.98176324e-02  9.19983350e-03  3.27460654e-02  2.81730536e-02
 -4.51612100e-02  1.57597624e-02  1.18798176e-02  3.99626307e-02
  4.14820910e-02  5.01723252e-02 -5.70216216e-03  5.51786134e-03
 -2.15248037e-02 -9.84010193e-03 -4.49368171e-03 -1.08343512e-02
  6.42060349e-03 -9.79979709e-02  2.23828480e-02 -5.24762943e-02
 -2.39672333e-01 -5.60120605e-02 -9.86057427e-03 -7.50180706e-02
 -2.83557782e-03 -5.76504469e-02 -3.76756489e-02 -1.38864554e-02
 -2.33672466e-02 -2.32919659e-02  2.35306304e-02  1.53433187e-02
  3.97108831e-02 -1.81191079e-02  3.03739384e-02  4.43968438e-02
  2.85488106e-02  2.63659609e-03 -2.63413861e-02  1.59124064e-03
  1.18401414e-02 -7.37504214e-02 -2.29005646e-02 -3.09363771e-02
  2.80048903e-02  1.35617564e-02 -9.76602640e-03 -7.40753859e-02
 -9.23108310e-03  3.74898687e-03  2.37310175e-02  4.19760086e-02
 -1.57892425e-02 -5.02799731e-03  3.19429371e-03 -1.85412019e-02
  3.13440599e-02  5.58156846e-03  2.72481032e-02 -3.70036885e-02
  9.83194821e-03 -3.37010659e-02  9.85554885e-03 -4.39713709e-03
  3.69633175e-02  8.53222981e-03 -1.07779549e-02  4.48026992e-02
  4.10561487e-02  4.65931036e-02 -2.37819888e-02 -1.77165680e-02
 -3.90275270e-02  2.29647923e-02 -5.48836179e-02  7.00083980e-03
 -2.99510593e-03  3.11632250e-02 -4.70183492e-02 -5.72355604e-03
 -7.13894442e-02  1.06149465e-02 -5.17000258e-02 -3.58096696e-02
 -4.33360599e-02 -2.75818836e-02  3.66108082e-02 -2.12265505e-03
  3.94256487e-02  3.45468484e-02 -1.81035530e-02  8.95617530e-03
 -2.12526750e-02 -8.14108253e-02 -2.18528742e-03 -7.61149800e-04
 -1.29468984e-03  3.40444110e-02 -3.82632948e-02  1.14764553e-02
 -1.73955616e-02 -4.40988429e-02 -1.27015337e-02  1.35970181e-02
 -1.25782220e-02 -8.83371476e-03  2.38404218e-02  2.89602932e-02
 -1.99065753e-03  1.08686145e-02  5.82796000e-02 -4.95768264e-02
 -7.34440424e-03 -3.76104377e-03  5.12803420e-02 -2.49905791e-02
  2.37952527e-02 -3.61240692e-02  9.01166871e-02  1.56397764e-02
 -2.04645656e-02 -7.60393823e-03  3.61111090e-02 -3.89408581e-02
 -5.89757040e-02  4.54205647e-02  1.18662491e-02 -2.15751305e-02
  8.23237225e-02 -2.69540157e-02  1.51005732e-02 -7.35165253e-02
  3.20368372e-02 -1.99862439e-02  1.08698616e-02 -4.79084477e-02
  3.52452956e-02  4.52939682e-02 -2.03419924e-02 -3.61737497e-02
 -4.37303297e-02  2.85891388e-02 -6.93374127e-02 -2.18809508e-02
 -5.19411974e-02  3.69618349e-02 -2.78303344e-02  7.00392276e-02
 -6.39206320e-02  2.41424725e-03 -2.09075548e-02  2.52845115e-04
  9.66644939e-03  3.12651172e-02  2.27723848e-02 -1.55674331e-02
 -9.78984172e-05 -8.21406208e-03  2.72170231e-02  6.79332204e-03
 -4.49008979e-02  6.72484189e-02  3.07410341e-02  1.41850682e-02
 -4.55530407e-03 -3.78824375e-03  2.19647326e-02  3.53222154e-02
  4.10862407e-03  5.40050901e-02 -5.32115763e-03 -5.52383289e-02
  3.37757766e-02 -3.04553695e-02  4.80122976e-02 -2.30942629e-02
  1.23394141e-02 -1.22524658e-02 -1.23036411e-02 -3.11693344e-02
  2.06056852e-02 -1.64962336e-02 -3.13731097e-02  1.44270677e-02
 -1.21355383e-02  3.07679307e-02 -1.12200237e-03 -5.05498610e-02
  9.59678274e-03  3.17733772e-02 -6.73648482e-03 -3.10593043e-02
  1.74539071e-02  6.33870903e-03 -2.70659365e-02  7.60931820e-02
  3.26018501e-03  1.81967225e-02  2.58001518e-02  3.39332893e-02
 -3.05148419e-02  4.48896624e-02  1.99602381e-03 -1.50880553e-02
  3.43679935e-02 -1.45429280e-02 -5.92569932e-02 -2.36015278e-03
  2.90115774e-02  1.30053097e-02 -2.01918315e-02  2.18920745e-02
 -1.99927855e-02 -1.35896206e-02 -2.80841626e-02 -2.82735787e-02
 -1.16891237e-02  2.85890400e-02 -5.59568312e-03 -5.42101040e-02
 -2.46615428e-02 -3.77968214e-02 -3.58841680e-02  3.19760828e-03
  1.38188973e-02 -7.44868070e-02  3.84471789e-02  3.20518613e-02
  2.81272158e-02  6.79480657e-02 -1.55056883e-02 -4.45229746e-02
 -1.23536577e-02  3.83637697e-02  2.13658363e-02  1.78461354e-02
 -2.58408096e-02 -3.07677872e-02 -4.40778723e-03 -3.88023332e-02
 -1.28692025e-02 -3.92761156e-02 -1.34403193e-02 -2.05707215e-02
 -5.13762943e-02  1.70150995e-02  2.82691233e-02 -2.11224779e-02
  4.05474268e-02 -1.45661710e-02  2.14532129e-02 -4.06823941e-02
 -1.83808878e-02 -1.67234279e-02  8.08087960e-02  6.55223578e-02
  1.00926161e-02 -6.46441355e-02  4.12535341e-03  6.43806253e-03
 -8.77381768e-03  1.07056105e-04  2.79918779e-03  1.22693069e-02
  9.90546774e-03  3.05470377e-02 -9.60586593e-03  6.25365367e-03
 -5.15904240e-02  5.00385873e-02 -2.09492501e-02  6.76363707e-03
 -3.32322903e-02  3.22068781e-02  2.88370103e-02 -3.44941579e-02
 -3.87545712e-02  4.10120301e-02 -8.98796096e-02 -5.11502242e-03
  1.15176057e-02  1.61747891e-03 -5.08666672e-02  3.17796357e-02
  2.06513647e-02  6.62478153e-03  2.33999509e-02 -2.74701603e-02
  5.80919348e-02 -2.96312012e-02  2.05822345e-02 -5.29586300e-02
 -1.99336951e-04  2.78430730e-02 -1.18598025e-02 -4.18765023e-02
  6.23988267e-03 -3.05155460e-02  6.47054464e-02 -2.73249894e-02
 -6.43821657e-02  9.08748526e-03  3.36558707e-02 -7.02314302e-02
 -5.90478722e-03  6.61160517e-03  2.15836149e-02  5.94214583e-03
  2.09394121e-03  4.41242307e-02  2.48181596e-02 -1.29786972e-02
 -2.35741399e-03  1.58538669e-02  7.04556191e-03 -4.63594832e-02
  4.00787294e-02  7.73055572e-03  5.33656217e-03  1.78663544e-02
 -5.12434430e-02  6.82037771e-02  9.84848477e-03  1.73219815e-02
  1.90026425e-02  1.29089439e-02 -3.06567363e-02 -4.49033380e-02
 -2.93341633e-02 -1.67272370e-02 -1.42531972e-02 -6.90688193e-02
  2.92428248e-02  4.21480350e-02 -3.92137095e-02  3.67411040e-02
  2.50673629e-02 -2.60797199e-02 -2.55574957e-02 -4.50938791e-02
  1.70629509e-02 -3.04416809e-02  2.76560411e-02  1.68170724e-02
  4.19441350e-02  3.87146212e-02 -2.76727751e-02 -2.40478963e-02
 -2.41361954e-03  6.09529503e-02  2.67620385e-02  3.74452514e-03
 -6.69455715e-03  5.36870621e-02 -5.62267192e-02 -4.52371016e-02
  2.00169929e-03  7.19939941e-04 -5.62698990e-02 -2.11533215e-02
  1.71796437e-02  4.60322462e-02  6.61925450e-02  3.96377733e-03
 -4.92589474e-02 -7.75237754e-03  4.64387387e-02  2.71178130e-02
  4.27007489e-02 -4.03321860e-03  4.86730458e-03 -2.03604009e-02
 -2.03558505e-02  1.28771486e-02 -7.36818649e-03 -1.88761507e-03
  1.59609169e-02 -8.40259157e-03  4.37401421e-02  3.21364813e-02
 -6.39737174e-02  4.46735583e-02  6.87763169e-02 -2.92248372e-02
 -1.32619869e-02 -4.96414602e-02 -9.68675222e-03 -3.22095267e-02
 -7.33105326e-03  1.25992170e-03  5.64678013e-03 -2.80102957e-02
 -2.75775865e-02 -6.59885909e-03  4.76160506e-03  4.05957289e-02
  3.10773216e-02 -2.34580394e-02 -3.39195468e-02  8.46766587e-03
 -1.89188160e-02 -1.74182449e-02 -5.59314480e-03 -6.50341287e-02
  1.62137337e-02 -3.20170948e-04  8.14733375e-03 -4.06078110e-03
  2.82654557e-02 -5.21865003e-02 -1.31695122e-02  2.06172699e-03
  6.80967420e-03  3.51114981e-02 -1.05551202e-02 -6.09666854e-02
  4.62999232e-02  2.65352298e-02 -4.96481508e-02  7.68234208e-02
  7.38236383e-02 -1.72526762e-02 -1.55161582e-02  4.99282265e-04
  3.11741792e-02 -1.39684724e-02  2.66848393e-02  9.83644463e-03
 -9.67632309e-02  1.95445288e-02 -1.47603909e-02 -2.12356467e-02
 -4.94134165e-02  2.41940860e-02  4.21433389e-04 -3.06665748e-02
  6.12629429e-02  5.75876888e-03 -7.04957591e-03  2.67336378e-03
 -6.62010536e-03  3.01914774e-02  3.74731533e-02  5.01674488e-02
 -2.38975212e-02  4.16117907e-02  4.46842946e-02 -9.74824838e-03
 -1.37172621e-02  7.29297400e-02 -2.41099484e-02  8.04659426e-02
  9.44416132e-03 -2.64286119e-02 -5.76175936e-02 -8.09418634e-02
  5.46402223e-02 -4.42905072e-03 -2.36090855e-04 -2.14579161e-02
  6.04733650e-04 -3.98938078e-03  4.81414958e-04 -4.32170741e-02
  1.72455385e-02 -1.93423443e-02 -4.47300114e-02 -4.80598956e-02
 -2.23743040e-02  4.38413247e-02 -2.24375334e-02 -9.03206225e-03
  3.12737040e-02 -4.25406247e-02  7.57325953e-03 -1.54059203e-02
  4.47204523e-02 -1.55842928e-02  4.16386724e-02 -3.83167416e-02]","[np.float32(-0.04), np.float32(0.02), np.float32(0.04), np.float32(-0.0), np.float32(0.05), np.float32(0.02), np.float32(0.02), np.float32(0.06)]"
review_para_3,"There is one commonality between all the display options of the Dell Latitude 5495: their disappointing brightness. Even the two FHD screens are only supposed to reach 220 cd/m² according to Dell. The matte FHD screen without touch in our review sample does not even manage to reach that brightness-value. We measured an average brightness of just 200 cd/m², which is the absolute minimum we are willing to accept in a modern laptop. The Intel model Dell Latitude 5490 had a similarly dim screen, but the competitors from Lenovo and HP are better: The ThinkPad A485 reached an average brightness of 272 cd/m² and the EliteBook 745 G5 even accomplished 398 cd/m², which makes its panel pretty much twice as bright compared with the Latitude.",413254,Dell,Dell Vostro 14 3400 (D552157WIN9DE),510.0,USD,413254_review_para_3,740,"[-2.58430286e-04 -1.06073273e-02  5.12984134e-02  7.96673447e-03
  3.85700092e-02 -1.71630271e-02  1.75714009e-02  4.13593501e-02
 -1.67296231e-02 -5.82455695e-02 -1.71349533e-02  1.52900629e-02
  6.53324509e-03  3.71714272e-02  3.86899002e-02  4.99303900e-02
  7.61001930e-02  5.78222703e-03 -2.52668969e-02  9.01897997e-03
 -1.48841860e-02 -2.06476916e-02  2.58900579e-02  2.68242732e-02
 -1.78648569e-02 -2.30585430e-02  5.56149222e-02 -8.30106996e-03
 -3.90807241e-02 -3.16600539e-02  3.00861150e-02 -6.56072702e-03
  1.67148691e-02  1.99371716e-03  1.93595514e-02 -7.54282810e-03
 -1.54485768e-02  3.02984081e-02 -3.25832590e-02  2.75210775e-02
 -2.78375912e-02 -3.05232890e-02  1.66744478e-02  4.14516889e-02
 -5.76221533e-02  1.93421599e-02 -2.10064277e-02  5.02579100e-02
 -8.56169499e-03  3.69395725e-02 -4.06563990e-02  4.18088026e-02
  1.63008384e-02  1.50694968e-02 -4.66285367e-03  5.03887348e-02
  3.03735975e-02 -5.18045062e-03  3.01032774e-02 -1.34289674e-02
  8.16634744e-02 -4.26412467e-03 -2.21915655e-02  3.06359492e-02
  3.13795693e-02 -3.42845432e-02  1.34777362e-02 -1.44873671e-02
 -2.82312911e-02 -1.44726783e-02 -5.47245238e-03 -3.04851625e-02
 -9.86163132e-03 -4.11975272e-02 -3.08979750e-02 -4.46972102e-02
 -2.32175309e-02 -2.00019795e-02  5.01057617e-02  3.72185628e-03
 -1.04922056e-03 -3.60901766e-02  3.56327109e-02  3.18967588e-02
 -4.22157496e-02 -4.94429516e-03  2.21176650e-02 -6.26580976e-03
  1.31164370e-02  5.89905381e-02 -1.74346101e-02 -6.24254858e-03
  1.17606334e-02  6.35493845e-02  2.77167261e-02 -3.34089249e-02
  4.79386076e-02 -1.57504845e-02  3.61550003e-02  2.84510292e-02
  6.03637435e-02 -2.27449592e-02  3.72340605e-02 -4.46453039e-03
 -8.14447999e-02  3.01115606e-02 -4.43473458e-02 -5.13390675e-02
  2.01914348e-02  3.57599556e-02 -2.27600373e-02  1.94242354e-02
 -2.46636523e-03  4.18976843e-02 -4.84657474e-02  5.18318936e-02
 -6.62201969e-03  2.55274158e-02 -1.19143575e-02  2.11788155e-02
  4.28577587e-02  3.54247056e-02  1.17352903e-02  3.91152129e-02
 -1.26856305e-02  7.06783608e-02 -2.95008672e-03  3.38617414e-02
 -7.32102012e-03 -4.16761823e-02  3.21392566e-02  1.50616467e-02
  2.99721342e-02  1.91193651e-02  1.01927202e-02 -1.61441993e-02
  1.94805562e-02 -3.77419740e-02  4.83531281e-02 -3.89549602e-03
 -6.50597923e-03 -3.60083878e-02  1.07226176e-02 -1.28806373e-02
  4.71777208e-02 -4.82478961e-02 -8.96675885e-03 -1.91841684e-02
 -3.99809591e-02  3.90080526e-03  3.54355946e-02  3.22300941e-02
  2.47024931e-02 -5.08082062e-02  7.01282220e-03  8.43186229e-02
  2.09470233e-03  2.47106757e-02 -5.56519702e-02 -8.43255688e-03
 -1.51913371e-02  7.21278191e-02 -1.98319964e-02  4.38823625e-02
 -1.60608999e-02  6.07884787e-02  2.15123948e-02 -9.78626683e-03
 -2.39475612e-02  5.15102074e-02 -6.52352581e-04 -5.01748218e-05
  3.22461948e-02 -7.23360060e-03 -4.17203866e-02  1.03145994e-01
  4.04439718e-02  2.15375405e-02  2.20747236e-02  2.63305213e-02
 -6.63828626e-02  5.77861816e-03  3.36717106e-02  7.44116027e-03
 -3.85652222e-02  1.68297421e-02  4.70484421e-02 -1.28760925e-02
 -5.43584451e-02 -3.89452428e-02 -7.82487839e-02 -6.55655935e-02
  4.62148003e-02 -1.75150239e-03  1.80575065e-02 -5.58065474e-02
  4.31754254e-02 -2.21464429e-02  1.74970962e-02  2.39001531e-02
 -1.25182169e-02 -3.53493914e-02  6.63653761e-02  7.50064524e-03
 -5.01553975e-02 -2.83447299e-02  4.40120585e-02 -1.36229843e-02
 -3.89432162e-02  3.68557796e-02 -5.07565401e-03 -7.73464218e-02
  2.86154877e-02  6.99556321e-02 -2.77397651e-02 -6.57692412e-03
  2.70117377e-03 -6.29071519e-02 -9.61530115e-03 -5.34202643e-02
 -2.68754400e-02  2.46492699e-02 -2.68928614e-02  2.87344921e-02
 -4.86997962e-02  6.79404661e-02  5.67461364e-02 -4.40933928e-02
  1.28182434e-02  4.53898795e-02 -4.05908562e-02  2.24567906e-04
  1.86246652e-02  5.34413345e-02 -3.94463874e-02 -1.56993003e-04
  2.44865417e-02  1.43972272e-02  8.10205489e-02 -6.63391873e-02
 -1.96987148e-02 -1.41267087e-02  4.65884618e-02  5.60018085e-02
 -6.86561223e-03 -4.90262546e-02  2.29445789e-02  2.51774564e-02
  5.66488877e-02 -5.55979684e-02  2.81222328e-03 -5.62407589e-03
  2.45168507e-02 -7.35583715e-03  2.26633456e-02 -6.39145449e-02
 -8.45605694e-03  4.21809405e-02  5.32517545e-02  3.77039723e-02
 -2.43506841e-02  1.37758162e-02  2.79999021e-02  1.18157407e-02
 -8.53406906e-04 -8.50816146e-02 -4.96295132e-02  7.32667604e-03
  3.42593789e-02  5.89099154e-03  3.01190540e-02  1.53219765e-02
 -8.46732222e-03 -2.50533409e-02 -1.65200569e-02 -3.40355150e-02
  5.78284189e-02 -2.49478710e-03 -2.65810210e-02 -1.05403075e-02
  1.28484648e-02  1.05887793e-01 -7.41005596e-03 -7.42232203e-02
  2.91642006e-02 -1.21342931e-02  3.24531682e-02 -7.29945749e-02
 -3.47544923e-02 -2.92445123e-02 -3.58788623e-03  4.06580567e-02
 -2.66450904e-02  1.44145377e-02  2.06705034e-02  1.15298964e-02
  2.59587914e-02 -2.57331710e-02  5.70748746e-03 -5.82133885e-03
  3.30671743e-02 -2.87844595e-02 -4.32515517e-03 -1.70089472e-02
 -7.79684912e-03 -5.12096807e-02  1.85529739e-02 -4.85590510e-02
 -2.23936260e-01  2.85390522e-02 -7.60832196e-03 -3.65401320e-02
  7.94089213e-03 -4.65977862e-02 -1.51266661e-02  1.04861185e-02
  1.81378028e-03  2.64048781e-02 -2.00052261e-02  8.41112924e-04
 -3.78256887e-02  3.88580151e-02  8.89040902e-03  4.23024632e-02
  4.82531264e-02 -3.23219225e-02 -1.63343884e-02  1.41785536e-02
  2.04156153e-02 -6.48553967e-02  1.51650238e-04  1.59138478e-02
  1.61437914e-02  3.89851555e-02  1.21985413e-02 -3.84767130e-02
 -6.75835982e-02 -7.75376102e-03  1.69029343e-03 -2.87791360e-02
 -4.60155532e-02  2.84823240e-03  2.19059065e-02  1.76999327e-02
  1.89290158e-02 -3.91932353e-02 -4.62972671e-02  5.41280163e-03
 -4.58580256e-03 -4.60172538e-03 -8.45685322e-03  2.49299500e-02
  5.70707656e-02 -2.05729324e-02 -7.57647306e-02 -1.34050632e-02
  2.32806616e-02  5.29027618e-02 -2.92914771e-02 -5.91160357e-03
 -6.87797442e-02  1.75593384e-02 -3.90441976e-02  5.00988914e-03
 -4.20940965e-02  2.55511459e-02 -4.02783416e-02 -2.94480622e-02
 -4.53460440e-02 -1.26695754e-02 -1.03858985e-01 -2.92058829e-02
  4.25580405e-02 -1.51930964e-02 -3.36525179e-02 -4.53871414e-02
  1.96961258e-02  1.09572969e-02 -1.89313497e-02 -2.76796781e-02
 -1.36546989e-03 -7.80278742e-02 -1.84171367e-02 -3.91626023e-02
 -2.78912764e-02  4.41772453e-02 -3.73532102e-02  2.41437387e-02
 -5.50042000e-03 -4.31266055e-02  6.85915723e-03 -1.69160012e-02
  1.84338577e-02 -4.10055332e-02 -8.73680133e-03  4.27376851e-03
  4.41815555e-02 -9.27266944e-03  5.44425659e-02 -2.64270790e-02
 -1.12087755e-02 -3.23176384e-02  4.58467603e-02 -3.14215720e-02
  5.24281664e-03  4.25905315e-03  3.05792205e-02 -1.06178354e-02
  1.06381569e-02 -9.42405127e-03  4.81797829e-02 -2.59502102e-02
 -5.26861213e-02  4.23305808e-03  9.38973390e-03  1.04947034e-02
  3.62462620e-03 -4.02369425e-02  3.99778644e-03 -1.93612669e-02
 -3.71526666e-02 -1.38005633e-02  2.96144504e-02 -1.68812443e-02
  4.31855246e-02  3.46489288e-02 -1.42079750e-02 -5.89185171e-02
 -5.01079597e-02 -1.54766152e-04 -4.37424220e-02 -4.75371666e-02
 -7.59345889e-02  3.85130309e-02 -1.45275090e-02  5.08783525e-03
  2.62633786e-02  8.73524137e-03 -9.66692623e-03  1.16549823e-02
  1.69116072e-02  5.13254199e-03  2.39154436e-02 -2.54744403e-02
  2.32538767e-02 -1.28528662e-02 -2.05714093e-03  8.51007923e-03
 -3.05501334e-02  6.47566989e-02  1.22257834e-02  2.54123416e-02
  3.05441003e-02 -1.85409915e-02  2.91887745e-02 -4.99424301e-02
  5.04372735e-03  2.15268582e-02  2.10748278e-02 -5.07903658e-02
  3.92841175e-02 -4.97775562e-02 -6.33431673e-02  6.10079197e-03
  2.15590335e-02  2.33523245e-03 -7.34061748e-02 -8.14747065e-02
  2.99113858e-02  4.44966294e-02 -1.11709554e-02  3.00154611e-02
  3.26190405e-02  4.05018926e-02  1.83693245e-02  4.70221788e-03
  5.19921966e-02  4.10486422e-02  3.02559864e-02 -4.25698198e-02
 -2.65217596e-03  2.58373991e-02 -2.02325750e-02  9.31815207e-02
  1.26546975e-02  1.25529766e-02  2.93023838e-03 -7.28074554e-03
  1.63026322e-02 -6.04052970e-04 -1.87174045e-02  5.09401038e-03
  2.45001856e-02 -3.61585729e-02 -3.15181091e-02 -3.76448967e-02
  1.15056653e-02 -2.88891029e-02 -2.48300899e-02 -9.77014285e-03
  7.52983987e-03 -3.56309190e-02 -4.17695614e-03 -6.76371306e-02
  1.38425007e-02  4.32386771e-02  5.42109879e-03 -1.98484603e-02
 -4.21368331e-02  1.38945226e-02 -1.65940411e-02  2.48791259e-02
  1.46973075e-03 -4.44153063e-02  8.15735087e-02  6.53191609e-03
 -2.42655408e-02  3.72285210e-02 -4.59886044e-02 -3.20450403e-02
 -3.78589481e-02 -9.78154223e-03  3.86987813e-02 -9.19565838e-03
 -1.64395031e-02 -5.23249283e-02 -2.22194325e-02 -4.56687063e-02
 -1.34034036e-02  3.21971327e-02 -3.68813612e-02 -6.41203299e-02
 -1.42207276e-02 -2.93058343e-02  4.99050366e-03 -4.54590516e-03
 -1.34841036e-02 -6.72481433e-02 -5.25491498e-03 -2.52265879e-03
  3.24156396e-02  2.96826772e-02 -4.65864828e-03  2.97536626e-02
 -2.88785473e-02 -3.04888878e-02 -1.15748309e-02  4.75233197e-02
  2.84667240e-05 -1.17504541e-02 -2.69437656e-02  3.40166502e-02
  4.66379672e-02  1.84841119e-02  1.33746443e-02 -5.21841422e-02
 -4.05053683e-02  4.38925736e-02 -5.45066521e-02 -3.57538536e-02
 -2.70535089e-02  1.19681150e-04  5.34313545e-02 -5.19897938e-02
 -2.84944698e-02  6.03286736e-03 -3.83862257e-02  5.20488881e-02
 -1.65139921e-02 -5.95739624e-03  2.38200612e-02  5.75514212e-02
  4.62270202e-03  1.61202601e-03 -2.18809978e-03 -4.60556075e-02
  5.08446172e-02 -1.31839132e-02 -1.53989121e-02 -4.64693569e-02
 -6.21409490e-05 -1.32376549e-03  4.82083037e-02 -4.92294319e-03
  2.48177666e-02 -1.29635539e-02  3.73382121e-02 -7.82826915e-02
 -9.03061219e-03  1.28189512e-02  7.21039101e-02 -1.21244369e-02
 -4.97181667e-03  6.37750281e-03 -6.47859555e-03  4.57513612e-03
 -6.70904517e-02 -3.20761316e-02  4.37125675e-02  5.00140304e-04
  6.05167486e-02  1.86316464e-02 -4.67090048e-02  4.39978242e-02
  5.10941818e-02  3.34694632e-03 -3.97709645e-02  1.87737178e-02
  2.55603865e-02  8.98413509e-02  1.96752069e-03 -4.28457372e-02
 -2.68419441e-02  4.68259398e-03  2.90551614e-02 -4.97274064e-02
  7.13951141e-03 -6.04288559e-03  7.13016663e-04 -5.09805717e-02
  2.08819099e-02  2.18215100e-02  2.32070442e-02  1.67467985e-02
  2.20181625e-02 -3.69543396e-03 -3.67494784e-02 -2.11206414e-02
 -2.03615474e-03  8.73510540e-03  4.42521609e-02  9.27600823e-03
  3.25412303e-02  5.14550880e-02 -3.66520584e-02 -3.69138233e-02
  5.78686744e-02  5.75560518e-02  7.83330873e-02  2.12373976e-02
 -1.09457993e-03  4.74548861e-02 -1.21670961e-02 -1.38415126e-02
 -1.64381135e-02 -4.73977774e-02 -3.22263353e-02 -2.97468342e-02
  6.13233726e-03  7.96236917e-02  8.12519863e-02  3.00934520e-02
 -2.18627565e-02  1.66067127e-02 -2.95532364e-02 -1.36738308e-02
  1.19657461e-02  3.04516479e-02 -8.70879553e-03 -4.58569825e-02
 -4.94786985e-02  8.80440813e-04  1.77276786e-02 -4.49872622e-03
  1.90419443e-02 -6.39598295e-02  3.05746235e-02  3.43124091e-04
 -3.73267196e-02  3.16504054e-02  2.72226613e-02  3.74783836e-02
 -7.11179897e-02 -1.72446147e-02 -1.35678323e-02 -1.07206882e-03
  6.27428060e-03  4.34522629e-02  1.03084706e-02  3.44557874e-02
  3.79825830e-02 -3.56688094e-03 -1.53938308e-02  1.38231469e-02
  2.59661973e-02 -2.79137455e-02 -1.22295665e-02  4.74575795e-02
 -7.55446590e-03 -8.54183435e-02 -6.50798604e-02 -3.35731991e-02
 -9.69091989e-03 -3.12785096e-02 -9.35580861e-03  1.48427365e-02
 -5.31709706e-03 -5.16408756e-02 -1.36154182e-02 -3.67852002e-02
  1.23798044e-03 -2.26812083e-02 -5.44433966e-02 -4.93730977e-02
  2.78724730e-02 -1.05951237e-03 -6.96188509e-02  5.09548150e-02
  3.67388092e-02 -5.00712320e-02 -1.67286722e-03  5.86961471e-02
 -4.65422496e-02  2.92142797e-02  1.56882629e-02  5.56203946e-02
 -7.45916069e-02 -7.99281802e-03  2.97533944e-02  1.90437748e-03
 -5.20802438e-02  2.19451785e-02 -1.62464138e-02 -1.04474267e-02
  4.23297957e-02 -1.43090423e-04  4.94180806e-02 -1.29843717e-02
  2.52903793e-02  1.68629864e-03  5.74385701e-03  3.62925567e-02
  8.44461378e-03  5.97355254e-02 -4.68843849e-03  2.39174869e-02
 -1.85940154e-02  3.58344465e-02 -3.39157581e-02  9.44106281e-02
 -3.92414182e-02 -1.65880714e-02 -7.93490186e-02 -7.54147768e-02
  5.31586865e-03 -5.19227609e-02 -2.36439463e-02 -5.37593141e-02
  6.75388612e-03 -2.74497960e-02 -4.10548598e-02  1.08309425e-02
  2.82757953e-02 -4.36406722e-03 -4.12437469e-02 -4.75916900e-02
  2.66915909e-03  3.64273079e-02 -2.12734398e-02 -4.43696119e-02
  7.84044340e-02 -1.49754332e-02  4.06971015e-02 -5.26815541e-02
  3.47386375e-02  3.40010859e-02  2.64585540e-02 -4.46470128e-03]","[np.float32(-0.0), np.float32(-0.01), np.float32(0.05), np.float32(0.01), np.float32(0.04), np.float32(-0.02), np.float32(0.02), np.float32(0.04)]"
review_para_5,"The combination of the Core i7-8750H CPU, dual-channel memory, and an NVMe SSD ensures smooth system performance. We did not run into problems. The six-core CPU offers enough performance reserves for the future. The dedicated GPU allows you to play games on the GX531GM. Very good PCMark results complement this package.

An NVMe M.2-2280 SSD from Intel as a primary storage device provides 512 GB of storage space, of which 438 GB are free. The difference is occupied by the recovery partition and the Windows installation. The SSD achieves good transfer rates but is not as fast as other NVMe models. NVMe SSDs are connected over PCI Express 3.0 x4, which provides significantly higher transfer rates than SATA III.",416130,Asus,Asus ROG Strix G15 G513QE-HN115T,900.0,USD,416130_review_para_5,717,"[-6.60605505e-02 -3.56247351e-02  1.56274065e-02  3.22137028e-02
  7.21541420e-02  5.83489463e-02 -7.52218580e-03  3.75427157e-02
  8.55629705e-03 -4.23857421e-02  4.07620333e-02  4.92404401e-03
 -1.62689406e-02  1.87491272e-02  1.09594129e-02  4.95802145e-03
  5.70912622e-02  2.17020512e-03 -1.65530257e-02  4.19926085e-02
 -5.15157881e-04 -1.77182276e-02  7.02812746e-02  5.66926859e-02
 -1.87585354e-02 -4.80908668e-04  5.02529321e-03 -6.10135496e-04
 -4.48258147e-02 -3.87934893e-02 -5.17078303e-03  4.51205904e-03
 -1.59135032e-02 -1.26794772e-02  6.64622411e-02 -5.20056635e-02
 -5.60048334e-02  4.89930920e-02  1.81766767e-02 -2.58788792e-03
 -1.14653362e-02 -1.98491346e-02 -1.11898240e-02  2.60182824e-02
 -5.82299419e-02  1.06624262e-02 -2.89418679e-02  1.13384593e-02
 -7.77622238e-02 -4.93040383e-02 -4.82560359e-02  2.85953283e-02
 -5.71126677e-03  6.59058914e-02  7.31572732e-02  1.47626679e-02
  1.51052419e-02 -3.13583016e-02  6.37720572e-03 -3.74272801e-02
  3.16772312e-02 -2.16176379e-02 -7.39577645e-03 -2.38746703e-02
 -1.98878739e-02 -8.04214627e-02  5.18172421e-02  1.26494365e-02
 -1.70261245e-02 -3.12563479e-02  8.46100785e-03 -4.70173545e-03
  3.45872082e-02 -2.38441955e-02  2.59004477e-02 -3.95181254e-02
 -1.95441246e-02  6.35738671e-03  7.24244788e-02  5.04435785e-03
  1.25201251e-02  2.75991689e-02  2.71239434e-03  5.04257493e-02
 -1.64932366e-02  2.15529511e-03 -1.46079669e-02  2.97394209e-02
 -2.60914750e-02  7.22093731e-02 -3.71139459e-02 -3.10598481e-02
  3.58355753e-02 -1.89208123e-03 -1.33082783e-02 -7.61989318e-03
  3.17240544e-02 -3.06980442e-02  3.37637998e-02  2.32690182e-02
  1.16579859e-02 -4.50898334e-02 -2.69809086e-02 -2.14735102e-02
 -2.79018395e-02 -8.50025937e-03 -1.83431935e-02 -5.40803187e-02
 -5.04594017e-03 -4.84594926e-02 -2.11296808e-02 -1.07580889e-02
 -9.81030613e-03  2.20626546e-03 -7.20608830e-02  3.47907580e-02
  1.28105388e-03 -3.98465917e-02 -2.19164100e-02  3.67001398e-03
  5.37854172e-02  4.56258245e-02  2.43522320e-03  9.85881034e-03
  1.21927960e-02 -1.27842836e-03  3.30982208e-02 -5.78501087e-04
 -1.18504893e-02 -7.18300417e-02  1.99889671e-02  4.56492081e-02
  3.48632336e-02  3.88777778e-02  1.18500926e-02 -3.96072902e-02
 -1.13665713e-02 -1.76144391e-02  5.41822538e-02 -8.62131864e-02
  7.38868769e-03 -2.03912742e-02  3.05379052e-02  3.32764583e-03
  5.07445447e-02 -2.02410365e-03 -1.11458753e-03 -3.79720069e-02
  2.48294249e-02  1.24078812e-02  4.34194766e-02  2.81361490e-02
 -2.67736590e-03 -3.29582095e-02  1.16237961e-02  1.10069038e-02
  3.69670913e-02  1.38713671e-02 -3.80027443e-02  1.93039700e-02
  2.76771914e-02  2.77571753e-02 -5.50822541e-02  1.45829255e-02
 -7.01183593e-03  3.79392579e-02  4.82751578e-02 -9.73623898e-03
 -1.32054416e-02  5.81228221e-03 -1.61797293e-02 -2.81387977e-02
  3.78870592e-02  1.70305334e-02 -1.87591426e-02  4.27897498e-02
  6.36985973e-02  3.44158113e-02  4.46771905e-02 -2.68021822e-02
 -5.93186207e-02  1.05591081e-02 -5.10207005e-03  4.34696628e-03
 -2.90116854e-02  2.10148818e-03  6.74614906e-02 -3.43231820e-02
 -3.32031064e-02 -3.70937213e-02 -5.76858595e-02 -5.12218708e-03
  5.22324778e-02  2.20816098e-02  3.72888334e-02  1.75165441e-02
 -7.90676288e-03 -7.03416206e-03  3.15704313e-03  3.48206647e-02
 -3.76724778e-03 -2.49698460e-02  2.92035062e-02 -8.29933882e-02
 -4.84267697e-02 -1.11051453e-02  1.84443276e-02 -3.11741792e-02
 -7.15466365e-02  1.33450255e-02  3.31572406e-02 -3.72391976e-02
  4.71065119e-02  5.12866117e-02  1.65484343e-02 -3.95056047e-03
  1.26474937e-02 -1.21270893e-02  2.09967922e-02 -2.42663343e-02
  6.73096776e-02  1.23723345e-02 -8.06525815e-03  1.61533169e-02
 -3.72507423e-03  8.02882314e-02  2.76540555e-02 -7.23480359e-02
 -6.43084175e-04  5.53327054e-02  1.76207833e-02  8.64037033e-03
  5.14563220e-03  1.72327384e-02  3.27140652e-02  3.20526287e-02
  1.07620582e-02  1.40218409e-02  3.93293239e-02 -2.53325030e-02
 -7.82719627e-03  2.43302789e-02  2.12838911e-02  2.48666219e-02
  3.03029492e-02  3.85256745e-02  2.09725834e-02 -4.62773908e-03
 -3.96282822e-02 -6.98614866e-02 -3.07988538e-03  8.42088275e-03
  5.17475829e-02  1.58937601e-03 -3.02591976e-02 -4.66042534e-02
 -3.58331837e-02  2.39015799e-02 -4.16129967e-03  3.26689258e-02
 -1.53434193e-02  1.90045889e-02 -3.63605656e-02  2.83445176e-02
 -3.05388104e-02 -8.45073909e-02 -3.30932811e-02 -1.77365206e-02
 -2.13147756e-02 -8.33252072e-03  3.71718779e-02 -5.69300316e-02
  1.48037705e-03 -1.69807952e-02 -1.52748469e-02 -4.04204503e-02
  9.67444386e-03 -4.98362398e-03 -1.19264601e-02 -3.83152924e-02
  3.23107950e-02  7.58483037e-02 -2.51514744e-02  5.98769030e-03
 -1.46956099e-02 -1.87964700e-02 -1.59470439e-02 -8.20934623e-02
 -3.73947956e-02 -3.25290412e-02  6.98904619e-02 -7.87000899e-05
 -2.73627620e-02 -2.01468151e-02  6.09968640e-02  5.83977699e-02
  2.15836409e-02  9.18478239e-04  3.60991620e-02  1.74423326e-02
  2.53711753e-02  2.71005519e-02  2.76679220e-03 -1.76355336e-03
  1.68927014e-02 -5.44199347e-02  3.33095565e-02 -5.21685258e-02
 -2.34479263e-01 -8.04948993e-03 -2.60696327e-03 -2.33149696e-02
  7.56973848e-02 -2.15476453e-02  3.54561545e-02 -2.88943052e-02
 -1.90658122e-02  3.29783522e-02  1.34557765e-02 -4.20737229e-02
  4.58030552e-02 -1.94159616e-02  3.51852551e-03  5.64829856e-02
  1.41171161e-02 -4.71092165e-02 -2.72579864e-02  2.55418313e-03
  1.19021032e-02 -5.95865175e-02 -3.84256467e-02  1.96921565e-02
 -5.19661373e-03 -1.07169505e-02 -3.20624486e-02 -3.74483354e-02
 -6.20644279e-02  7.36440951e-03  1.26992064e-02 -1.02619715e-02
 -9.29397531e-03 -1.87897328e-02 -3.47317345e-02 -7.17272842e-03
  3.23382393e-02  8.13177973e-03  4.23986092e-02 -4.21202518e-02
  1.68189202e-02 -1.22993952e-03  2.31602490e-02 -2.43173484e-02
  3.85520384e-02 -2.41844282e-02 -6.34878576e-02 -1.69538446e-02
  2.63731088e-02  2.06564888e-02 -2.83618979e-02 -1.33877667e-02
 -7.61543512e-02  5.47453165e-02 -4.55460325e-02 -7.88215362e-03
 -2.42956029e-03  7.56481737e-02 -1.70419291e-02  9.42754596e-02
 -7.49687180e-02 -1.16991978e-02 -3.73686217e-02 -3.50171737e-02
 -6.51346147e-02 -3.10246851e-02 -2.11392492e-02 -1.73305366e-02
  1.57927778e-02  4.04399931e-02  2.74333265e-02 -1.73025541e-02
  2.16393657e-02 -7.00305849e-02 -4.87733586e-03 -1.73279047e-02
 -1.23606408e-02  7.54112974e-02 -4.73073274e-02  8.36666748e-02
 -4.52157762e-03 -4.36869413e-02 -7.06500001e-03 -1.56586580e-02
  1.27243539e-02 -3.86262126e-02 -1.60893314e-02  8.38465430e-03
  6.74825860e-03  8.50126985e-03  6.71488941e-02 -3.12457103e-02
  2.19346657e-02 -6.38192669e-02 -2.04660720e-03 -2.60723252e-02
 -1.96041595e-02  5.08073010e-02  1.92370545e-03  3.65885929e-03
  4.78419103e-02 -1.96054019e-02  1.38353473e-02 -2.49145273e-02
  9.01642663e-04 -5.24484878e-03  3.83034162e-02 -1.55516639e-02
  6.56125546e-02  5.66339977e-02 -1.16392272e-02 -3.51506434e-02
  3.08656599e-02  6.49799081e-03  3.36423218e-02 -6.68247044e-02
  4.13625464e-02  4.37993892e-02 -1.09296022e-02 -1.24033177e-02
 -3.39882560e-02  6.74626266e-04 -1.42029976e-03 -1.15277180e-02
 -3.68874967e-02  2.93857642e-02  1.40110934e-02  7.25052366e-03
 -3.26486193e-02  5.22553315e-03 -3.24144177e-02  4.93941866e-02
  5.82393538e-03 -3.88112888e-02  2.54597049e-02 -2.27571633e-02
 -6.91029523e-03 -9.17581003e-03 -2.20541023e-02 -1.40834628e-02
  1.10731935e-02  2.54592510e-06  1.20395310e-02  2.96044629e-02
  2.72245388e-02  3.19627449e-02  3.76212448e-02 -2.42822096e-02
 -2.20024642e-02  1.06632838e-03  7.61852600e-03 -5.76655939e-02
  2.54415139e-03 -4.86598276e-02 -4.74522784e-02  8.72747693e-03
  1.54128596e-02 -3.13383453e-02 -2.97966264e-02 -4.18979712e-02
  3.22036743e-02 -1.92245301e-02 -4.13458757e-02  1.82575323e-02
 -1.34940017e-02  9.88509804e-02  1.11855604e-02 -5.08238785e-02
  5.09841554e-03  7.05866516e-02  5.08618541e-02 -2.96688434e-02
 -1.59723684e-02 -1.86552815e-02  1.90654974e-02  5.97580485e-02
  7.58803450e-03  4.90673631e-02  3.10409591e-02 -2.39158068e-02
 -2.63536698e-03 -2.16344353e-02  6.80298265e-03 -8.36682878e-03
  6.51048170e-03 -3.55523042e-02 -2.81351637e-02  9.47317574e-03
 -2.99001075e-02 -2.35552508e-02 -1.28748389e-02 -2.37012766e-02
 -8.84221401e-04  7.78579852e-03  7.12588476e-03 -4.19644751e-02
  1.44491252e-02  2.10679267e-02 -1.20088765e-02 -7.08706118e-03
  3.37762870e-02  2.10501570e-02 -5.79269091e-03  4.17325236e-02
  4.19749320e-02 -9.70097631e-03 -1.98066402e-02  3.50205265e-02
  5.31315105e-03 -3.25776746e-05 -2.45447364e-02  1.58846769e-02
 -5.14511615e-02 -9.22786444e-03  2.96531878e-02 -1.21818557e-02
 -1.60952974e-02 -5.61778992e-02 -2.35723648e-02  1.38612965e-03
 -3.59606557e-02  2.09531579e-02  2.78898571e-02 -5.53998724e-02
 -4.83922139e-02 -9.20624379e-03  5.44318072e-02  1.34584252e-02
  2.50415672e-02 -6.79913536e-02  2.67383903e-02 -3.42548713e-02
  2.52463743e-02  6.45443739e-04  2.40712017e-02  5.18579595e-02
  3.61721851e-02 -2.02277559e-03 -1.62270330e-02 -1.86753161e-02
  3.35703278e-03 -1.86593253e-02 -2.98698954e-02 -1.73392761e-02
 -3.83580066e-02 -1.07941581e-02  1.21363457e-02  2.15108618e-02
 -3.31408419e-02  5.17090932e-02 -8.54287744e-02 -3.23619284e-02
  1.31174792e-02 -2.92845294e-02  5.59387021e-02 -7.02909827e-02
 -3.54138538e-02 -2.96924375e-02 -7.14439899e-02 -2.33964138e-02
  4.88008326e-03 -4.67174202e-02 -5.83595261e-02  7.46329427e-02
  9.26569290e-03  5.45852398e-03  3.24685313e-02 -1.99912135e-02
  2.24168207e-02 -4.49695475e-02 -7.65078142e-03 -2.19311769e-05
 -3.70135671e-03  6.65802509e-02 -3.56724747e-02  1.89409126e-02
  7.66273681e-03 -3.17768678e-02  3.45003828e-02 -5.19509763e-02
 -1.97974890e-02 -4.25175444e-04 -9.89552122e-04 -2.32245084e-02
 -2.81715058e-02 -2.40274146e-03  8.29424884e-04 -2.22258735e-02
 -4.57927622e-02  2.94221677e-02  3.04989005e-03 -8.59992672e-03
  3.71798612e-02  5.73417731e-02 -3.96571271e-02 -2.15442497e-02
  2.65572947e-02  1.43826557e-02 -5.49638551e-03 -3.16493469e-03
  7.33595435e-03  9.57483724e-02  6.17738813e-02 -1.32655967e-02
  2.23227553e-02  2.06577424e-02 -2.40205638e-02 -2.25433800e-02
 -2.56206095e-02  2.41895318e-02 -2.86673121e-02 -4.40773405e-02
  3.98328081e-02  2.03203820e-02 -4.74404171e-02 -7.20048025e-02
  3.92721742e-02 -4.18589711e-02 -6.25895783e-02 -3.59110236e-02
  1.96635202e-02  2.60772854e-02  5.30821308e-02  4.48409170e-02
  3.06867771e-02  5.42576388e-02 -3.54820341e-02 -5.62047996e-02
  4.12148833e-02  4.64484729e-02  2.23026350e-02 -4.91391495e-03
  1.71337761e-02  8.52935091e-02 -3.35604586e-02 -3.44271772e-02
 -1.65444834e-03 -1.06908530e-02 -2.54271477e-02  4.79110777e-02
  2.80389450e-02  2.58526802e-02  1.93608506e-03  6.01068698e-02
 -2.67960746e-02  2.26199292e-02  9.68736410e-02  5.75515665e-02
  5.34098707e-02  1.29647292e-02  1.40927359e-03 -6.44300058e-02
 -1.22025544e-02  2.49371286e-02 -5.33698723e-02  1.18508749e-02
 -3.90907098e-03 -2.50990000e-02 -6.49269447e-02  1.72288362e-02
  1.33133819e-02  8.50617047e-03  8.95024240e-02 -1.92010682e-03
 -4.12404425e-02 -4.72281836e-02 -5.90014458e-02  5.36618149e-03
 -1.96623672e-02 -2.44455319e-02 -4.87942360e-02  4.61258553e-03
 -3.47320512e-02 -1.77491251e-02 -1.61585188e-03 -1.47258267e-02
 -2.70007066e-02  1.37014855e-02 -1.87364016e-02  4.72356826e-02
  1.29137188e-02 -2.28669997e-02 -1.79393366e-02 -1.02111399e-01
  9.20354575e-03 -2.36744788e-02  3.20293717e-02  2.22797673e-02
 -2.23293016e-03 -4.92048264e-02  2.73043998e-02 -8.85099079e-03
 -1.34011693e-02  2.27493774e-02 -2.92390883e-02 -7.03696758e-02
  5.29815592e-02  1.14441998e-02  2.05680798e-03  7.13328198e-02
  3.59378792e-02 -3.17298323e-02  1.55019611e-02  3.68102938e-02
 -2.01122519e-02  4.20836033e-03 -1.66742336e-02  1.27244145e-02
 -1.07456908e-01 -1.62402783e-02  4.77362946e-02 -7.81819411e-03
 -3.84220332e-02 -3.72654060e-03  3.28368433e-02 -4.32204343e-02
  5.06275259e-02  2.04761457e-02  1.38040958e-02 -7.81856384e-03
  2.29835529e-02 -1.31924525e-02  4.50141467e-02  3.85301337e-02
  2.88956165e-02  9.85195115e-02  8.08391273e-02 -1.70535799e-02
  1.90301910e-02  5.15165702e-02 -9.37828422e-03  2.86348611e-02
  1.92799829e-02  2.89871320e-02 -5.25480136e-02 -4.62938584e-02
 -4.18219762e-03  1.54696219e-02 -2.69892178e-02 -3.37269455e-02
 -8.49164836e-03 -1.84967369e-02 -3.12680081e-02 -1.57356057e-02
 -1.77748036e-02 -6.18784614e-02  2.11104937e-02 -5.12059107e-02
 -4.77868728e-02  1.08376238e-02 -3.20344046e-02  4.05625999e-03
  5.35036884e-02 -1.55962007e-02  2.09494997e-02 -7.78073166e-03
  7.84089118e-02 -6.04873616e-03  3.25750373e-02 -1.46738207e-03]","[np.float32(-0.07), np.float32(-0.04), np.float32(0.02), np.float32(0.03), np.float32(0.07), np.float32(0.06), np.float32(-0.01), np.float32(0.04)]"
review_para_13,"The temperature development is limited to the area around the processor and the fan exhaust. We can measure up to 46 °C at the top and even up to 52°C at the bottom. However, the hotspot is in the center of the chassis, so you can still use it on your lap. The laptop can maintain the power limit of 30W during the stress test and we have recorded the CPU data in the diagram below.

The two stereo speakers are decent, but the competition usually offers better solutions. Sounds distort at high volumes and the maximum volume is not great. The preloaded THX software offers different profiles and they really make a difference. The speakers are well suited for common videos or conferences, but you should use headphones or external speakers for better sound quality.",323389,Schenker,Schenker Vision 14,1915.0,USD,323389_review_para_13,768,"[ 2.02526264e-02 -3.54060507e-03  4.82625235e-03  4.40322123e-02
  5.29492833e-02 -2.71719880e-02  2.08148174e-03  4.65271436e-02
  1.63653251e-02 -4.06426080e-02  3.24680582e-02  4.67523336e-02
 -1.80663485e-02  3.28905955e-02 -2.62367167e-02  7.37277418e-02
  5.75794727e-02 -1.76159367e-02  1.02424426e-02  2.14751642e-02
  3.54731232e-02 -1.71127971e-02  2.49585928e-03  7.27952421e-02
  7.10916100e-03 -3.77168320e-03 -3.45347496e-03  8.50701425e-03
  1.17454808e-02 -1.33576877e-02  5.34881093e-03  1.58996377e-02
 -4.33489345e-02 -2.33711433e-02  7.38114044e-02  5.00634965e-03
 -3.00263017e-02  4.15795185e-02 -2.01412030e-02  2.71618483e-03
 -4.86785844e-02 -1.73433218e-02 -1.40895285e-02 -1.76337454e-02
 -6.12011589e-02  2.49094572e-02  5.33052422e-02  7.13089556e-02
 -5.31542413e-02  1.27633964e-03 -6.65582716e-02  5.85320890e-02
 -3.02768941e-03  2.55498998e-02  1.92502942e-02  8.87206756e-03
  4.25053341e-03 -4.09343056e-02 -9.82563477e-03 -3.30791213e-02
  7.33363554e-02  1.70738883e-02 -4.36374620e-02 -1.19683808e-02
  4.18982608e-03 -7.26234764e-02 -1.27974059e-03 -2.42896751e-03
 -3.34424973e-02 -1.40280379e-02 -5.52759692e-02  1.55495396e-02
 -4.60054800e-02 -2.31713001e-02 -3.14215273e-02 -5.58680259e-02
 -4.73923486e-04  2.38487013e-02  7.64169395e-02  6.85360581e-02
  3.13147828e-02 -2.64989212e-02  8.41948204e-03  6.38402402e-02
 -9.11770202e-03 -4.77396604e-03 -1.79785099e-02 -6.87854458e-03
 -7.47660846e-02  3.31408605e-02  4.06018738e-03 -5.25709009e-03
  2.50913501e-02  2.95790099e-02 -8.50036740e-03 -3.05721201e-02
  4.15741354e-02 -4.64826934e-02  1.45327765e-02  3.07710972e-02
  3.43160853e-02 -1.83807574e-02 -4.59791943e-02  7.34125264e-03
 -4.12862375e-02 -4.25944309e-04 -1.86260585e-02 -2.37060897e-02
  3.60976234e-02 -4.25385172e-03  1.81536321e-02 -3.11764553e-02
  1.85970031e-03  2.18377113e-02 -7.21003115e-02  3.48144136e-02
 -2.85219103e-02 -1.23806447e-02 -4.19011749e-02 -3.71725634e-02
  1.30585235e-04  6.93278313e-02 -1.15351351e-02  3.96474190e-02
 -2.00251234e-03  5.19532263e-02  5.70494123e-03  1.62887964e-02
  2.79141925e-02 -5.49474880e-02  3.50303501e-02  2.69659050e-02
  3.47714871e-02  3.12185660e-03 -8.02644435e-03  3.83175723e-02
  4.74912487e-02  1.37166763e-02  2.99147759e-02  6.10033469e-03
  1.23172253e-02 -2.98259947e-02  5.64214811e-02  9.84481443e-03
  3.84896770e-02  8.15833174e-03 -4.58545163e-02 -3.17502841e-02
  6.09714305e-03 -9.66070406e-03  2.71202698e-02 -6.37143431e-03
 -2.31383163e-02 -3.89438458e-02  4.85621355e-02  8.80318787e-03
  5.75064532e-02 -1.61337405e-02 -2.65100338e-02  3.98261193e-03
 -4.60186228e-03  6.71396777e-03 -3.86639684e-02  7.02021867e-02
  2.07994096e-02  3.85598838e-02  2.54449286e-02  1.38830980e-02
 -2.72177216e-02  3.78041007e-02 -4.38959002e-02 -1.96744073e-02
  4.51423973e-02  1.82104502e-02 -2.74378639e-02  5.09273894e-02
  4.88937721e-02 -2.35484652e-02 -1.19368881e-02  5.14147580e-02
 -7.47746155e-02  2.16921493e-02 -2.14309916e-02  2.19473522e-02
  1.18379260e-03  6.50804071e-03  5.01011461e-02 -1.47409672e-02
 -6.72250688e-02 -3.33993137e-02 -6.21396564e-02 -7.28976429e-02
  1.00526996e-02  3.41569190e-03  1.74832195e-02 -3.94081995e-02
  3.19564417e-02  6.93586096e-03  3.79445478e-02  3.25323194e-02
  1.03028882e-02 -7.03238230e-03  5.17484918e-02 -4.03901972e-02
 -9.68668237e-02 -7.81248184e-03  2.19725259e-02 -3.67831253e-02
 -3.38551812e-02  4.49006073e-02 -3.86907789e-03  3.23359971e-03
  5.95746338e-02  2.51797438e-02 -5.63788321e-03 -9.84933786e-03
 -5.10220556e-03 -3.37034017e-02  2.82962564e-02 -2.05532145e-02
  2.22888049e-02  4.68823034e-03 -1.47546194e-02  1.06995860e-02
 -7.50742480e-02  7.27173463e-02  4.16663364e-02 -3.18105146e-02
 -1.23316301e-02  4.61739525e-02 -5.39988875e-02 -6.60432316e-03
  2.11214628e-02  3.20004709e-02 -2.08937936e-02  3.62356789e-02
 -2.95532066e-02 -9.37534496e-03  2.98089962e-02 -6.94192797e-02
  1.50945513e-02  4.50090989e-02 -9.95336566e-03  5.39019257e-02
 -3.33376345e-03 -4.99497540e-03  5.14255427e-02 -2.59262174e-02
  2.93210614e-02 -2.58891433e-02 -4.42258269e-02  2.96784434e-02
  4.48965505e-02 -1.82662264e-03 -2.00583506e-02 -5.02694398e-02
 -2.78550796e-02  5.78173958e-02  3.18139046e-02  2.68732142e-02
  9.38193779e-03  4.59073391e-03  2.67304983e-02  4.70284335e-02
 -1.42542664e-02 -9.25528109e-02 -5.33090085e-02 -9.76004638e-03
 -1.59880426e-02 -1.38147287e-02  3.04097105e-02 -5.65197058e-02
  4.19254368e-03  2.65794117e-02  5.71301032e-04 -3.48012447e-02
 -5.16041787e-03 -1.35479504e-02 -4.78733750e-03 -5.76597936e-02
  6.27059937e-02  7.06968829e-02 -4.39831279e-02 -1.13108285e-01
 -8.52237921e-03 -3.35647203e-02  2.53035920e-03 -3.89915965e-02
 -4.26962189e-02 -4.85530607e-02  9.59929079e-03 -2.57118549e-02
  4.06312430e-03  4.53720950e-02  5.20448945e-02  4.96592224e-02
  5.45513071e-02 -9.59492754e-03 -5.07815555e-03  1.38864145e-02
 -1.50472252e-02  1.51232379e-02  3.95009387e-03  2.98802229e-03
 -2.96210703e-02 -8.43469501e-02  2.71118656e-02 -7.39353672e-02
 -2.32952163e-01  8.52297340e-03  2.14103404e-02 -4.62424085e-02
  3.96026671e-02 -3.27309258e-02  3.57102160e-03 -4.82627265e-02
 -6.61562011e-02  1.79756898e-02 -2.35058065e-03 -8.28651525e-03
  2.76854988e-02  4.73077409e-02  9.78178624e-03  3.18429060e-03
  5.34578925e-03 -3.58928069e-02  3.17113623e-02 -4.07460295e-02
  1.85903755e-03 -5.16102798e-02  1.67960860e-02 -1.04983374e-02
  4.80507538e-02  2.08693370e-02 -2.07857415e-02  1.46870660e-02
 -6.98521808e-02  9.71163902e-03  1.11422949e-02 -1.27594536e-02
  4.37060464e-03  2.97278371e-02 -1.83819444e-03  1.45755317e-02
  8.35043564e-03 -4.19510901e-02  5.98065136e-03  2.98314374e-02
 -2.16813125e-02 -1.53255537e-02 -1.53125981e-02  1.96320638e-02
  2.77248062e-02 -4.88242730e-02 -5.06152809e-02 -4.78614606e-02
  1.86119005e-02  5.77426478e-02 -2.97670476e-02  3.67130293e-03
 -3.14784050e-02  7.29937479e-03 -5.34256510e-02 -9.21282265e-03
  1.22522581e-02  6.30733743e-02  1.06777332e-03 -3.27382833e-02
 -5.08860722e-02 -3.91110070e-02 -5.70402406e-02 -9.02084576e-04
  3.84929106e-02  1.25650782e-02  4.45317803e-03 -3.18797715e-02
  4.27280217e-02  1.08821327e-02  1.60765853e-02 -8.60897824e-03
  2.48515084e-02 -9.90666300e-02 -1.91500820e-02 -3.46042886e-02
 -4.27475497e-02  2.68047489e-02 -3.75043106e-04  3.70741338e-02
 -1.74851343e-02 -2.54244581e-02 -2.89405473e-02 -7.46457325e-03
 -1.25556812e-02 -1.83554422e-02 -5.70325321e-03  2.10467763e-02
  3.61661874e-02  2.69475747e-02  6.87584579e-02 -5.34325689e-02
 -4.18608710e-02 -1.90126076e-02  2.96044201e-02  3.94065641e-02
 -6.30647168e-02  6.88138278e-03  4.61596921e-02 -3.68561968e-02
  8.36899038e-03 -6.17035013e-03  1.27539048e-02 -2.97949128e-02
 -1.28174908e-02 -1.46616427e-02  8.22866801e-03 -1.05778985e-02
  2.09963210e-02 -4.02521389e-03 -5.23752579e-03  1.63090453e-02
  2.49373121e-03 -3.39035094e-02  4.44844589e-02 -4.10826765e-02
  3.21137980e-02  4.62322421e-02  4.23657931e-02 -4.18048538e-02
 -3.28330807e-02 -2.07824148e-02 -1.18049663e-02 -5.20716757e-02
 -7.92799145e-02  7.16033578e-02  2.07143910e-02 -1.25761447e-03
 -1.27054080e-02  2.19242014e-02 -6.18713349e-02 -2.14476492e-02
  4.53994609e-02  3.79837044e-02  4.10107262e-02 -3.17846909e-02
 -5.66642918e-03 -2.85536349e-02  2.34157667e-02  1.49123780e-02
 -4.13430333e-02  3.86666991e-02  1.15677454e-02 -9.26467963e-03
  2.63102408e-02  3.74845229e-02  8.88516475e-03 -3.11957505e-02
  3.86390239e-02  1.06626097e-02  3.05031054e-02 -3.85844074e-02
 -5.30438200e-02 -3.63913514e-02 -3.60152312e-02  4.65368852e-03
  4.57634330e-02 -7.82528147e-03 -8.98960084e-02 -1.21108368e-02
  2.53507849e-02 -4.21737619e-02 -8.41023773e-02  3.87226120e-02
  2.95393798e-03  3.88392620e-02  2.10122559e-02 -3.56138647e-02
 -3.55681330e-02  6.85416919e-04  3.18196677e-02 -4.59756888e-02
 -3.10071949e-02 -2.83499062e-02  2.52676252e-02  3.32182944e-02
  3.63285244e-02  1.89768262e-02  4.65342067e-02  1.74544808e-02
  1.68608408e-02 -1.30931037e-02 -4.15519364e-02  4.08737399e-02
  4.79789376e-02 -4.35967967e-02 -3.82596403e-02 -2.15341188e-02
  3.39224264e-02  1.21138804e-03 -2.89055239e-02 -1.35922404e-02
  1.36347767e-02  3.94673739e-03  3.86590161e-03 -5.18189147e-02
  5.33073209e-02  3.87955941e-02 -4.08747122e-02 -6.37679175e-02
 -2.88510770e-02  1.34826228e-02  2.33245362e-02  5.05961925e-02
  1.49504598e-02 -3.99730988e-02  3.34064998e-02  2.34958753e-02
 -1.34620303e-02  2.27497853e-02 -6.38123751e-02 -2.19349451e-02
 -1.83917526e-02  8.00258853e-03  6.88642636e-03  2.18636617e-02
 -2.74234712e-02 -1.68813989e-02  7.58082489e-04 -1.67487562e-02
 -2.53310353e-02  1.66611467e-02 -2.97632944e-02 -8.08083564e-02
 -4.37854715e-02  1.86641440e-02  1.54570835e-02  2.53882259e-02
  1.92624386e-02 -7.33252838e-02  3.78055386e-02 -4.10526656e-02
  1.73967946e-02  2.19712611e-02  4.08899970e-03 -2.49076565e-03
  1.58006325e-03  2.16028113e-02 -1.64838554e-03  2.56158933e-02
 -1.39492331e-02 -3.16002369e-02 -3.07603702e-02 -2.80163083e-02
 -1.78943225e-03  1.80090684e-02 -2.47706193e-02 -1.71300415e-02
 -5.54046854e-02  3.26170288e-02  3.31108179e-03 -2.78502237e-02
 -4.49535176e-02  1.00793382e-02  6.26778454e-02 -5.44461198e-02
 -2.20043398e-02 -1.14068575e-02 -2.91798711e-02 -1.20578697e-02
 -2.95628011e-02 -1.04569374e-02 -2.21467726e-02  3.64580713e-02
  2.21968926e-02  5.55480011e-02  5.02308272e-02 -7.89303109e-02
  3.76524106e-02 -4.05552946e-02  2.86600832e-02 -1.75997857e-02
 -6.41477155e-03 -1.60872210e-02  3.83775607e-02 -1.63341896e-03
 -2.87697148e-02 -3.86068374e-02  6.83599189e-02 -4.72762659e-02
 -9.57154483e-03  1.12207280e-02  1.16040958e-02 -1.61322728e-02
 -3.76269221e-02  7.86195789e-03  6.55127177e-03 -9.23536252e-03
  3.78482183e-03  8.73228163e-03  3.36408354e-02 -1.97865553e-02
  4.01223488e-02  1.40291341e-02 -4.33094474e-03  7.00204773e-03
  4.56059799e-02  1.08394036e-02 -5.57491407e-02 -2.28237528e-02
 -3.53457779e-02  6.37764782e-02  5.96818589e-02 -2.44954862e-02
 -5.74250531e-04  1.26971817e-02  5.18952683e-02 -7.46074766e-02
  1.97442323e-02 -1.10932998e-03 -3.42841558e-02 -2.28101611e-02
  3.05261239e-02  3.54802236e-02 -3.50389406e-02  1.62301678e-02
  3.82706597e-02  2.02191509e-02 -1.75014231e-02 -2.56780479e-02
 -8.01683124e-03 -2.09897235e-02  3.66284512e-02  1.92170348e-02
  8.70074853e-02  4.63219211e-02 -3.58103849e-02 -2.67266147e-02
  2.34828889e-02  9.23558325e-02  5.41457199e-02  5.89763895e-02
  2.72291750e-02  4.33513783e-02 -4.82882559e-02 -2.15924848e-02
 -9.01752245e-03 -1.97419263e-02 -3.49400230e-02 -1.94118079e-02
  9.49906011e-04  8.44821334e-02  3.66469175e-02  5.06999344e-02
 -3.26705500e-02  4.07828614e-02  1.12660630e-02  2.84453016e-02
  3.76483500e-02  1.25922170e-02 -1.09287957e-02  2.77707307e-03
 -4.23148423e-02 -5.45252897e-02  3.12288627e-02  1.49822012e-02
  2.71914806e-03  1.40880542e-02  4.41233208e-03  2.90717594e-02
  3.61378789e-02  5.81761077e-02  8.12758282e-02  3.86696309e-03
 -3.43678109e-02 -2.17357231e-03 -3.54208201e-02 -1.71086509e-02
 -5.93596976e-03  1.10779214e-03  3.41508761e-02  9.29429848e-03
 -2.66990568e-02 -1.02418792e-02 -2.30899006e-02 -2.71302424e-02
  4.06191647e-02 -4.00288729e-03  3.32385604e-03  1.83218867e-02
 -3.28963585e-02 -3.53776403e-02 -6.60324246e-02 -4.53770943e-02
 -5.50850760e-03 -3.83337447e-03 -5.90839423e-03 -1.52651248e-02
 -2.27565784e-02 -1.54596372e-02 -4.79502790e-03 -5.30338660e-02
  8.96782335e-03  7.63566187e-03 -3.06714047e-02 -7.64527544e-02
  4.28249575e-02 -3.78919244e-02 -2.77639069e-02  3.88163254e-02
  3.65170762e-02 -3.49733904e-02 -4.52859178e-02  4.21487130e-02
  2.94589177e-02  6.19793460e-02 -1.64325181e-02 -1.04511925e-03
 -1.01291634e-01  1.92890298e-02  8.06905737e-04  3.37576084e-02
 -5.19500263e-02  3.02283261e-02  6.79491414e-03  9.12081357e-03
  9.27214045e-03  2.44358908e-02  2.43736692e-02 -3.91101055e-02
 -1.58858823e-03  9.95048042e-03  1.03681497e-02  8.98917168e-02
  1.12847909e-02  6.44576922e-02  5.24234250e-02 -1.79014355e-02
 -1.41976830e-02  2.71538831e-02  1.13755111e-02  5.27367815e-02
 -2.21727937e-02  1.53028816e-02 -3.59341390e-02 -7.26228729e-02
 -4.90850862e-03  1.30443834e-04 -5.94324581e-02 -4.08193329e-03
  6.40096292e-02 -7.45130004e-03  9.23703611e-03 -3.44172982e-03
 -4.98227496e-03 -4.45477180e-02 -1.58547796e-02 -5.61832152e-02
 -4.36580852e-02  2.62353104e-02 -4.84451987e-02 -1.00613413e-02
  4.29741964e-02 -1.13793940e-03  2.21498702e-02 -1.86152160e-02
  1.31892553e-03 -1.67082567e-02  1.73222199e-02 -1.29415561e-02]","[np.float32(0.02), np.float32(-0.0), np.float32(0.0), np.float32(0.04), np.float32(0.05), np.float32(-0.03), np.float32(0.0), np.float32(0.05)]"
pros,Pros: Matte IPS display | Full-HD resolution | 144-Hz panel | NVMe SSD | Compact metal case | Moderate weight | Capability of switching between dedicated and integrated GPU,413863,Asus,Asus Gaming V16 V3607VU-RP550WS,850.0,USD,413863_pros,172,"[-3.09520215e-02 -3.75386514e-02  3.39692086e-02  3.52335684e-02
  3.26738805e-02  4.51494455e-02 -1.44051397e-02  5.12880757e-02
 -1.03802197e-02 -4.65453118e-02  3.97816822e-02  1.70878805e-02
 -1.75719839e-02  3.05431802e-02  3.21293734e-02  1.81670617e-02
  5.88789098e-02 -1.22807249e-02  1.61409080e-02  7.31169851e-03
  1.07515622e-02 -3.38381156e-02  4.92510609e-02  4.84820344e-02
 -4.33508419e-02 -2.11413465e-02  3.18627991e-02  6.72522560e-02
 -6.15431182e-02  2.22214255e-02 -1.62407872e-03 -2.81239934e-02
 -6.30530789e-02  1.28619596e-02  1.59369167e-02 -4.69679721e-02
 -3.79267298e-02  2.55085547e-02  2.06739213e-02 -1.07853627e-02
 -3.00515369e-02 -2.66472474e-02  7.05323601e-03  1.28063206e-02
 -5.78516647e-02  6.96397037e-04 -1.80417560e-02  4.59167138e-02
 -6.32419214e-02 -1.73869524e-02 -1.02122845e-02  3.91873643e-02
 -7.11685000e-03  3.33062001e-02  5.04221655e-02 -2.40101200e-03
  5.05365878e-02  4.55122255e-03  1.38821546e-02 -1.86679289e-02
  1.73615310e-02 -4.43573259e-02  1.81871224e-02 -1.04607800e-02
  3.09004746e-02 -2.64315922e-02  3.10984123e-02 -3.12226545e-02
 -4.38871756e-02  1.67959593e-02 -2.23802235e-02 -2.45757084e-02
 -5.13588684e-03 -2.09701695e-02 -1.42374365e-02 -4.51925956e-03
  1.67705975e-02 -1.27379969e-03  2.56361552e-02 -1.90783963e-02
  3.28499009e-03  3.15538235e-02  4.07257341e-02  5.23165688e-02
 -3.12909596e-02 -3.42638642e-02  4.82223975e-03 -5.89032052e-03
 -4.15609591e-02  5.59277013e-02 -2.82785483e-02  4.29838104e-03
  5.16107418e-02  2.42999066e-02 -3.81946284e-03 -5.02367839e-02
  2.07490586e-02 -1.43064074e-02  2.03987714e-02  2.95289233e-03
  5.72612844e-02 -2.37968657e-02 -3.52683999e-02 -3.26622576e-02
 -5.38446829e-02 -1.00052357e-02 -3.24431024e-02  1.08583821e-02
  5.37033845e-03  8.51656310e-03  1.25162052e-02 -1.15868952e-02
  3.93435620e-02  4.27258713e-03 -5.01708202e-02  5.21650277e-02
 -3.66566610e-03 -2.87841875e-02  1.45077182e-03 -7.50608137e-03
  3.70732397e-02  4.24481295e-02 -3.93562168e-02  2.67204773e-02
  4.14831638e-02 -8.44556466e-03  1.36346938e-02  2.45106500e-02
  1.06084710e-02 -6.27699792e-02  1.67537313e-02  6.12986973e-03
  1.41222561e-02 -9.92003269e-03  1.38948876e-02 -3.12916376e-02
  3.10716126e-02 -1.87935364e-02  2.49293596e-02 -4.70187925e-02
  2.39491090e-03 -5.06646521e-02  6.30818233e-02 -1.10196508e-02
  1.53382914e-02 -2.10227501e-02  7.64694065e-02  1.27237551e-02
 -1.00115058e-03 -2.10801885e-02  1.60313193e-02  5.13471244e-03
  1.78391170e-02 -5.79369515e-02  1.57549493e-02  5.63125946e-02
  5.28866090e-02 -3.82346893e-03 -8.12334288e-03 -4.00473587e-02
  1.23819243e-02  2.76506282e-02 -3.71529832e-02 -2.84500029e-02
  1.05911717e-02  6.12295158e-02 -5.24305552e-03  1.07283508e-02
 -1.57357100e-02  2.54577752e-02 -3.23891751e-02 -2.57207975e-02
  2.56294645e-02  2.37746760e-02  4.24510939e-03  9.77411047e-02
  8.79605412e-02  4.57402207e-02 -2.60013565e-02 -1.92830916e-02
 -9.18381810e-02  9.31817200e-03  1.40036130e-02 -9.55236331e-03
 -4.69571911e-02 -1.35531360e-02  2.51519661e-02 -1.88364349e-02
 -5.50944917e-02 -5.67385517e-02 -7.43199214e-02 -4.39276248e-02
  2.39838827e-02  1.93694068e-04  3.01606264e-02 -1.60660576e-02
 -1.80337541e-02 -1.61571603e-03 -2.91591659e-02  5.14676683e-02
  1.72155574e-02  3.47502041e-03  5.25015257e-02 -3.99224162e-02
 -7.65276924e-02 -5.72611168e-02  1.12993363e-02 -9.89678595e-03
 -7.91988969e-02 -1.63107254e-02  1.70125738e-02 -6.59806132e-02
  4.17635478e-02  4.26927395e-02  1.23440102e-02 -1.07668946e-02
  2.62750387e-02 -3.81039307e-02 -1.91492662e-02 -7.47582270e-03
  3.90503816e-02 -4.01962921e-02 -2.03814683e-03  3.03104967e-02
 -4.78832051e-02  5.43961711e-02  3.57170738e-02 -6.22136369e-02
  2.94159595e-02  2.51365881e-02 -3.45891751e-02  8.50076135e-03
 -1.12477979e-02 -3.31286378e-02 -1.91328507e-02  2.96816938e-02
 -1.64471078e-03 -3.75442836e-03  5.95056377e-02 -4.27991226e-02
 -2.19221767e-02  1.59759391e-02  4.70684581e-02  6.91212267e-02
  3.11825071e-02  1.13978004e-02  2.37671100e-02 -3.87143693e-03
 -3.61363180e-02 -4.11737114e-02 -1.27718775e-02  7.13249668e-03
  2.41148788e-02  2.40856484e-02 -1.06052840e-02 -5.44584990e-02
 -5.09286560e-02  1.54823819e-02 -4.95527813e-04  5.89964055e-02
 -4.43667434e-02  2.33779252e-02  1.40852667e-02  1.14263939e-02
  8.12803023e-03 -8.81856307e-02 -2.82428171e-02  4.68040071e-03
  1.37603972e-02  3.66386101e-02  4.23978828e-02  2.07764059e-02
 -8.03534593e-03 -1.07293427e-02 -1.22860251e-02 -5.95610216e-02
  2.58570872e-02 -1.01745185e-02 -9.50730592e-03 -4.52616662e-02
  6.99279308e-02  6.88223019e-02 -2.56536109e-03 -2.27606930e-02
 -1.00880377e-02 -2.63482332e-02  1.59668978e-02 -8.80957171e-02
 -3.26129384e-02 -4.61822487e-02  4.02829014e-02  3.29632498e-02
  5.77413896e-03  4.50678244e-02  6.26476631e-02  3.52805443e-02
  1.99111248e-03  3.18501554e-02  1.34159019e-02  5.47316810e-03
  4.39722836e-02 -1.87815428e-02 -5.12613123e-03  1.87492725e-02
  2.68868674e-02 -5.14956936e-02  3.43996547e-02 -5.53221926e-02
 -2.13440746e-01 -3.83752398e-02  2.70658620e-02 -4.21711206e-02
  4.07715142e-02 -2.92218849e-02  2.04265062e-02 -1.83202680e-02
  4.53821290e-03 -2.27619205e-02  2.12504566e-02 -1.40299005e-02
 -1.47731509e-02 -5.39756054e-03  3.13685946e-02  3.01660858e-02
  6.87582716e-02 -5.51192909e-02 -6.12802524e-03 -2.24157907e-02
  4.10232972e-03 -5.38457334e-02  6.82564965e-03 -2.09631287e-02
 -2.41249683e-03  3.99809098e-03 -2.86863577e-02  4.69214143e-03
 -7.47931674e-02 -2.79952772e-03  2.70777452e-03 -1.08135836e-02
 -4.21287157e-02 -1.10386107e-02  3.57224792e-02 -2.24728864e-02
  8.08661878e-02 -2.93177217e-02  1.22987945e-02  1.85617376e-02
 -5.24677476e-03  1.78058073e-02 -4.55585308e-03  3.04269791e-02
  4.78395559e-02 -2.18196716e-02 -2.67833546e-02 -1.67175755e-02
  6.34057214e-03  5.65952994e-02 -4.80839610e-02 -1.48479203e-02
 -8.73277858e-02  4.53169458e-02 -5.63514829e-02  4.58413549e-02
 -1.50187779e-02  6.27103969e-02 -6.92092627e-02  3.36859450e-02
 -6.94555640e-02 -2.33789179e-02 -3.45323756e-02  2.19545746e-03
 -4.36727377e-03 -4.06511277e-02 -1.67914312e-02 -4.00644056e-02
  5.80657050e-02  2.56412886e-02  1.64957512e-02 -5.80869336e-03
  1.90034173e-02 -6.90243244e-02  3.47608067e-02 -1.46508971e-02
 -3.68468873e-02  6.01392053e-02 -1.59874093e-02  6.99663069e-03
  1.59439407e-02 -3.23477387e-02  4.17182446e-02  4.46730945e-03
 -8.85293912e-03 -4.46404628e-02 -6.59964280e-03  1.72078349e-02
  1.46004632e-02  6.14031358e-03  6.25387207e-02 -3.84557508e-02
 -2.69288775e-02 -4.83723097e-02  1.13282772e-03  1.21337865e-02
  2.75410432e-02 -5.05168829e-03  1.45208733e-02 -1.35357417e-02
  1.59687910e-03 -4.80888374e-02  3.39516695e-03  1.60826594e-02
 -7.87518919e-02 -6.92265248e-03 -1.29985521e-02 -8.66626296e-03
  4.46318313e-02  1.38253113e-02  6.20208401e-03 -2.09086239e-02
 -2.01456770e-02 -3.55166271e-02  6.90862164e-02 -4.09154706e-02
  3.85072343e-02  3.63687426e-02  3.83942506e-06  4.62255673e-03
 -3.56548913e-02  6.42965140e-04 -1.44811561e-02 -8.20428878e-03
 -9.39742997e-02  3.15086432e-02 -2.80647557e-02  4.92891930e-02
 -2.44106427e-02 -1.80660803e-02 -1.24605512e-02 -1.48404753e-02
  8.01307522e-03 -2.99708219e-03  4.24943790e-02 -1.83939282e-02
 -3.63859199e-02 -2.59076916e-02  3.23136598e-02  2.58998554e-02
 -6.10729307e-03  3.40576805e-02 -7.27410289e-03  2.99412068e-02
  4.73179631e-02  5.01981098e-03  1.18211722e-02 -2.23886557e-02
  1.05689019e-02  2.78616752e-02 -2.18943767e-02 -7.13296905e-02
 -3.94755006e-02 -3.99297699e-02 -1.01944558e-01 -4.86024469e-02
  6.91027520e-03 -6.36407314e-03 -3.79513949e-02 -3.10651343e-02
  1.07817156e-02 -5.93470735e-03 -5.58053255e-02  1.33079439e-02
  2.69558374e-02  7.13299513e-02  5.08602848e-03 -3.53891551e-02
  4.76770196e-03  5.33978753e-02  4.52331752e-02 -4.79320884e-02
 -4.53634039e-02 -4.75394875e-02 -1.64300539e-02  4.86385301e-02
  1.31033966e-02 -1.05916020e-02  3.20589431e-02 -9.01581068e-03
  4.37002070e-02 -7.21288286e-03  3.31481197e-03  1.87156368e-02
  3.32081243e-02 -2.71714944e-02 -7.76722236e-03 -1.79930986e-03
  2.02790368e-02  1.48548782e-02  2.33932156e-02 -3.65050812e-03
  6.57440908e-03 -3.26090828e-02 -4.82662730e-02 -4.45127375e-02
  3.42419818e-02 -4.60480759e-03  5.50622214e-03 -4.26433273e-02
 -5.43132797e-03  7.13475421e-03 -2.57731657e-02  4.06280346e-02
  2.23767236e-02 -2.77629849e-02  5.87502234e-02  3.80334556e-02
 -2.50837598e-02  1.56900119e-02 -3.86489108e-02 -1.60511080e-02
 -6.98275724e-03  2.06170417e-02  2.27943845e-02  1.04100751e-02
 -1.44561175e-02 -1.18382191e-02 -5.31654544e-02 -3.58435176e-02
  1.77412238e-02 -1.62849911e-02  6.49800478e-03 -6.95550069e-02
 -2.68249344e-02  4.56224307e-02  3.52601185e-02 -8.81751766e-04
  1.92445014e-02 -5.00061810e-02  1.93692115e-03 -3.82853523e-02
  1.61167681e-02  2.46296600e-02 -1.56682823e-02  3.23715806e-02
 -1.98925138e-02 -2.50138137e-02  2.54367180e-02  4.41100262e-02
  7.80788949e-03 -4.15111072e-02 -5.03800586e-02 -3.65297012e-02
 -2.53814068e-02  1.94656663e-02  1.47622628e-02 -1.93185862e-02
 -6.69440478e-02  3.91502939e-02 -6.53766990e-02 -3.21950614e-02
 -3.06654498e-02 -8.64788890e-03  5.23188971e-02 -7.22399801e-02
 -3.02956384e-02 -5.53636253e-02 -9.39377546e-02 -2.30914410e-02
 -4.39381935e-02 -1.13418158e-02  1.30749485e-02  1.62985064e-02
  4.21987884e-02  1.32263545e-02  2.53809374e-02 -6.46315888e-02
  6.22407272e-02 -3.11207790e-02  5.05852047e-03 -2.52780635e-02
  1.30519653e-02  1.14966603e-02  2.49342120e-04  9.27367620e-03
  2.75426661e-03  6.38003787e-03  4.54076380e-02 -2.39078235e-02
 -3.69783863e-02  2.85230838e-02 -1.99569799e-02 -1.86943170e-02
 -1.78293344e-02 -5.82394889e-03 -9.64429788e-03  2.76004290e-03
 -1.90937910e-02  4.68313210e-02  6.14911914e-02  2.81442865e-03
  3.44047546e-02  4.35217805e-02 -1.80017818e-02 -2.30488889e-02
  3.77634689e-02  1.45648122e-02 -3.20084617e-02  3.83871421e-02
 -1.27703277e-02  8.20608512e-02  3.46090458e-02  1.25298798e-02
  3.13501135e-02  3.40593420e-02 -8.84247199e-03 -1.75164528e-02
 -1.78102925e-02 -8.80362350e-04 -4.50256616e-02 -5.73949032e-02
  3.47995237e-02  1.28844036e-02 -3.17831151e-02 -4.19363528e-02
  2.40869839e-02 -9.91351996e-03 -2.35604346e-02 -1.40470779e-02
 -2.93046851e-02  3.06427870e-02  8.16209987e-02 -7.82458484e-03
  2.68880725e-02  6.36569038e-02  9.77936294e-03 -2.14777496e-02
  9.83147911e-05  9.42533538e-02  3.65456603e-02  5.93295321e-02
 -1.07488828e-02  6.19596839e-02 -4.99407053e-02 -2.43829060e-02
  5.38365450e-03  2.96441745e-02 -2.75337081e-02  5.48581742e-02
  5.25296405e-02  4.89858203e-02  1.80274006e-02  4.96130809e-02
 -1.72238536e-02  7.65060633e-03  5.02979420e-02  1.83366463e-02
  6.51589260e-02  7.80442134e-02  1.14479726e-02 -1.68177194e-03
 -3.31553370e-02  3.84162110e-03  8.56704172e-03 -3.19467671e-02
  2.64735185e-02 -1.69710573e-02 -3.28389592e-02  5.76914512e-02
  3.03725041e-02  4.47414778e-02  5.02640083e-02  1.42548373e-02
 -7.86646679e-02  2.16310937e-03 -3.88788283e-02  4.77976464e-02
  3.08241397e-02 -2.03890782e-02  8.34975950e-03  1.42697915e-02
 -2.38117147e-02  1.24005240e-03  4.29362319e-02 -2.40400853e-03
  1.94348935e-02  1.40910894e-02 -2.27146153e-03  6.99265301e-02
  1.82876009e-02 -6.28032982e-02 -4.57131788e-02 -9.83718708e-02
 -1.16458414e-02  8.55252333e-03 -5.02463058e-02 -2.29576696e-02
  4.63153003e-03 -5.81447668e-02 -5.29088974e-02  6.48910226e-03
  1.37010105e-02  4.18628231e-02 -2.96101980e-02 -5.81828356e-02
  3.23872715e-02  3.29454914e-02 -2.13101935e-02 -2.44785077e-03
  3.79265659e-02 -6.24856614e-02 -5.89933544e-02  3.25618125e-02
  3.35345306e-02  3.83682251e-02 -2.20192019e-02  4.93241698e-02
 -9.38918963e-02 -2.50435900e-02  4.44480404e-02 -2.49019489e-02
 -5.24333678e-02 -8.57372768e-03 -2.35545263e-03 -2.69268756e-03
  4.75047864e-02  3.11604496e-02  2.51038931e-02  2.41720378e-02
  2.93244552e-02 -1.62233505e-02  4.70490940e-02  4.50168364e-02
 -4.81731817e-03  2.78143156e-02  2.27620453e-02  1.15408488e-02
  1.59729854e-03  4.66655008e-02 -6.73233196e-02  5.84269725e-02
  5.33420499e-03  4.82456870e-02 -2.66417153e-02 -8.46440941e-02
  8.71245377e-03 -2.12903414e-02 -1.29244588e-02 -4.12411876e-02
 -7.69969961e-03 -4.57994118e-02 -3.07159661e-03 -4.04139906e-02
 -2.16178410e-02 -2.78155357e-02 -1.17928656e-02 -1.19355787e-03
 -5.13941534e-02 -1.14118615e-02 -5.63388206e-02 -5.71942562e-03
  7.32092559e-02 -1.91625599e-02 -2.33953111e-02  1.15204444e-02
  1.62065066e-02  3.25440727e-02  5.91651425e-02  8.48393142e-03]","[np.float32(-0.03), np.float32(-0.04), np.float32(0.03), np.float32(0.04), np.float32(0.03), np.float32(0.05), np.float32(-0.01), np.float32(0.05)]"
review_para_15,"Our measurements attest the HP 15s-fq1556ng with surface temperatures of up to 26.1 °C (79 °F ) during idle operation and up to 37.2 °C (99 °F ) under load. The warmest spot is at the right side of the notebook, on top as well as on the bottom. While the palm rests always remain cool, the warmth is quite noticeable in the area of the number block.

During our stress test, which lasts for about one hour, the temperatures inside the HP notebook rose up to 89 °C (192 °F ). The clock speeds dropped significantly, but the basic clock speed of 1 GHz could be maintained on average. Since such a load never really occurs in practical operation, users do not need to expect any limitations due to the temperatures being too high.",412019,HP,HP 15s-fq2673TU (6N046PA),485.0,USD,412019_review_para_15,727,"[-5.01848757e-02  2.42223833e-02  1.56021556e-02 -2.98269894e-02
  4.72453423e-02  4.49525565e-03  4.62896237e-03  5.28436936e-02
  1.11278109e-02 -2.04403568e-02  1.05722621e-02  8.57030333e-04
 -3.10612768e-02 -8.79665930e-03 -3.70686315e-02  4.57719900e-02
  3.13577205e-02 -4.91925469e-03  4.20825221e-02 -1.29057770e-03
  1.64181814e-02 -1.50275463e-02  5.52026555e-03  2.42439862e-02
  3.83344181e-02 -2.17211619e-02  1.84261706e-02  1.57206282e-02
 -3.80952563e-03  2.98684579e-03 -1.56158479e-02  2.79402286e-02
 -1.07650599e-02 -1.04353642e-02  7.81334415e-02 -7.68547325e-05
 -3.00268903e-02  4.80109639e-03 -4.08409946e-02  1.12117371e-02
 -2.24532541e-02 -3.59232984e-02  2.33368073e-02  1.26559194e-02
 -6.04341924e-02  2.24373285e-02  3.33857574e-02  5.73569722e-02
 -4.41315137e-02  1.48895625e-02 -9.70926955e-02  7.79769644e-02
  2.20535100e-02 -4.10836935e-03  2.10202467e-02  1.47763519e-02
  1.55518949e-02  8.81014019e-03  2.12434959e-02 -3.79987136e-02
  1.01684190e-01  5.27915033e-03 -4.07726392e-02  2.26127822e-02
  1.97340399e-02 -3.12121846e-02  4.02896255e-02  9.01716202e-03
 -4.66984324e-02  8.92850949e-05 -2.86923908e-02  1.85548887e-02
 -3.30056995e-02 -2.64222380e-02 -1.83805861e-02 -5.78252599e-02
 -4.21864614e-02  1.84784383e-02  5.04150391e-02  5.06031178e-02
  2.31231004e-03 -4.87094894e-02  2.95678936e-02  4.98458073e-02
 -8.53008963e-03 -1.94281675e-02 -4.10442352e-02 -4.24501561e-02
 -1.87942740e-02  6.81541488e-02  6.13338361e-03 -5.99404921e-05
  1.72083564e-02  5.32253319e-03 -1.83971003e-02 -3.99557054e-02
  6.05916092e-03 -2.08909251e-02 -2.36183568e-03  1.60613954e-02
  2.10637525e-02 -3.28697264e-02  3.27325962e-03 -1.99540332e-03
 -4.74007726e-02  6.70677423e-03  2.06395425e-03 -5.15230820e-02
  6.87987953e-02 -1.60823297e-02 -1.90390795e-02 -4.41298634e-03
 -1.61545146e-02  6.62757233e-02 -6.60140440e-02  5.61586507e-02
 -2.45700814e-02 -1.37738045e-02 -3.14776711e-02 -3.28409635e-02
  2.12903004e-02  7.28785172e-02  1.36703113e-02  3.38114500e-02
  2.75809225e-02  5.96452877e-02  1.05154375e-02  5.75698819e-03
  7.33403838e-04 -9.34433565e-02  1.37652829e-02  2.25589480e-02
  6.86749164e-03  2.79595964e-02  1.09734153e-02  3.32554542e-02
 -4.27037664e-03  1.40541256e-03  5.31400964e-02  7.09484816e-02
  3.17768306e-02 -3.42368744e-02  8.86391923e-02 -4.16360982e-02
  3.82830203e-02 -1.89203806e-02  2.11516600e-02 -3.77028659e-02
 -2.07917392e-02 -4.13281806e-02  4.30222973e-02  3.43614770e-03
  4.72362246e-03 -2.55324822e-02  7.90089443e-02  1.19631644e-02
  3.19839083e-02 -1.94128137e-02 -1.96531769e-02  6.02297112e-03
 -4.94955515e-04  7.18118530e-03 -5.94828539e-02  9.25851241e-02
 -1.38640516e-02  2.83283740e-02  2.74679251e-02 -8.70354660e-03
 -1.85119864e-02  2.04638746e-02 -3.65834385e-02 -4.09754477e-02
  5.62636256e-02  9.76877194e-03 -2.37686280e-02  6.47415593e-02
  5.67716919e-02 -2.48965546e-02  7.66406767e-03  4.65136766e-02
 -5.97349480e-02  1.30300177e-03 -1.32628530e-02  3.85976732e-02
 -3.47223529e-03  9.95816756e-03  6.62087426e-02 -3.45201790e-03
 -5.33590503e-02 -4.16133180e-02 -8.84161443e-02 -2.49092150e-02
  2.55051088e-02 -4.29742876e-03  4.37421724e-02 -2.90015098e-02
  4.52204347e-02  1.87283549e-02 -5.51248249e-03  4.10831869e-02
  1.08065186e-02 -1.08189220e-02  5.05376197e-02 -3.34900431e-02
 -9.43495855e-02 -3.12121920e-02  3.36087421e-02 -1.38161443e-02
  8.80645029e-03 -3.48436250e-03 -1.02932444e-02  3.59166153e-02
  4.55120355e-02  2.51515955e-03 -2.68009063e-02 -2.41054711e-03
  1.50031755e-02 -1.23590212e-02  5.34401648e-02 -2.10731830e-02
 -1.13336556e-03  3.68858576e-02  4.75084968e-02 -5.80622954e-03
 -4.03852761e-02  5.77611029e-02  5.68844900e-02 -5.16964644e-02
 -4.37558368e-02  4.38380614e-02 -2.63730716e-02 -2.82618850e-02
  3.68724838e-02  2.98210196e-02 -6.69171959e-02  6.19523712e-02
  4.13066000e-02  7.70727755e-04  3.92868966e-02 -6.07894845e-02
 -1.89042687e-02  2.78187357e-02  4.12281789e-02  2.97470223e-02
  1.82605663e-03 -2.41081957e-02  2.53488924e-02  7.43602228e-04
  1.90898532e-03 -2.85912827e-02 -3.45745236e-02  2.37215161e-02
  2.40742899e-02 -4.19189548e-03 -1.83301680e-02 -4.95339148e-02
 -3.34954746e-02  7.57386982e-02  6.50370494e-02  4.05517109e-02
 -5.54389833e-03  4.12747171e-03  3.30841281e-02  4.61350381e-02
 -2.24532336e-02 -6.82653338e-02 -4.41989005e-02 -2.73466799e-02
  7.14205252e-03  2.09474247e-02  3.75923626e-02 -3.09628341e-02
  4.26614732e-02  1.39814047e-02  1.32788960e-02 -3.20746787e-02
 -6.24269666e-03 -3.67295779e-02 -1.56543474e-03 -3.81596237e-02
  5.98012358e-02  6.53270110e-02  3.28790792e-03 -6.91254959e-02
  5.71470112e-02 -6.11489825e-02 -2.49906140e-03 -6.33870661e-02
 -5.31148948e-02 -3.28704901e-02 -2.41888165e-02 -5.73264621e-02
  1.85011085e-02  1.12607898e-02  2.48189345e-02  2.67075505e-02
 -6.11593435e-03 -2.06664819e-02 -1.94982218e-03  1.99550577e-02
 -2.23247777e-03  4.97028464e-03  1.67962238e-02 -2.55333576e-02
 -1.70704871e-02 -6.39271140e-02 -5.17775305e-02 -7.58357793e-02
 -2.19393864e-01  1.24700768e-02  5.61184324e-02 -5.38142510e-02
  1.53280646e-02 -2.24195179e-02  2.80720890e-02  2.18554679e-03
 -2.76799854e-02  6.11538477e-02  5.79225086e-02  1.44491242e-02
  2.11096164e-02  6.32028654e-02 -2.88070226e-03  9.55258589e-03
 -6.49844809e-03 -8.15921500e-02  1.49820242e-02 -3.78300883e-02
 -3.58157908e-03 -6.14113733e-02 -2.37423945e-02 -1.46967797e-02
  1.46404132e-02  2.64966786e-02 -3.81278880e-02 -3.57392477e-03
 -7.63530731e-02  3.21016870e-02 -2.18494851e-02 -2.66247448e-02
  1.27605973e-02  3.94288599e-02  2.16755643e-02  1.83072942e-03
  7.67811760e-03 -1.33571420e-02 -6.06596703e-04  6.09160326e-02
  1.10059418e-03  1.64427068e-02 -2.60287505e-02  3.49125685e-03
  3.82218584e-02 -8.59401561e-03 -4.39131781e-02 -1.06486473e-02
  1.27314916e-02  4.45731170e-02 -3.22547853e-02 -1.32176820e-02
 -6.07433394e-02 -2.20847763e-02 -5.59183285e-02 -4.17635590e-03
 -4.50197654e-03  6.36798888e-02 -3.01223202e-03 -7.78069645e-02
 -6.15874864e-02 -4.95352186e-02 -4.11947817e-02 -2.38298494e-02
  2.09778175e-02 -3.66389155e-02 -2.95850486e-02 -2.28470396e-02
  2.50297673e-02  1.92098655e-02  3.29642557e-02 -2.48278435e-02
  5.00754789e-02 -1.00321390e-01 -2.64839344e-02 -4.22884785e-02
 -4.17056903e-02  8.44653882e-03 -4.76271519e-03  1.79260168e-02
  5.30662527e-03 -3.57644446e-02 -4.77963686e-03 -1.63481315e-03
  8.59865174e-03 -1.36109525e-02 -2.66982540e-02 -9.74437408e-03
  2.99716350e-02  2.16533598e-02  5.83469607e-02 -2.71011405e-02
  1.67062245e-02 -3.35261449e-02  6.32865354e-03  2.30010524e-02
 -8.12436044e-02  4.00097622e-03  4.62370329e-02 -5.68339638e-02
  2.01362371e-02 -3.09154228e-03  2.45409589e-02 -3.89833786e-02
 -4.01582569e-02 -1.62350088e-02 -1.68634020e-02  2.26056110e-02
  1.02380235e-02 -1.04757659e-02 -2.45106351e-02 -8.15905910e-03
 -2.05570832e-02 -4.52536009e-02  2.39005182e-02 -2.39007734e-02
  3.62178534e-02  2.94038616e-02  1.48439500e-02 -2.04365738e-02
 -3.91989127e-02  4.87675332e-03 -2.60355026e-02 -3.95535268e-02
 -8.16092789e-02  4.23351936e-02  1.69570576e-02 -7.41429208e-03
  2.49536950e-02  5.53058237e-02 -2.23056544e-02  1.07826968e-03
  3.79301570e-02  3.81524935e-02  5.06971544e-03  1.88710559e-02
 -2.84000486e-02 -2.12455224e-02 -1.41232843e-02  1.18466280e-02
 -2.38024630e-02  3.15871239e-02  8.50004330e-03  1.54000884e-02
  3.03349663e-02 -3.05904215e-03  2.65174750e-02 -3.31495069e-02
  1.11994985e-02  2.61972062e-02 -5.35512064e-03 -1.26686273e-03
 -8.31293985e-02 -4.44585122e-02 -5.73477186e-02  8.54929630e-03
  5.16931303e-02  3.75078022e-02 -8.72103050e-02 -1.72018830e-03
  1.45493979e-02 -7.25918189e-02 -5.77536598e-02  2.26233788e-02
  7.55423959e-03  6.70888321e-03  5.69058657e-02 -4.48180921e-03
  1.90468319e-02  1.16847288e-02  1.67393498e-02 -2.87705008e-02
 -4.13643494e-02 -1.22718941e-02  8.95018165e-04  2.82820780e-02
  3.95740718e-02  3.53594422e-02  7.76771158e-02  4.21446655e-03
 -2.33179145e-02 -9.19079129e-03 -6.04828857e-02  1.10059464e-02
  4.80279475e-02 -3.96019407e-02  1.38665345e-02 -7.52163157e-02
  8.05461407e-03 -1.99298374e-02  2.08377670e-02 -4.42793034e-02
 -3.78649868e-02  3.12008932e-02  8.78336374e-03 -3.24670635e-02
  2.73556747e-02  4.52277623e-02  1.39758512e-02 -3.18184607e-02
 -3.00806500e-02  1.27947507e-02 -1.81261040e-02  5.41949756e-02
 -1.74304992e-02 -6.38295114e-02  2.06650011e-02 -8.72037187e-03
  1.36122210e-02  3.17157246e-02 -3.67216989e-02 -2.98627205e-02
 -3.25578712e-02 -2.70415843e-02  2.57572401e-02 -4.20373492e-03
 -3.25488597e-02 -6.00902289e-02 -1.71160270e-02 -2.88529880e-02
 -4.46385443e-02  4.17501181e-02  1.01270741e-02 -8.44814107e-02
 -5.57471905e-03 -3.75910886e-02  2.45685745e-02  3.52435894e-02
  2.83048190e-02 -3.17944288e-02 -7.94391241e-03 -4.04623114e-02
  7.46660605e-02 -3.49948136e-03 -6.94720540e-03 -1.23005612e-02
  1.04104141e-02 -2.50466783e-02  8.43676087e-03  1.93515681e-02
 -2.41866950e-02 -1.67911500e-02 -1.07565010e-02 -2.01565307e-02
  1.38538620e-02 -2.18810253e-02  5.16759232e-03 -2.90487073e-02
 -5.69574349e-02  3.84592190e-02 -1.88482052e-03 -2.19802652e-02
  1.29197799e-02  9.52424109e-03  4.99562584e-02 -1.79688688e-02
 -1.61689660e-03  9.59424023e-03 -8.56319629e-03 -3.07207834e-02
 -3.34618948e-02  2.82875099e-03  1.94516256e-02  2.77168471e-02
  3.36978845e-02  4.72579673e-02  3.58806998e-02 -9.16341096e-02
  6.15729429e-02 -3.73437032e-02  2.14995053e-02 -4.14772928e-02
  4.11607027e-02 -1.72055215e-02  1.39489667e-02  2.43782513e-02
 -3.63541730e-02  3.68887708e-02  5.95882349e-02 -2.26233006e-02
  2.94285966e-03  4.31587659e-02 -6.49047596e-03 -1.26925102e-02
  5.83613990e-03 -1.07495040e-02  6.66745100e-03 -4.97779401e-04
  8.87532998e-03  2.86207721e-02  4.84603904e-02  2.18826979e-02
 -2.61395331e-02 -5.08031202e-03 -1.79431625e-02  3.58897517e-03
  3.18573937e-02  1.42406300e-02 -5.41266687e-02 -2.95525864e-02
 -4.31348458e-02  4.86085415e-02  4.45445776e-02 -4.80425218e-03
  6.88199373e-03  4.16570604e-02  9.40342993e-03 -5.41631505e-02
 -1.53883109e-02 -1.14676524e-02 -2.58394610e-02 -3.65347415e-02
  2.54759435e-02  1.05654057e-02  4.94074775e-03 -1.94804929e-02
 -1.19545811e-03 -9.85877123e-03 -1.94255877e-02  1.40756601e-02
 -1.32683590e-02 -4.72252294e-02  6.43647239e-02 -1.12661486e-02
  3.68308052e-02  7.43726119e-02 -5.79592474e-02 -3.96180376e-02
  2.32605319e-02  6.34423643e-02  7.77477771e-02  2.88037173e-02
 -2.62934566e-02  5.03728092e-02 -2.26171836e-02 -1.95764881e-02
 -3.32242958e-02 -4.04403098e-02 -6.87770620e-02 -1.39628025e-03
  1.46614052e-02  6.01991490e-02  3.93840149e-02  6.26010634e-03
 -1.98788457e-02  3.57052386e-02  2.63198074e-02  1.86062977e-02
  2.86358595e-02  4.43276623e-03 -4.32582619e-03  2.19796295e-03
 -5.83959706e-02 -1.23901358e-02 -1.19006783e-02 -2.82821842e-02
  1.57699641e-02  1.17545705e-02 -3.81445177e-02  9.78774019e-03
  1.57961566e-02  2.99568325e-02  5.31043857e-02  8.51502828e-03
 -2.86781117e-02 -6.84791943e-03 -1.96428541e-02 -1.67855844e-02
 -2.81208735e-02 -1.40293008e-02  2.20644325e-02  1.57408379e-02
  1.81009769e-02 -4.89570061e-03 -1.16160754e-02 -5.58263063e-02
  1.50547149e-02  1.26865134e-02  1.74831990e-02  2.46159881e-02
 -7.87958130e-02 -2.95402836e-02 -6.61496669e-02 -3.03897522e-02
 -2.96316762e-02 -5.66408969e-03 -2.12742127e-02 -2.94847321e-03
  1.91126636e-03  7.24733341e-03  3.61160673e-02 -4.19043787e-02
 -8.06928147e-03 -1.94166880e-02 -3.10838986e-02 -6.34948239e-02
  3.72473188e-02  4.18610871e-02 -1.47152403e-02  7.91616514e-02
  6.31425455e-02 -2.02474669e-02 -8.31752177e-03  8.76827985e-02
 -1.38874212e-02  5.24320304e-02  1.41859008e-02  8.99458490e-03
 -8.08206424e-02  1.40388263e-02  5.70690725e-03  3.27366367e-02
 -5.68793640e-02  3.83030251e-02 -1.77012216e-02 -1.33822626e-02
  2.51011830e-02  1.17868939e-02  2.90366895e-02 -4.13505733e-02
 -9.00509115e-03  1.71920843e-02  1.62258130e-02  7.78510347e-02
  2.32070941e-03  7.23605156e-02  1.29042026e-02 -5.29926792e-02
  2.49227472e-02  2.58728340e-02 -2.97607351e-02  4.31221500e-02
 -4.35604677e-02 -1.43057259e-03 -2.32861321e-02 -4.21881005e-02
  5.60250785e-03 -5.42416610e-02 -5.63485213e-02  4.96066175e-03
  2.31963992e-02  2.27525923e-02 -2.18785275e-03  8.39830609e-05
  7.01028341e-03 -3.20159718e-02 -2.75558792e-02 -3.86603661e-02
 -4.23913002e-02  6.10875823e-02 -7.19716074e-03  3.18883266e-03
  5.64361811e-02 -3.55311371e-02  3.78236994e-02 -7.05002621e-03
 -9.87298228e-03  2.35520303e-02  6.77039847e-03 -1.46317072e-02]","[np.float32(-0.05), np.float32(0.02), np.float32(0.02), np.float32(-0.03), np.float32(0.05), np.float32(0.0), np.float32(0.0), np.float32(0.05)]"
cons,Cons: Panda display has slow response times and limited colors | key cap fonts are hard to see without the backlight | somewhat pricey for a GTX 1660 Ti laptop | no integrated webcam or SD reader | performance profiles are confusing | loud fans on turbo mode,416662,Asus,Asus TUF Dash F15 FX517ZC-HN109WS,940.0,USD,416662_cons,258,"[-1.40280783e-04 -2.31333077e-02 -2.83299387e-03  6.01955913e-02
  4.38822918e-02  2.18941625e-02 -3.81665006e-02  5.76174781e-02
  6.34778216e-02 -3.98273319e-02  4.09147255e-02  1.05390465e-02
 -2.53442694e-02  4.95321713e-02  1.51616605e-02  6.79245144e-02
  5.91343567e-02  3.95842083e-03  2.33607227e-03  1.52888652e-02
  6.59015728e-04 -4.49195318e-03 -1.15193836e-02  5.10415509e-02
 -4.67018783e-02 -3.56608182e-02  2.75335871e-02  2.46925801e-02
 -4.37208749e-02 -3.76045326e-04  1.68262776e-02 -1.76228210e-02
 -2.83537991e-02  3.17010731e-02 -4.77650389e-03 -4.27922867e-02
 -7.14441910e-02  3.06911897e-02 -2.99182851e-02 -2.58026132e-03
 -7.41014257e-02  1.99035415e-03 -1.84937716e-02  5.36211394e-02
 -6.06518015e-02  7.87872355e-03 -4.84009869e-02  3.07453126e-02
 -5.24517708e-02  1.66418627e-02 -1.51783526e-02  4.82610241e-02
  4.67597321e-02 -1.92569420e-02  2.24118289e-02 -6.68035913e-03
  8.51655081e-02 -1.63135417e-02  1.49243390e-02 -7.14525161e-03
  3.84454206e-02 -5.17434115e-03  5.59045328e-03 -1.95130315e-02
 -1.11404667e-02 -6.22948371e-02  2.62184795e-02  8.39791074e-03
 -5.35175987e-02 -5.81306666e-02 -1.74097475e-02  5.48722805e-04
 -9.84718557e-03 -2.68149320e-02 -2.60009691e-02 -1.65939163e-02
  1.97194312e-02  3.72409145e-03  4.93632630e-02 -2.01155953e-02
  3.39929499e-02 -3.85370362e-03  4.36790064e-02  4.15016375e-02
 -3.35309021e-02 -3.80816869e-02  3.50759737e-02 -3.09743378e-02
 -3.68535556e-02  4.97687981e-02 -2.53284313e-02 -1.99971572e-02
  6.70254752e-02  2.06930805e-02 -4.08433713e-02 -7.16470703e-02
  2.97214743e-02 -2.95435134e-02  2.35535968e-02  8.13811377e-04
 -1.18742874e-02 -3.60450260e-02 -3.17347422e-02  1.70251774e-03
 -4.70434651e-02 -6.45173490e-02 -2.68267449e-02  4.06317180e-03
  1.39368642e-02  2.06052233e-02  2.24640383e-03 -4.80626570e-03
 -3.94260976e-03 -7.54995365e-03 -6.00692146e-02  2.47745290e-02
 -2.69329175e-02 -1.98979583e-02 -3.17574814e-02 -4.36545573e-02
  8.47512782e-02  4.10323255e-02 -3.66516151e-02  6.40054122e-02
  7.06126690e-02  5.37636913e-02  2.05849558e-02  3.78366821e-02
 -1.94679350e-02 -4.07281965e-02  1.34999137e-02  4.26696539e-02
 -4.98837642e-02 -2.63175052e-02  3.87133728e-03 -1.14642521e-02
  3.23075913e-02 -2.24212371e-02 -4.95486287e-03 -2.83031333e-02
  2.87280045e-02 -2.84003150e-02 -1.00083591e-03 -2.32964102e-03
  7.31301447e-03 -1.46640977e-03  2.29985155e-02 -2.43125185e-02
  4.83635988e-04 -2.21972726e-02 -2.82116756e-02 -3.66790593e-02
  1.27776088e-02 -5.62108457e-02  2.11600587e-02  7.64785707e-02
  2.31966991e-02 -1.65632498e-02 -2.63829585e-02  4.76724794e-03
 -6.61961874e-03  1.13943787e-02 -3.39866318e-02 -5.83153078e-03
 -6.58167014e-03  6.09868914e-02  3.33146863e-02  1.79814566e-02
 -3.65062095e-02  2.54613813e-02 -3.71427275e-02 -7.84743391e-03
  6.09779218e-03  1.56050334e-02 -7.00616231e-03  1.05636798e-01
  7.97496736e-02  3.65795717e-02 -3.01443320e-02  4.50985283e-02
 -5.58270104e-02  1.18023604e-02  4.28251624e-02  1.80819668e-02
 -3.64373736e-02  1.78548563e-02  6.51365817e-02 -9.77950357e-03
 -4.69513610e-02 -2.28285026e-02 -5.66288717e-02 -1.95904560e-02
  1.62247904e-02  2.21624319e-02  3.04802619e-02 -4.40347902e-02
 -1.39070852e-02  9.59492568e-03  2.14137603e-03  5.70340157e-02
 -1.13313980e-02 -1.44157754e-02  5.50495014e-02 -1.60590019e-02
 -7.16179311e-02 -1.96514297e-02  2.11359356e-02 -3.64499427e-02
 -1.81515086e-02  2.29581911e-02 -1.83728952e-02 -3.83874290e-02
  2.73860954e-02  5.22647388e-02  3.21281664e-02  1.49990129e-03
  4.01430838e-02 -1.15290303e-02 -4.01979685e-02 -3.93638834e-02
  1.13379378e-02 -5.23716323e-02 -9.94669925e-03  3.11274338e-03
 -4.03399542e-02  7.00387582e-02  5.10349423e-02 -3.22881974e-02
  2.77974363e-02  1.03599941e-02 -4.52864319e-02 -9.83367022e-03
 -5.07711293e-03 -2.49658134e-02 -3.78893353e-02 -9.20962449e-03
 -4.26813103e-02 -5.72085343e-02  2.19817050e-02 -3.62474620e-02
 -2.41327360e-02  1.14844320e-02  1.72534324e-02  7.88180530e-02
  4.07133717e-03 -4.62364517e-02 -3.55571765e-03 -1.37266889e-02
 -2.78885905e-02 -3.31099257e-02 -2.84661930e-02  1.15611041e-02
  4.29011211e-02 -3.99347907e-03  5.32057462e-03 -3.71218584e-02
 -3.28539759e-02  5.09979203e-04  3.33933788e-03  4.94699962e-02
  1.73228905e-02  2.12082006e-02 -2.22434141e-02  1.92558952e-02
  1.89652033e-02 -9.93576348e-02 -3.95862311e-02  2.03522407e-02
  1.01711918e-02  6.33954853e-02 -7.89994316e-04 -3.27365962e-03
 -3.00710369e-02 -4.92573017e-04 -1.78115256e-02 -4.07694019e-02
  3.49277593e-02 -1.18288281e-03 -6.91630412e-03 -4.31954712e-02
  4.24933583e-02  8.33861455e-02 -2.17454378e-02 -5.95798790e-02
  2.78861990e-05 -1.52898291e-02  1.43060628e-02 -2.02323478e-02
 -4.11271378e-02 -5.13111381e-03  1.54994903e-02  3.37786786e-02
 -1.94606408e-02  2.02855952e-02  3.67712155e-02  1.18842060e-02
  3.87822068e-03  2.48132553e-02  3.93567868e-02  5.65880304e-03
  1.94933228e-02 -8.89692362e-03  3.39573435e-02  4.96694818e-02
 -5.20162610e-03 -6.96305558e-02  3.21503915e-02 -7.02191889e-02
 -2.43948981e-01  1.10812960e-02  3.23879384e-02 -3.41012664e-02
  1.00934105e-02 -2.46114172e-02  8.50684755e-03 -1.11411167e-02
 -5.88572249e-02  1.84206069e-02  8.89387168e-03  1.22840991e-02
 -3.19056027e-02  2.85327043e-02  1.39393881e-02  5.76232420e-03
  2.68394835e-02 -1.33410413e-02 -3.65546793e-02  2.45561842e-02
  3.22844237e-02 -7.68613964e-02 -1.14374887e-02 -7.27828068e-04
  1.03587937e-02  6.00060485e-02 -2.14513727e-02  5.78561611e-03
 -8.74123871e-02 -2.02276837e-02  1.79288220e-02 -5.52233309e-03
 -5.72765730e-02  1.29566630e-02  1.10593541e-02  2.57313508e-03
  3.32893357e-02 -1.29885813e-02 -1.56889688e-02  2.33488958e-02
  6.35646610e-03 -1.40295988e-02 -4.21523303e-03  4.64835800e-02
  4.74774316e-02 -8.70755222e-03 -2.08490659e-02  1.59754418e-02
  1.33933080e-02  6.52372241e-02 -2.58235782e-02  1.14401290e-02
 -9.91636142e-02  7.03533068e-02 -4.94102761e-02  2.90077645e-02
 -1.15474844e-02  1.93701964e-02 -5.67785688e-02 -2.03526039e-02
 -1.02673867e-03 -2.14576777e-02 -3.63570824e-02 -2.30674967e-02
 -2.18021721e-02 -2.50272471e-02  1.21888854e-02 -4.40244339e-02
  5.72151393e-02  5.85502908e-02 -3.70567515e-02 -1.37554146e-02
  2.99028791e-02 -7.20525682e-02  3.30753252e-02 -1.33095239e-03
 -4.39634956e-02  4.81772050e-02 -1.80939753e-02 -1.28445181e-03
 -2.15908438e-02 -6.70792088e-02  2.64764111e-02  2.07476504e-02
  8.71548522e-03 -5.19888289e-02 -4.04360071e-02  4.06065471e-02
  2.73701046e-02  1.95990149e-02  7.47921765e-02  9.14738455e-04
 -1.86166745e-02 -6.33420721e-02  4.40135039e-03  7.60997413e-03
  5.63044026e-02 -2.30323188e-02 -1.24570271e-02  2.58320868e-02
 -3.18089202e-02 -1.39960712e-02 -1.02227414e-02 -8.29658529e-04
 -4.25282978e-02 -1.24558341e-03 -1.10156229e-02  2.94184759e-02
  9.24068037e-03  2.19878145e-02  1.62483118e-02 -5.88505110e-03
 -4.08126973e-03 -1.94180179e-02  2.22218111e-02  3.89315607e-03
  5.77227399e-02  4.48561981e-02 -6.28459221e-03  8.48006643e-03
 -2.02222746e-02  3.71307395e-02 -4.78385352e-02 -9.22478549e-03
 -7.60374665e-02  4.51438613e-02 -2.94618011e-02 -1.06003163e-02
 -4.82531749e-02 -3.02740224e-02  3.94212864e-02 -7.07400218e-03
  4.26100940e-03 -1.48992985e-02  3.45587879e-02  1.31844971e-02
 -1.83695853e-02 -2.15060990e-02  2.13529021e-02 -1.50652404e-03
 -1.93785354e-02  1.65557321e-02 -1.76866464e-02 -1.49992183e-02
  1.73522439e-02  3.98728773e-02  2.66225170e-02  6.73132902e-03
  5.64959906e-02  3.08784731e-02  8.21008254e-03 -6.41011670e-02
 -1.88604165e-02 -1.87531132e-02 -6.13205470e-02 -1.16356947e-02
  1.88500527e-02 -7.75132887e-03 -1.58750936e-02 -3.75543050e-02
  3.59382015e-03 -2.74262074e-02 -4.65551205e-02 -1.19196298e-02
  5.00727445e-02  4.11230624e-02  3.79596576e-02 -3.35827842e-02
  5.91834076e-02  5.82643151e-02  2.62283757e-02  4.97949775e-03
 -1.62751786e-02 -1.24247205e-02 -4.42349119e-04  1.61275323e-02
  1.62369143e-02 -6.04605395e-03  1.65284090e-02  4.88438606e-02
 -9.50031448e-03  1.21641280e-02  2.28867810e-02  3.08590773e-02
  7.41985813e-02 -2.46077441e-02 -3.73871736e-02 -1.06745847e-02
  4.61598374e-02 -5.55993477e-03 -1.01261837e-02 -1.49118528e-02
  7.98077583e-02 -2.90810298e-02 -2.83801109e-02 -7.10994750e-02
  5.06577976e-02  8.02041888e-02  4.03480045e-03 -4.90199700e-02
 -1.43483644e-02  3.05378251e-02 -2.63823234e-02  1.10028712e-02
  1.87372472e-02 -1.70658361e-02  3.36206779e-02 -1.19389659e-02
  6.52903225e-03  2.14944500e-02 -3.87487076e-02 -6.71216100e-02
 -6.66792914e-02  1.59256496e-02 -3.55030270e-03  4.14475761e-02
 -3.00100818e-02 -3.82351875e-02 -8.40090401e-03 -2.86848955e-02
 -6.49060309e-03  1.15910813e-03 -1.47913732e-02 -6.81875050e-02
 -3.29680927e-02  2.01672986e-02 -2.28541326e-02  1.75096653e-02
 -3.36608477e-03 -5.04004769e-02  3.89098078e-02 -1.90687180e-02
 -8.59095063e-03  3.28125991e-02 -3.18826512e-02  5.23089580e-02
 -1.53640723e-02 -2.35457513e-02  2.31806785e-02  4.57313918e-02
 -1.45405047e-02 -6.36262260e-03 -2.42479816e-02 -4.82697831e-03
  6.95334841e-03  1.92946643e-02  7.41524436e-03 -2.87873968e-02
 -9.99303907e-02  2.74345148e-02 -1.98996495e-02 -5.11910170e-02
 -4.84586954e-02 -4.85230034e-04  5.29162996e-02 -6.16401434e-02
 -4.23951522e-02 -1.81527734e-02 -6.26887530e-02  1.85773224e-02
 -1.62266791e-02 -2.27465108e-02  2.80565880e-02  2.97791362e-02
  2.19201352e-02  3.51600051e-02  1.90011542e-02 -2.89549176e-02
  3.52215469e-02 -2.00393219e-02 -2.58501619e-03 -3.05179805e-02
  3.56473550e-02  5.46019934e-02 -2.19576266e-02 -3.29095386e-02
 -8.57559498e-03  1.33582456e-02  4.58110087e-02 -4.69311178e-02
 -3.11148129e-02  2.20764689e-02  1.44575676e-02 -2.09890399e-02
 -4.01208550e-02 -3.90070584e-03  2.33264011e-03 -7.99214561e-03
 -8.94600712e-03 -2.39715651e-02  4.75211069e-02  4.99277078e-02
  3.94262373e-02  3.20965946e-02 -3.40085104e-02 -3.67353857e-02
  3.51497121e-02 -2.54179612e-02 -3.25724259e-02  2.37443522e-02
 -9.95536614e-03  6.28134608e-02  7.22143352e-02 -7.86405709e-03
  3.69636416e-02  1.26251867e-02  1.84449237e-02 -3.54415700e-02
 -3.34491692e-02 -1.15052294e-02 -2.82836258e-02 -6.26812279e-02
  3.39799225e-02  3.80322896e-02 -2.16655657e-02  1.04078716e-02
  2.90403469e-03 -1.23482775e-02 -1.57844815e-02 -7.59207904e-02
 -2.22686846e-02 -4.35852940e-04  6.38086945e-02  2.37326836e-03
  4.97621298e-02  6.15743250e-02 -8.03046743e-04  4.42242017e-03
  3.66006196e-02  4.91096154e-02  6.33808300e-02  3.98271158e-02
  3.01549286e-02  4.65320535e-02 -3.57689597e-02 -6.74070194e-02
  4.58694883e-02  3.60811800e-02 -4.19242643e-02 -3.80136594e-02
  5.16768508e-02  2.18660682e-02  5.21039292e-02  4.73133624e-02
  1.35464072e-02  1.57695133e-02  3.58551927e-02  2.27126249e-04
 -1.23534014e-03  5.15824370e-02 -1.74227301e-02  3.23261581e-02
 -4.60934043e-02 -2.85557937e-03  3.26612107e-02 -3.42860222e-02
  2.26540286e-02  1.41324587e-02 -7.48587959e-03  1.29270302e-02
  5.79262106e-03  5.95341846e-02  6.01021051e-02 -3.00351735e-02
 -4.16486301e-02  2.91214678e-02 -7.99923763e-03  2.39122100e-02
  3.35731544e-02 -1.71748432e-03  1.84309930e-02  2.15471890e-02
 -7.40563124e-03 -4.17279406e-03  2.12280639e-02  1.99176427e-02
  4.46684882e-02 -3.46932970e-02 -3.00240088e-02  3.42758745e-02
  3.72782350e-03 -6.31417781e-02 -6.36883527e-02 -6.95440993e-02
  8.44427291e-03 -3.74406204e-02 -3.38246278e-03 -2.76099704e-02
 -5.99418441e-03 -4.69467156e-02 -5.98233752e-02  9.49664041e-03
  2.25387607e-02  2.29109153e-02 -1.20255593e-02 -7.75308684e-02
  1.96861681e-02 -1.33010400e-02 -4.55458164e-02  6.57530176e-03
  6.70713931e-02 -7.12420493e-02 -5.48110269e-02  5.67839295e-02
  2.10921541e-02  4.58949842e-02 -3.57491635e-02  2.36046631e-02
 -1.03857704e-01 -1.49599125e-03  8.53328034e-03  6.76177209e-03
 -8.16238225e-02  2.67606489e-02 -1.40025485e-02  1.41081167e-02
  5.63975163e-02  4.04366590e-02  6.88563706e-03  1.21260975e-02
 -1.11205233e-02 -1.44210700e-02  6.01835959e-02  6.10832982e-02
 -3.59395891e-02  2.58700680e-02  3.14445496e-02  3.49376947e-02
 -1.32951932e-03  2.78814919e-02 -4.86320592e-02  4.20361385e-02
 -4.66322573e-03  8.90025031e-03 -6.92496821e-02 -7.67266750e-02
  3.34747136e-02 -1.84215908e-03 -3.09963934e-02 -1.86431613e-02
 -2.37182085e-03 -1.10456133e-02  3.23128700e-02  1.37710599e-02
 -2.02485640e-02 -3.26229557e-02 -1.32747898e-02 -2.44916044e-02
 -1.82530861e-02  1.08592808e-02 -4.46931943e-02  4.20352397e-03
  1.39272055e-02 -1.91594288e-02  2.20932476e-02 -6.14952901e-03
 -1.88255496e-02  1.10746818e-02  2.84076296e-02  4.63452078e-02]","[np.float32(-0.0), np.float32(-0.02), np.float32(-0.0), np.float32(0.06), np.float32(0.04), np.float32(0.02), np.float32(-0.04), np.float32(0.06)]"
review_para_4,"The color space is also satisfactory at 86% sRGB. For comparison: The Acer Aspire 5 and the Asus VivoBook S15 can't even reach 60% sRGB coverage. Attention: The display flickers u nder a brightness of 100% . A frequency of 200 Hz can cause problems in sensitive users.

With the help of the preinstalled Lenovo Vantage software, various settings can be carried out on the system. Our tests were performed with the standard settings, which are active out of the box.",413166,Lenovo,Lenovo Ideapad S540 (81NG00C2IN),695.0,USD,413166_review_para_4,465,"[ 8.35102182e-05 -5.35610281e-02  1.49451857e-02 -1.44356536e-02
  3.61305326e-02 -7.43180001e-03  8.38044938e-03  5.21221720e-02
 -5.81518630e-04 -2.95638666e-02  1.89569369e-02  2.88381428e-02
 -6.58786818e-02  4.83952090e-02 -1.44157382e-02  6.62778988e-02
  6.16053045e-02  6.61778450e-02 -7.30587123e-03 -3.64743784e-04
 -3.89438192e-03 -5.77983772e-03  1.02784233e-02  4.06813137e-02
 -1.02275657e-02 -1.08497441e-02  4.45744917e-02  1.76319089e-02
 -9.29241243e-04 -1.56126525e-02  4.46475185e-02  2.67053326e-03
 -2.02125236e-02  3.73878293e-02  4.56285588e-02 -3.29905562e-02
 -7.08207712e-02  4.53182198e-02 -3.87478434e-02 -1.28552532e-02
 -4.61938046e-02 -4.16711941e-02 -9.32524446e-03  1.19998381e-02
 -3.35207805e-02  3.14035378e-02 -7.16264313e-03  3.74938846e-02
 -2.29855198e-02  2.58609354e-02 -3.19272466e-02  2.48543844e-02
  4.56967354e-02  9.09658428e-03  7.81860389e-03  1.60679482e-02
  5.47863469e-02  3.26245539e-02 -1.25012582e-03 -6.29367232e-02
  8.71147886e-02 -2.38041915e-02 -3.41711640e-02  2.43300591e-02
  2.70856787e-02 -4.87308763e-03  3.07421032e-02  3.05631813e-02
 -3.74037176e-02  1.17808767e-02  2.02482734e-02  1.11663938e-02
 -1.46434186e-02 -3.73156965e-02 -5.99242933e-02 -1.70888882e-02
 -2.68477090e-02  1.55014303e-02  4.87138368e-02 -1.66494567e-02
  3.46390903e-02  1.55251904e-03  4.75231856e-02  4.61813249e-02
 -1.21805137e-02 -7.41350418e-03 -7.69603066e-03 -4.08774056e-02
 -1.37557387e-02  3.95239480e-02 -2.49388944e-02 -3.30031887e-02
  6.19436353e-02  2.65578553e-02 -2.10374333e-02 -3.04661989e-02
  2.13859491e-02 -1.97523609e-02 -1.34138567e-02 -6.40040636e-03
  5.20332949e-03 -1.82934236e-02  6.49725460e-03 -4.06963378e-02
 -6.78715706e-02 -2.03221664e-03 -3.53104286e-02 -3.16959396e-02
  5.67476563e-02  5.45208417e-02 -3.50315794e-02  3.70517140e-03
  7.47844111e-04  2.92132422e-02 -8.65866765e-02  5.13802581e-02
 -6.16331864e-03 -7.72330910e-03 -5.89929521e-04 -1.15144178e-02
  2.65963525e-02  5.79636991e-02 -8.39078799e-03  3.09106205e-02
  2.59211729e-03  3.67404148e-02  7.20641436e-03  1.22377258e-02
 -3.81375523e-03 -2.54559666e-02  6.75706714e-02  2.54963730e-02
 -2.07533464e-02  2.67402362e-02  7.71146733e-04  4.22062688e-02
  7.94180296e-03 -4.90054563e-02  2.80473959e-02  3.83097329e-03
  1.55305499e-02  4.32547415e-03  1.55837089e-02  1.07090892e-02
  4.16193120e-02 -5.42996917e-03  4.13033506e-03 -2.92297881e-02
 -2.02411115e-02 -4.71030436e-02  1.34367840e-02 -8.12442601e-03
  1.51753621e-02 -5.76801635e-02  6.01775944e-03  4.66942415e-02
  1.61498860e-02  8.19630630e-04 -3.41096483e-02  8.92192964e-03
 -3.71381431e-03  2.36605015e-03 -2.92113926e-02  3.37574184e-02
 -1.51296072e-02  5.85793592e-02  3.49435117e-03  1.10698224e-03
 -8.52401089e-03  2.25195717e-02 -4.25649062e-02 -7.48658041e-03
  1.39405839e-02  1.72993599e-03 -4.50316072e-02  1.14306375e-01
  4.10659797e-02  2.45751534e-03 -1.43420612e-02  1.49328429e-02
 -5.59345819e-02  4.16003074e-03 -1.78020317e-02  2.21744739e-02
 -5.20575792e-02 -2.74985451e-02  7.63566121e-02  3.43042426e-02
 -7.33207092e-02 -2.87734549e-02 -5.78224696e-02 -3.14559750e-02
  3.60767134e-02  2.19875649e-02  2.97925863e-02 -7.65858889e-02
  2.03555189e-02 -4.07898740e-04  1.90951843e-02  4.79518808e-02
  5.51214861e-03 -2.21983735e-02  6.25749454e-02 -1.71070527e-02
 -9.01672617e-02 -2.74866372e-02  1.45968553e-02 -6.84735086e-03
 -3.64385024e-02  9.50817671e-03  2.58018542e-02 -4.83765407e-03
  2.51108613e-02  5.58390059e-02  1.83314551e-02 -9.75934137e-03
  4.22296450e-02 -5.63310459e-02  1.39638232e-02 -2.53608655e-02
  2.95703690e-02  1.17742980e-03 -1.55403605e-03  2.87937885e-03
 -1.56488754e-02  7.12949187e-02  5.78229316e-02 -3.36871818e-02
 -2.45032199e-02  1.39611205e-02 -5.23130335e-02 -1.04955537e-02
  8.06214474e-03  3.49617712e-02 -5.87473176e-02 -1.82129517e-02
  8.89186573e-04 -9.63539630e-03  8.59752372e-02 -3.93192470e-02
 -1.62970927e-02  3.85589153e-02  2.08987892e-02  2.22813021e-02
 -1.00400494e-02 -3.97898443e-02  2.40468364e-02  8.51437543e-03
 -1.00155249e-02 -7.90959876e-03 -2.44576503e-02  5.08882524e-03
  1.54582225e-03 -2.12553181e-02  1.23418421e-02 -4.60846387e-02
 -1.06218765e-02  4.54636551e-02  2.97133401e-02  5.05167283e-02
  4.40107584e-02  4.79657575e-03 -8.42285994e-03  5.36425076e-02
 -4.62487116e-02 -7.17892423e-02 -5.02438024e-02  1.85840540e-02
  2.08991347e-03  1.74930282e-02  1.33462660e-02  1.04823951e-02
  3.32517289e-02 -2.26613041e-02 -3.12206317e-02 -3.86652201e-02
  2.06509535e-03 -1.67177077e-02  3.78324948e-02 -2.19232701e-02
  4.30762395e-02  7.44231865e-02 -1.64041966e-02 -3.51606011e-02
  6.82986761e-03 -5.91595017e-04  3.07587441e-02 -1.86311137e-02
 -6.03745393e-02 -1.73397940e-02 -1.01185134e-02  5.19860461e-02
  3.05272974e-02  3.11826356e-02  4.99018356e-02 -6.69086771e-03
  2.99929548e-02 -1.74069460e-02 -1.47142867e-02  3.31759192e-02
  2.07121689e-02  1.29706133e-03  5.71545847e-02  1.29463023e-03
  1.68943387e-02 -7.99595416e-02  4.37294059e-02 -5.46941198e-02
 -2.41811782e-01  2.90232413e-02  2.97438577e-02 -3.02485935e-02
  1.42113334e-02 -2.17279084e-02 -1.79919098e-02 -3.54215340e-03
 -1.99039988e-02  4.39126119e-02  7.76769826e-03  1.27187110e-02
  8.43711849e-03  5.92425838e-02  3.26342210e-02  5.23617212e-03
  3.83859053e-02 -1.89828556e-02  1.97748877e-02 -4.32686042e-03
  1.28888311e-02 -4.61591296e-02 -2.54268385e-02 -1.36375781e-02
  8.85693822e-03  3.76865231e-02  7.31954933e-04 -1.85875334e-02
 -4.49570119e-02 -1.33711137e-02 -5.22631500e-03 -3.12870704e-02
 -4.81720082e-02  4.69988119e-03  1.33118257e-02 -8.33227299e-03
 -2.19312799e-03 -5.73691428e-02 -3.18850614e-02  3.35290544e-02
  3.38249989e-02 -2.35878173e-02 -2.09269929e-03  7.26561174e-02
  2.47535873e-02 -2.26397011e-02 -7.27890357e-02  3.97924073e-02
  6.29368424e-02  5.78600802e-02 -3.54288332e-02 -2.90428028e-02
 -6.93547502e-02  3.28422002e-02 -6.55071437e-02  2.88288631e-02
 -1.45981796e-02  3.21547352e-02 -9.61387623e-03 -2.78480966e-02
 -6.78322241e-02 -2.20927708e-02 -8.82409662e-02 -6.80053420e-03
  1.69393327e-03 -1.58838537e-02 -4.02828818e-03 -4.50762101e-02
  2.49565318e-02 -1.11304922e-03 -5.09910006e-03  3.34919547e-03
  1.70992175e-03 -1.00459769e-01  7.55943637e-03 -3.05518266e-02
 -5.52056767e-02  4.09531780e-02 -4.22489084e-02  2.37939823e-02
  1.13714207e-02 -6.76597059e-02 -5.86670474e-04  2.44515780e-02
 -3.35116358e-03 -3.88512872e-02 -7.88123161e-03  1.68786552e-02
  3.48417386e-02  1.78921651e-02  8.29613507e-02 -3.62976864e-02
 -1.02143530e-02 -3.97059768e-02  2.54867543e-02  1.31358849e-02
  2.06325413e-03  2.48847008e-02  4.92836796e-02 -2.71093771e-02
  1.05045047e-02 -4.23835143e-02  3.80583778e-02  4.59226221e-03
 -2.39514150e-02  7.47552654e-03  1.47146219e-02 -2.05576569e-02
  2.34870967e-02  5.11472719e-03  8.92672502e-03 -6.41811220e-03
 -2.68990975e-02 -3.16572227e-02  6.85797185e-02 -1.22620026e-02
  4.90088463e-02  8.87800381e-03  2.22057034e-03 -2.43210271e-02
 -1.15576535e-02 -1.47650791e-02 -5.82059696e-02 -4.45203409e-02
 -8.08650255e-02  4.16959301e-02 -4.25061882e-02  2.94411164e-02
 -2.48286463e-02 -1.85941567e-03 -1.29159894e-02 -1.48006352e-02
  3.00015267e-02  1.37924869e-02  4.18677852e-02 -5.71992919e-02
  2.70162686e-03 -2.23871619e-02  2.76452079e-02  3.29113156e-02
 -4.21466716e-02  4.68963385e-02  3.68024930e-02  1.24799535e-02
 -7.63954315e-03  4.33250004e-03  5.05318642e-02 -2.53308602e-02
  1.54958069e-02  2.09007282e-02  2.08788440e-02 -8.43863264e-02
 -3.29306610e-02 -2.24689841e-02 -4.67045754e-02 -1.56922620e-02
  1.27685983e-02  9.41042043e-03 -4.79777791e-02 -4.85241339e-02
 -3.32251401e-03 -2.02036239e-02 -5.18841930e-02  1.46486722e-02
  3.08718961e-02  4.18114699e-02  3.40889134e-02  2.23789015e-03
  1.91590022e-02  5.63601144e-02 -8.25881492e-03 -4.14677374e-02
  1.52019765e-02  7.95387942e-03  2.17026100e-03  5.51736243e-02
  2.70475000e-02 -2.84682885e-02 -1.49396888e-03  1.63357165e-02
  2.24075615e-02  5.45682572e-02 -3.11175380e-02  2.36580558e-02
  4.52312604e-02 -5.34855993e-03 -3.16886082e-02 -3.34390737e-02
  7.16171367e-03 -1.33543881e-02  9.71713383e-03 -6.10840553e-03
  6.83250511e-03 -3.74780931e-02 -2.76661403e-02 -5.97133636e-02
 -7.57863373e-03  3.64571512e-02  2.21606065e-02 -3.91914770e-02
 -3.15982290e-02  3.90474722e-02 -1.68555267e-02 -3.99604952e-03
 -2.87729548e-03 -5.71570806e-02  7.33231381e-02  7.13493153e-02
 -4.67948765e-02  2.39088517e-02 -4.71944436e-02 -2.77375393e-02
 -2.92082783e-02 -3.88003737e-02  2.19269972e-02  1.88748986e-02
 -6.14061691e-02 -9.43417996e-02 -2.76526120e-02 -1.83559936e-02
 -2.30771583e-02 -2.63981279e-02  1.27472132e-02 -5.84233180e-02
 -1.32671343e-02 -5.62874787e-03  2.24582683e-02  9.44130775e-03
  3.09850164e-02 -3.65829319e-02 -3.20874108e-03 -8.55718255e-02
  1.46430722e-02  2.83965413e-02 -3.04586980e-02  5.26782274e-02
 -3.06537617e-02 -2.49545500e-02  3.76887247e-02  1.67473368e-02
 -1.42386919e-02 -5.60804158e-02 -1.56679675e-02  1.91776045e-02
  3.87240648e-02  3.81889269e-02 -4.40332107e-02 -1.11535294e-02
 -8.29199031e-02  5.68546280e-02 -5.71415126e-02 -1.66841671e-02
  8.78743362e-03  3.78409661e-02  5.18593416e-02 -4.62786965e-02
 -1.14454487e-02 -3.93372998e-02 -6.32651299e-02 -2.27452833e-02
 -3.64644900e-02 -4.60039675e-02  2.01851260e-02  5.83303273e-02
  1.13136154e-02 -9.47964564e-03  3.82739343e-02 -4.88832258e-02
  5.00833169e-02 -7.55449524e-03  7.97122419e-02 -2.55923737e-02
 -1.17266309e-02 -7.89353531e-03 -3.85307558e-02  1.16985710e-02
 -4.08958793e-02 -2.71165483e-02  2.97874063e-02 -6.37132376e-02
 -2.63973530e-02 -2.61344463e-02  9.71953943e-03 -2.64011715e-02
 -2.76591387e-02  5.81872975e-03  2.74489038e-02 -3.50436531e-02
 -2.27154959e-02 -9.65316407e-03  2.24438999e-02  2.90607437e-02
  1.63838509e-02 -7.84109533e-03 -5.49268760e-02  1.89566761e-02
  3.82037424e-02  9.54644848e-03 -3.59822102e-02 -6.17263885e-03
 -1.58101739e-03  9.34310332e-02  5.66542558e-02  1.73189174e-02
  2.19622310e-02 -3.95775918e-04  2.26937216e-02 -3.80045176e-02
 -1.74118578e-02 -5.04326168e-03  1.00072501e-02 -5.32758050e-02
  3.79033424e-02  4.71019559e-02 -5.05412482e-02  1.44849084e-02
  2.36756857e-02  3.62687185e-02 -3.05809658e-02 -6.03184998e-02
  3.10182311e-02  9.81104746e-03  6.68587163e-02 -6.53720926e-03
  3.40336785e-02  7.82096386e-02 -1.81354638e-02  1.91608798e-02
  2.28275713e-02  6.61042556e-02  3.90624553e-02  2.35623047e-02
 -1.33936359e-02  7.09148198e-02 -3.22052613e-02 -5.51225357e-02
 -5.82557870e-04 -4.58399020e-02 -4.62541729e-02 -2.35567577e-02
  2.36566272e-02  3.17120329e-02  5.31337224e-02  4.64047119e-02
 -3.53509150e-02  1.69795491e-02 -9.39414185e-03  1.28768226e-02
  2.14978270e-02  9.84537974e-03  4.07679286e-03 -3.58726792e-02
 -4.23230492e-02  3.79645936e-02 -2.04628939e-03  6.64059911e-03
  1.76762771e-02 -4.35523130e-02  1.53394938e-02  8.05427041e-03
 -1.51380226e-02 -6.60674274e-03  2.53101364e-02  2.66684475e-03
 -5.08948900e-02  1.25086699e-02 -2.09508333e-02  1.92525219e-02
  5.71242757e-02 -1.91752408e-02  2.21396629e-02 -4.63198721e-02
  2.72887293e-02  2.01914515e-02  1.80710983e-02  1.03042945e-02
 -7.01647112e-03 -2.67491844e-02 -2.41951793e-02  2.71283276e-02
 -3.30025367e-02 -3.91566008e-02 -4.64586727e-02 -6.84297234e-02
 -4.29678150e-03 -1.16202142e-02  2.61790231e-02 -4.11191024e-02
 -4.03475873e-02 -1.57027934e-02 -5.33343256e-02 -1.39286872e-02
 -2.96065826e-02 -6.60103222e-04 -3.04306690e-02 -7.14128464e-02
  3.67856063e-02 -2.53197597e-03 -2.47513019e-02  5.55584505e-02
  9.28011686e-02 -1.19955624e-02 -2.99486984e-03  3.14164460e-02
  5.40826470e-03  3.34672704e-02  2.00849943e-04  3.37922610e-02
 -8.18179622e-02 -2.56670192e-02  3.43172587e-02  6.46151090e-03
 -5.00114188e-02  2.21362989e-02  1.14749884e-02 -2.93345004e-02
  4.02249917e-02  2.83905976e-02  2.79705711e-02  6.02003839e-03
 -1.77526707e-03 -4.28857803e-02  6.01850152e-02  4.90937606e-02
 -4.73642629e-03  5.81441671e-02  3.19377556e-02  2.52851527e-02
  8.33076332e-03  4.37560044e-02 -8.58608931e-02  6.73379898e-02
 -7.64325843e-04  5.36131265e-04 -6.47794530e-02 -6.88311681e-02
  2.59481147e-02 -6.70005530e-02  7.18701817e-03 -3.41456831e-02
 -9.87804309e-03 -3.42390947e-02 -1.32879906e-03 -4.00404744e-02
  2.43341289e-02  4.43756068e-03 -3.13364565e-02 -3.69303301e-02
 -2.71068215e-02  3.63587844e-03 -6.25405880e-03 -1.58522278e-02
  5.40295020e-02 -3.05571277e-02  3.79911177e-02 -1.79680288e-02
 -1.86469667e-02  3.41142341e-02  1.92263667e-02  5.32519305e-03]","[np.float32(0.0), np.float32(-0.05), np.float32(0.01), np.float32(-0.01), np.float32(0.04), np.float32(-0.01), np.float32(0.01), np.float32(0.05)]"
pros,Pros: IPS screen with a great contrast ratio | quiet most of the time | does not get hot | keyboard backlight | fast card reader (microSD) | optional stylus | USB 3.2 Gen 2 | DisplayPort over USB-C | Power Delivery,323385,HP,HP Pavilion x360 14-dy0157ng,1045.0,USD,323385_pros,214,"[-6.28785789e-02 -1.74340047e-02  4.35715467e-02  2.73399726e-02
  3.88333723e-02  1.78074222e-02 -1.98072083e-02  3.64083238e-02
 -2.23438605e-03 -6.00553006e-02  3.46598737e-02  2.71886215e-02
 -5.56434738e-03  2.85053104e-02  3.22777256e-02  3.65584306e-02
  5.75815737e-02  1.62509438e-02  3.73294055e-02  3.38857132e-03
  2.55179917e-03 -4.49701119e-03  2.45424397e-02  1.45482291e-02
  2.12462749e-02 -6.25070650e-03  8.70069209e-03  3.80150639e-02
 -1.77392680e-02 -8.32081481e-04  7.51176430e-03 -2.52380054e-02
 -4.92465012e-02 -1.36526674e-02  5.93656227e-02 -6.58259690e-02
 -4.59278002e-02  7.98989087e-03 -1.93651225e-02 -7.36213662e-03
 -3.36072706e-02 -3.40305120e-02 -1.40492734e-03  1.49056653e-03
 -5.47152460e-02  6.48366695e-04 -6.75059929e-02  6.76757842e-02
 -7.06991926e-02 -5.37987286e-03 -4.12013978e-02  4.21636552e-02
 -2.76779532e-02  1.22793522e-02  3.64870131e-02  2.19491776e-02
  3.96585613e-02 -2.78969109e-03  3.13723460e-02  5.58190327e-03
  2.24891081e-02 -9.03532282e-03 -9.41031438e-04  1.22770537e-02
  6.19063415e-02 -6.00934885e-02  2.18412336e-02 -2.81545594e-02
 -4.12311740e-02  2.59791613e-02 -2.58726180e-02  1.37595972e-02
 -1.27648190e-02 -2.49119811e-02 -5.49202878e-03 -2.17611678e-02
  1.53178656e-02 -1.57083850e-02  6.58217743e-02  2.30314340e-02
  5.43457158e-02  3.41082970e-03  1.48698250e-02  7.60733187e-02
 -2.42078621e-02 -2.02631275e-03  3.79239395e-02 -1.09081324e-02
 -1.81112997e-02  6.78414525e-03 -5.41719049e-03 -4.56601847e-03
  4.97346222e-02  2.73276474e-02  3.40900272e-02 -7.63472244e-02
  2.48587430e-02 -1.40023455e-02  1.15174372e-02 -2.21655387e-02
  5.74101843e-02 -2.26729847e-02 -4.71302718e-02 -2.67456099e-02
 -6.25185221e-02 -1.98532287e-02 -2.64066774e-02 -2.28570886e-02
  1.44994212e-02  6.05817251e-02  1.15697626e-02 -3.86269158e-03
  1.96830221e-02  4.02154550e-02 -4.27625664e-02  4.79011089e-02
  1.07581401e-03 -4.07854393e-02 -3.22660580e-02 -2.82243919e-02
  1.53590804e-02  5.56168854e-02 -1.50099704e-02  4.81996387e-02
  2.67697256e-02  1.58767253e-02  1.99624281e-02  1.92470364e-02
 -2.07642857e-02 -4.32028919e-02  4.18133251e-02  2.01097559e-02
  8.41184426e-03  8.98651965e-03 -1.89714301e-02 -1.12507595e-02
  5.34350350e-02 -1.55520560e-02  5.21188192e-02  4.73130075e-03
  1.16976220e-02 -2.36345492e-02  3.50732394e-02 -8.50727223e-03
  6.46560825e-03 -5.94152398e-02  8.98109935e-03 -9.79441591e-03
  1.92844942e-02 -3.30791809e-02 -2.03565671e-03  2.39707646e-03
  2.75083352e-02 -5.97783066e-02 -2.34492626e-02  5.50588295e-02
  5.90183288e-02  2.68010404e-02 -3.42484154e-02 -4.45542708e-02
  1.66707784e-02  1.04421079e-02 -3.10610700e-02 -3.38184983e-02
 -8.05450045e-03  2.39305664e-02  1.16850873e-02 -3.02015617e-02
  3.98721686e-03  4.30080481e-02 -6.10708185e-02 -2.07301583e-02
  1.79637726e-02  1.70774329e-02 -2.61614174e-02  6.89093024e-02
  8.85621533e-02  3.89037170e-02 -1.90057512e-02  4.88707097e-04
 -7.25189298e-02  1.20496079e-02  3.11752385e-03 -2.33173557e-02
 -2.87055187e-02 -3.18734162e-03  2.26691365e-02  1.10709982e-03
 -4.57187928e-02 -4.97902036e-02 -7.45247453e-02 -2.80514341e-02
  3.42626721e-02  3.86788808e-02  4.63523455e-02 -6.11401908e-02
  1.27737429e-02  1.74569134e-02  1.94526501e-02  6.61435127e-02
 -2.67254049e-03  7.47097563e-03  2.59958189e-02 -3.20098512e-02
 -8.27304572e-02 -6.12312071e-02  2.51737256e-02 -5.39763225e-03
 -3.92571650e-02  6.08807849e-03 -1.01264184e-02 -2.83168461e-02
  6.26676232e-02  1.21921254e-02 -1.94593822e-03 -1.48050617e-02
  5.89467958e-02 -7.38201514e-02 -1.06394971e-02 -2.71160286e-02
  4.41690534e-02 -1.28927510e-02  2.35419292e-02  3.74887101e-02
 -9.03011765e-03  2.99257655e-02  2.27623694e-02 -5.92936538e-02
  2.69242632e-03  6.23226911e-02 -3.43321972e-02 -4.86692274e-03
 -1.74334943e-02 -3.43365967e-02 -3.71381864e-02  3.31099518e-02
 -3.40476930e-02  1.35264033e-02  7.77086467e-02 -4.15097289e-02
 -1.96104888e-02 -7.73100136e-03  3.07896864e-02  6.45582676e-02
  1.18300263e-02 -4.42785919e-02  1.76757723e-02  1.61825996e-02
 -2.33114548e-02 -6.52955696e-02 -1.57506845e-03  2.29712371e-02
  1.71899665e-02 -1.82230026e-02  2.86821648e-02 -5.20639643e-02
 -3.22842263e-02  2.44719796e-02  3.35037336e-02  3.19214948e-02
 -3.25897709e-02  2.73959711e-03  1.94267593e-02  2.12080609e-02
 -1.11306477e-02 -3.67689654e-02 -2.17596330e-02  2.52518058e-02
 -2.25278985e-04  2.94503178e-02  2.25476027e-02  4.26483760e-03
 -3.31850871e-02 -2.65134498e-02 -3.41049768e-02 -3.63136828e-02
  1.37803680e-03  2.15277099e-03  4.31062654e-03 -3.64993922e-02
  4.45682816e-02  6.11873046e-02 -2.43473146e-02 -6.39542118e-02
 -7.28176720e-03 -6.33362979e-02 -1.55088827e-02 -4.48844843e-02
 -7.78726935e-02 -2.89822798e-02 -4.43173805e-03  8.24404065e-04
  1.87454578e-02  1.58839226e-02  7.14162588e-02  6.09980673e-02
  1.54181654e-02  2.10415246e-03  2.23888140e-02  1.85047148e-03
  5.83969764e-02 -1.96511839e-02  4.05768082e-02  2.84358822e-02
  2.17534527e-02 -4.36645895e-02  4.70124781e-02 -6.91490695e-02
 -2.35615432e-01 -1.25463512e-02  4.01299335e-02 -3.38633284e-02
  2.75340378e-02 -5.47254384e-02  1.88741907e-02 -1.52511494e-02
 -1.09864837e-02  4.94878776e-02  4.15972172e-05  1.90294180e-02
 -3.11166253e-02  1.26445675e-02 -6.10303273e-03  4.82489578e-02
  2.77947038e-02 -5.44791706e-02 -1.34999061e-03  9.63368546e-03
  1.26223201e-02 -6.25229254e-02  1.21560507e-02 -2.51276661e-02
  1.48173858e-04  3.40899937e-02 -4.00568023e-02 -1.15113184e-02
 -5.44025004e-02 -1.73485954e-03 -2.34945421e-03  6.74981100e-04
 -4.18398418e-02 -1.19837243e-02  3.53050046e-02 -3.85716581e-03
  4.44828235e-02 -1.73351374e-02  1.54453190e-02  2.44570337e-02
 -7.33022112e-03  3.41121387e-03  4.46116598e-03  3.05766482e-02
  5.34767620e-02 -4.20942642e-02 -8.69888347e-03  6.39103306e-03
  1.96371526e-02  6.99963048e-02 -1.92735046e-02  1.45597961e-02
 -5.75579405e-02  1.60237662e-02 -2.93340478e-02  1.61686111e-02
 -2.74356571e-03  4.60683629e-02 -3.45345996e-02 -2.14400720e-02
 -3.51153649e-02  1.71420215e-05 -5.53145222e-02  6.89615030e-03
 -3.55054205e-03 -2.67035924e-02 -1.35747427e-02 -5.50234765e-02
  4.33711112e-02  4.15860862e-02 -1.40066836e-02 -2.54689381e-02
  1.95911136e-02 -6.48796558e-02  3.92546132e-02 -3.21295299e-02
 -8.25672001e-02  5.37937060e-02 -1.55974301e-02 -1.18876584e-02
  2.29248777e-02 -3.33249867e-02  1.75017409e-03  1.43835265e-02
 -1.84312630e-02 -5.04210293e-02 -7.96352699e-03 -2.45951395e-03
  2.26028692e-02  3.06789801e-02  5.66607341e-02 -3.72724161e-02
  1.55419242e-02 -5.50334826e-02 -1.42705394e-02 -6.01169560e-03
  1.51500329e-02  1.71714630e-02  2.60563996e-02 -3.74086499e-02
  2.38865279e-02  6.32812735e-03  6.52261544e-03  2.00080741e-02
 -4.96343262e-02 -3.01375240e-02 -1.83430482e-02  1.55904870e-02
  5.38174473e-02 -2.84072887e-02  2.26137899e-02  5.89327561e-03
 -5.20975031e-02 -5.10179214e-02  8.71005207e-02 -2.16750335e-02
  3.28685194e-02  5.52383699e-02  1.43833393e-02 -2.00354997e-02
  2.94643710e-03 -8.69041122e-03 -4.39114459e-02  1.83422882e-02
 -1.03222460e-01  4.48748544e-02 -3.07407230e-02  1.95831712e-02
 -2.18845624e-02 -1.65407243e-03  3.99139524e-02 -4.44931276e-02
  4.07556444e-03  1.90583188e-02  5.28069064e-02 -6.92570675e-03
 -1.68381631e-02 -2.55352240e-02  1.42453257e-02  8.38237070e-03
 -5.76966666e-02  1.81351993e-02  1.01721454e-02  1.91703029e-02
  2.63236538e-02 -1.24868855e-03  1.59254372e-02  1.01772342e-02
  3.08002681e-02  1.81635506e-02  1.90750659e-02 -6.55200183e-02
 -5.44295087e-02 -3.33795846e-02 -4.74522784e-02 -1.36261331e-02
  5.31061925e-03 -1.44269748e-03 -3.06123514e-02 -3.70349251e-02
  6.37410879e-02 -2.11845674e-02 -6.38577938e-02  1.00715202e-03
  5.78309707e-02  2.42622383e-02  1.64018515e-02 -7.74140609e-03
  1.54474881e-02  4.41310704e-02  3.98097932e-02 -4.55761934e-03
 -3.53831090e-02 -2.31556520e-02  7.58003118e-03  4.01302390e-02
 -8.37151799e-03  3.69875208e-02  4.05325741e-02 -1.52631570e-02
  4.00099531e-02 -6.99212449e-03  5.27162058e-03  6.48244247e-02
  6.55996576e-02 -2.16794796e-02 -1.51725402e-02 -5.58849908e-02
  6.98517915e-03  9.86539293e-03 -1.63254384e-02 -1.15073854e-02
  1.12768823e-04 -2.81205587e-02 -3.72049287e-02 -8.33850875e-02
 -3.21311466e-02  5.35660647e-02 -9.38480813e-03 -5.59002757e-02
 -2.53383163e-02  2.53424272e-02 -4.69752662e-02  7.42997741e-03
  4.99998964e-03 -1.98623445e-02  6.83880746e-02  3.68727185e-02
 -1.44218449e-02  3.80298309e-02 -3.08767688e-02 -3.75997461e-02
 -8.51141382e-03 -2.20989324e-02  3.20836465e-04  5.95869450e-03
 -5.85787892e-02 -3.01970094e-02 -5.57396077e-02 -2.12604571e-02
  2.15312839e-03 -2.28597019e-02 -4.37206551e-02 -5.28156832e-02
 -1.62934475e-02  4.40256894e-02  3.76674486e-03  1.15933456e-02
 -2.40846281e-03 -3.80503759e-02  1.38246268e-02 -4.74076793e-02
  3.08059044e-02  1.37358978e-02  1.12692453e-02  4.39120233e-02
 -4.03287783e-02  1.52268948e-03 -1.36873182e-02  7.08562583e-02
 -1.16986521e-02 -4.14316505e-02 -3.03703733e-02 -2.48307902e-02
 -2.08318178e-02  3.60089913e-02 -9.84961446e-03 -2.43619569e-02
 -9.37877595e-02  6.20618239e-02 -3.66733707e-02  1.91030558e-02
 -5.54914102e-02 -1.82812139e-02  4.98768725e-02 -6.67373314e-02
 -6.89017624e-02 -2.89312024e-02 -6.14192523e-02 -6.00315630e-03
 -2.67569441e-02  2.02067290e-02  2.24337652e-02  3.26013267e-02
  4.57399264e-02  1.11325958e-03  1.59979854e-02 -5.75377569e-02
  4.81046736e-02 -3.94010060e-02  6.32157782e-03 -3.32810432e-02
  4.51142229e-02  1.39717329e-02 -7.11944653e-03 -2.79978197e-02
 -2.48542465e-02  8.79518501e-03  4.08929326e-02 -4.31648865e-02
 -3.19866538e-02  7.93709699e-03  5.31774340e-03 -5.77730034e-03
 -6.98149344e-03 -6.20168354e-03 -7.57423928e-03 -1.72761139e-02
 -1.19810086e-02  4.29016687e-02  8.29670280e-02  7.49928877e-03
  1.99413132e-02  4.57920432e-02 -1.25439577e-02 -3.05344798e-02
  4.51782756e-02 -8.87964200e-03 -6.39875531e-02  2.27094861e-03
 -3.97547992e-04  7.03572333e-02  6.16908111e-02 -1.10935122e-02
  7.65864225e-03  6.32543564e-02  1.16311957e-03 -3.81218344e-02
 -3.79560590e-02  1.50149502e-02 -1.23573607e-02 -6.88858330e-02
  2.14694794e-02  3.33466120e-02 -4.59192842e-02 -2.19890121e-02
  4.93512265e-02  2.40580775e-02  2.84485295e-02 -2.52401885e-02
 -2.73004789e-02  2.08385531e-02  6.72367737e-02 -2.84036305e-02
  3.11058611e-02  6.88934997e-02 -1.36478208e-02  1.35404821e-02
 -3.74781154e-02  8.37281346e-02  5.68179674e-02  6.28879145e-02
  6.69798441e-03  4.67774123e-02 -1.75464097e-02 -2.40210071e-02
 -1.40994822e-03  5.34199588e-02 -2.89231353e-02  4.68241535e-02
  4.36135381e-02  4.90184240e-02  5.02544194e-02  1.24495784e-02
  7.29286624e-03  1.56091172e-02  4.63678036e-03  4.43724059e-02
  1.99383777e-02  4.09615934e-02  3.52421612e-03  5.55706536e-03
 -1.98957026e-02  1.02849603e-02  2.76406370e-02 -3.52365673e-02
  4.46043117e-03 -4.21914682e-02 -2.66200770e-02  2.77932398e-02
  2.19152663e-02  7.77499899e-02  3.28159668e-02  1.26691433e-02
 -7.50305578e-02  1.78720783e-02  9.18244664e-03  2.04123408e-02
  4.70261909e-02 -2.74850964e-03  3.23695913e-02 -1.35344667e-02
 -9.16103553e-03  4.26667801e-04  1.75467525e-02  5.07087400e-03
  1.39125874e-02 -5.51257282e-03  3.05259209e-02  5.40906526e-02
  2.18630340e-02 -2.16474459e-02 -7.46485814e-02 -6.49694428e-02
 -6.33668015e-03  4.03370075e-02 -5.87426797e-02 -5.58033511e-02
 -2.70776767e-02 -6.33597746e-02 -2.90684644e-02 -1.78358126e-02
  1.34771829e-03 -5.97493537e-03 -4.01478149e-02 -8.28938708e-02
  4.16413285e-02  5.93616348e-03 -6.96816519e-02 -7.09355052e-04
  3.27835083e-02 -4.25506346e-02 -5.38070574e-02  5.40902466e-03
 -1.99845769e-02  7.16159418e-02 -1.37405777e-02 -3.28957080e-03
 -7.72101060e-02 -2.36278512e-02  2.40020603e-02  1.28404936e-02
 -6.70155436e-02  5.37086686e-04 -6.38901489e-03 -1.48176365e-02
  6.77656606e-02  1.26119358e-02  7.09683448e-03 -9.91819613e-03
  2.76342407e-02  6.08898583e-04  4.33238894e-02  3.73811275e-02
 -2.05546822e-02  3.86224873e-02  2.64700726e-02  4.24267761e-02
  1.34236990e-02  1.31628746e-02 -6.67293817e-02  6.56824112e-02
 -2.30311751e-02  2.55539957e-02 -7.24222104e-04 -7.83227310e-02
 -1.01758679e-02 -2.58886814e-02 -4.55520302e-03 -2.14573964e-02
 -4.66797082e-03 -3.56180258e-02  1.48887010e-02 -2.16156431e-02
 -3.83238532e-02 -3.79660316e-02 -3.78797501e-02 -1.84075609e-02
 -7.50895822e-04 -6.59897411e-03 -5.21165766e-02 -4.95270407e-03
  3.80962528e-02 -1.01183429e-02  7.33731175e-03  1.75809711e-02
  3.20119858e-02  3.43840197e-02  3.40742730e-02  3.28301196e-03]","[np.float32(-0.06), np.float32(-0.02), np.float32(0.04), np.float32(0.03), np.float32(0.04), np.float32(0.02), np.float32(-0.02), np.float32(0.04)]"
cons,Cons: Max. 24 GB of RAM | Limited connectivity | Limited upgradability | Limited maintainability | Poor battery life | Coil whine | No current graphic drivers,412595,Asus,Asus TUF Dash F15 FX516PC-HN065T,780.0,USD,412595_cons,158,"[-3.15903388e-02 -6.34510245e-04  3.27405967e-02  3.99378203e-02
  4.26639579e-02 -7.47976918e-03  1.24698374e-02  6.23299628e-02
  4.09516692e-02 -2.06817072e-02  7.15441722e-03  2.45700292e-02
 -6.18545637e-02  3.22727747e-02 -6.55296433e-04  5.21941856e-02
  4.84193116e-02 -4.01797052e-03  1.50897326e-02 -3.69290076e-03
  2.06333529e-02  2.82540452e-02 -3.87885398e-03  6.02399334e-02
  3.03110247e-03 -1.13034043e-02  1.28692407e-02  3.89037915e-02
 -4.86575142e-02 -2.26112013e-03  4.38617468e-02  4.16862220e-03
 -1.73767172e-02  3.61714363e-02  4.53874171e-02 -3.20401415e-02
 -5.06432354e-02 -7.47853846e-05 -5.81108779e-03 -3.01724561e-02
 -7.22177178e-02  5.92849730e-03 -1.24850972e-02  2.13698428e-02
 -2.75748912e-02  1.35076921e-02 -2.36558691e-02  2.94016730e-02
 -4.04014848e-02 -3.05114593e-03 -7.80897513e-02  2.88774520e-02
  3.86604294e-02  1.84904821e-02  6.18630508e-03 -1.66160595e-02
  9.62931588e-02 -2.62406729e-02  2.82673538e-02 -5.63966902e-03
  3.30344178e-02  2.00866186e-03 -1.86022092e-02 -2.32304726e-02
 -4.16769413e-03 -5.84755428e-02  1.56916268e-02  1.69377290e-02
 -7.20260292e-02 -2.38005351e-02 -1.92448962e-02 -1.71510056e-02
 -3.16662453e-02 -4.13004085e-02  3.24742757e-02 -3.93938087e-02
  3.29721682e-02  2.22461037e-02  4.50615697e-02  2.62067467e-02
  4.08294275e-02  3.49663594e-03  5.09673953e-02  3.90692092e-02
 -1.56734586e-02 -3.06418147e-02  1.48912603e-02 -1.80116538e-02
 -4.54820581e-02  5.88083342e-02 -1.86115019e-02 -8.33088998e-03
  6.51610419e-02  3.98945995e-03 -4.78841998e-02 -6.61894307e-02
  2.42103431e-02 -7.42594199e-03  3.52327339e-02  5.05724549e-03
  5.92622906e-02  1.61996428e-02 -1.75260678e-02 -5.14184386e-02
 -4.05516587e-02 -2.64549963e-02 -2.44896822e-02  4.60104924e-03
  2.58763693e-02 -1.42744398e-02  8.35895538e-03  8.73192959e-03
  3.24847810e-02  1.68717913e-02 -5.03851585e-02  4.65947613e-02
 -2.66371202e-02 -1.20859230e-02  6.25337008e-03 -5.02673127e-02
  4.35119309e-02  3.66341397e-02 -4.25745845e-02  6.34977147e-02
  5.61933853e-02  4.12499197e-02  1.12713091e-02  3.00224200e-02
 -3.36436257e-02 -5.85304648e-02  3.97296771e-02  3.30783986e-02
 -8.80618859e-03  9.58145317e-03 -3.39709818e-02  1.59632172e-02
  2.61901673e-02 -2.32080370e-02  3.20610069e-02  2.83020106e-03
 -9.74598061e-03 -1.66437868e-02  1.09187393e-02  5.83833898e-04
  9.26449709e-03 -3.58104780e-02 -7.54337758e-04 -6.66608103e-03
  3.27765197e-02 -4.03791405e-02 -4.39788476e-02 -2.89265867e-02
 -5.19512268e-03 -5.51970452e-02  2.97844466e-02  6.23955168e-02
 -1.08737173e-02 -2.09904998e-03 -2.23492156e-03 -1.62422527e-02
  8.18529539e-03  3.56991813e-02 -5.38298972e-02 -2.12013591e-02
  5.61199943e-03  5.51823117e-02  2.37609930e-02  5.12409210e-03
 -1.28092235e-02 -7.37372087e-03 -6.27696291e-02 -5.00317067e-02
  1.60548799e-02 -1.13695012e-02 -4.81970049e-02  8.64945278e-02
  8.09646174e-02  4.08388190e-02 -1.78436115e-02  4.92156260e-02
 -6.69951141e-02  1.03526209e-02  8.97967257e-03  3.15889232e-02
 -7.35514015e-02 -1.36347059e-02  4.54158522e-02  2.45424844e-02
 -6.88928813e-02 -4.00104411e-02 -4.91174385e-02 -6.25211000e-02
  3.04321367e-02  7.84530211e-03  4.93585356e-02 -4.80589122e-02
 -1.33008771e-02  2.52807140e-02  3.72202438e-03  5.34889735e-02
  2.70786486e-03  5.16592897e-02  4.99759689e-02 -5.30050918e-02
 -6.91793486e-02 -3.25736180e-02  2.81580016e-02 -2.34653465e-02
 -2.02306211e-02 -1.90355424e-02 -2.43295170e-02 -4.84456271e-02
  4.16091830e-02  2.55867820e-02  1.97795797e-02 -2.00493950e-02
  1.95047427e-02 -3.49090099e-02 -2.87601328e-03 -1.37676895e-02
 -5.50100952e-02 -4.72632758e-02 -2.01864894e-02  1.56295616e-02
 -3.53918113e-02  4.23922054e-02  3.64066958e-02 -2.58135013e-02
  6.63819164e-02  3.09584886e-02 -1.57539137e-02  1.46100819e-02
 -1.78620797e-02 -2.17098948e-02 -1.96417961e-02  2.88511515e-02
 -3.58147845e-02 -5.51221967e-02  1.93075277e-02 -4.20182534e-02
 -3.42302546e-02  5.72167821e-02  5.44730760e-03  5.49885780e-02
  1.50880683e-02 -8.13092384e-03 -1.37191750e-02 -1.80947874e-02
 -2.29497943e-02 -1.57588776e-02 -2.74751224e-02  8.60834867e-03
  3.18357050e-02  2.79338155e-02 -8.31873063e-03 -5.07623851e-02
 -5.10121742e-03  3.32764648e-02  2.00805496e-02  8.00960883e-02
 -2.99908686e-02  2.20321137e-02 -7.06866616e-03  9.49684158e-03
 -1.66986864e-02 -8.15641880e-02 -4.14611362e-02  5.86848124e-04
  2.82649286e-02  4.85721603e-02  4.23871400e-03 -3.22399964e-03
 -1.52956089e-02  2.15580892e-02 -2.45164186e-02 -2.60879435e-02
  2.22645421e-02 -1.63091924e-02 -3.13726775e-02 -4.78304811e-02
  2.76097450e-02  5.68827577e-02 -1.47576062e-02 -6.69016913e-02
 -2.22567990e-02 -1.77607182e-02  2.84180976e-02  1.64831579e-02
 -6.14507645e-02  7.01487437e-03 -2.30697822e-02  4.01911214e-02
 -6.99423207e-03  6.78702965e-02  3.37467566e-02 -1.21028358e-02
  2.87889466e-02 -8.63773515e-04  3.58179808e-02 -1.67301260e-02
  1.03513221e-03  1.87709704e-02 -3.03461142e-02  3.47917154e-02
  3.65173747e-03 -6.18133396e-02  3.60779949e-02 -3.96917723e-02
 -2.26180092e-01  5.01097459e-03  2.13030335e-02 -8.97825509e-02
  2.66236942e-02 -6.78366981e-03 -1.42065110e-02 -3.87368686e-02
 -5.44208288e-02  3.62180732e-02  1.44836698e-02  3.81154194e-02
 -1.53049659e-02  1.67341903e-02  1.12977745e-02 -1.54396631e-02
  3.02941464e-02 -3.03783696e-02 -5.34551684e-03 -2.89902296e-02
  3.11022960e-02 -6.26704767e-02 -1.88546106e-02 -3.22933793e-02
 -5.35476487e-03  7.48709142e-02  4.13130932e-02  2.73088110e-03
 -6.47093281e-02 -1.00120306e-02 -6.54958468e-03 -2.92405467e-02
 -1.51213091e-02  4.24626190e-03  2.44288072e-02 -5.86985704e-03
  4.98418957e-02 -1.26950983e-02  3.33587527e-02 -7.86954816e-03
  2.69749686e-02 -9.86274146e-03 -2.36190768e-04  3.26874331e-02
  3.67937908e-02  1.09285330e-02 -4.69013527e-02 -4.06550569e-03
  8.43258109e-03  7.25682601e-02 -4.39203018e-03 -1.25097856e-02
 -3.25753018e-02  6.29628450e-02 -2.93316357e-02  1.01047996e-02
 -1.79745313e-02  3.53582576e-02 -6.87078312e-02 -2.11300328e-02
 -4.50526550e-02 -1.54939992e-02 -6.48302436e-02 -2.63865408e-03
 -3.36301550e-02 -3.56650949e-02  9.63004585e-03 -4.28279676e-02
  1.05743736e-01  3.49934883e-02 -2.19290215e-03  1.06648402e-03
  9.12662037e-03 -5.32257631e-02  4.13822383e-02 -7.16488622e-03
 -6.77211210e-02  8.32994729e-02 -1.92313660e-02 -3.48120579e-03
  2.40438152e-02 -4.94665653e-02  5.30166971e-03  3.60858515e-02
 -8.32751952e-03 -3.35100256e-02  1.83863584e-02  1.88249536e-02
  1.62440948e-02  3.79016139e-02  6.85684606e-02 -8.70479736e-04
 -2.55428497e-02 -7.79186189e-02 -1.06070563e-02 -2.61352956e-02
  2.48394720e-02 -1.87489130e-02 -1.65221877e-02  5.18059684e-03
  1.46517213e-02 -2.64499499e-03  1.94891449e-02 -1.37785142e-02
 -6.80675060e-02  2.44739521e-02 -1.84037779e-02  1.48407528e-02
  3.88234407e-02  3.47109176e-02  2.68389899e-02  1.09523032e-02
 -3.69499512e-02 -7.03585520e-02 -2.62668207e-02 -2.13876907e-02
  4.85755652e-02  6.52006567e-02  1.45192733e-02 -3.35057490e-02
 -3.58075574e-02  8.87920242e-03 -2.64424793e-02 -7.22123403e-03
 -9.11142528e-02  5.27635142e-02 -2.50835121e-02  2.42954176e-02
 -3.68704423e-02 -1.89459883e-02  1.04461480e-02  6.89705368e-03
  1.68890730e-02  3.02846320e-02  2.69231535e-02  1.41809229e-02
 -1.17056435e-02 -6.09327331e-02  3.82416360e-02 -1.90783422e-02
 -2.21831165e-02  1.89198647e-02 -4.00084164e-03  5.33658592e-03
 -5.45691606e-03  3.74369398e-02  3.50974873e-02 -2.51884069e-02
  2.38576122e-02  1.66668650e-02 -2.05884594e-03 -7.59474486e-02
  1.83093511e-02  3.98593908e-03 -5.41207306e-02 -3.93374683e-03
  1.21250823e-02 -4.72676381e-03 -1.61238387e-02 -2.30715834e-02
 -1.32291121e-02 -4.47349772e-02 -5.61932139e-02  2.33263895e-02
  3.60695310e-02  7.55701736e-02  5.87305473e-03 -3.38826440e-02
  3.65573429e-02  4.83286567e-02  2.82251798e-02  1.96854724e-03
 -5.39457649e-02 -2.37201303e-02  1.02051217e-02  1.34825977e-02
  3.98023752e-03  2.14412566e-02  5.06795608e-02  3.61015163e-02
  5.77148143e-03  1.05945021e-02  3.17111425e-02  2.29553543e-02
  6.55672923e-02 -6.88416511e-02 -2.25977860e-02  1.87438205e-02
  1.93929579e-02  1.02194613e-02 -3.14733759e-03 -1.42311733e-02
  5.73770367e-02 -2.01989114e-02 -3.06691211e-02 -5.11354767e-02
  6.50329515e-02  6.07726313e-02  1.95638612e-02 -2.10894756e-02
  1.91929564e-02 -2.55832691e-02 -7.44257029e-03  3.14177386e-02
  1.96131202e-03 -2.66784523e-02  2.00452283e-02 -8.57266691e-03
 -1.29810199e-02  2.47305930e-02 -6.47886544e-02  3.61075625e-03
 -1.85127500e-02  3.71914869e-03  1.90368518e-02  1.02316439e-02
 -4.23792750e-02 -4.12838273e-02 -8.30314308e-03 -5.42114638e-02
 -4.58055921e-02 -5.26750088e-02 -3.72231789e-02 -6.75419047e-02
 -3.24251354e-02  5.86666837e-02  8.51701573e-03 -2.53474545e-02
  1.49103319e-02 -3.90569679e-02  2.29873490e-02 -5.70970848e-02
 -3.13432962e-02  1.51545890e-02 -3.28902458e-03  7.38518462e-02
 -8.52747913e-03 -3.09483358e-03  2.59045921e-02  5.65149523e-02
 -7.19484687e-03 -1.89992152e-02 -2.31881384e-02 -9.92494635e-04
  6.17601210e-03  6.18513338e-02 -2.32703257e-02 -2.32706573e-02
 -5.76777123e-02  1.23031847e-02 -3.41735035e-02 -5.77496178e-03
 -3.44200023e-02 -1.64650623e-02  7.32275173e-02 -3.24412622e-02
 -2.10874528e-02 -2.38036141e-02 -6.66203871e-02  8.49951233e-04
 -9.20054875e-03 -1.30144916e-02  1.86463296e-02  2.47243233e-02
  3.37491557e-02  1.10543557e-02  6.36392180e-03 -6.37771487e-02
  4.33641188e-02 -2.26968154e-02 -2.63058511e-03 -4.73177340e-03
  2.11288617e-03  5.26442453e-02 -4.10815515e-02 -4.50490750e-02
 -2.54505537e-02  1.23883951e-02  5.46884760e-02 -3.26067209e-02
 -5.05211428e-02  1.69374719e-02 -2.18450055e-02 -4.37410176e-02
  1.88499223e-02  2.53134649e-02  4.50764969e-02 -2.04453655e-02
 -6.93207700e-03  1.93737801e-02  4.45790552e-02  2.70241890e-02
  6.87215105e-02  4.00330499e-02 -5.98188341e-02 -2.28827596e-02
  3.97344865e-02 -2.65956130e-02 -1.71945884e-03  1.34169450e-02
 -2.98805349e-02  6.76266998e-02  6.15820140e-02  4.35686931e-02
  1.28920665e-02  1.94126964e-02  1.76442182e-03 -7.50078633e-02
 -3.66235487e-02 -1.74251664e-02 -5.20162955e-02 -4.20490578e-02
  1.59527082e-02  1.58089027e-02 -1.04666427e-02 -7.00744009e-03
  2.32194848e-02 -4.81777778e-03 -3.25755682e-03 -7.46361837e-02
 -2.23182309e-02 -8.84656422e-03  9.64613706e-02  1.95668042e-02
  5.00782505e-02  8.52894038e-02  3.49112204e-04 -1.23220664e-02
 -9.52709559e-03  8.47885162e-02  3.55038159e-02  3.03947777e-02
 -8.84421263e-03  9.90963206e-02 -3.33814211e-02 -4.59477901e-02
  3.54967080e-02  2.56179664e-02 -5.60388379e-02 -2.29205936e-03
  3.17910314e-02  3.28459591e-02  3.05367503e-02  5.18902242e-02
 -2.35263687e-02  2.30054352e-02  4.18220870e-02 -1.69175994e-02
  6.35766014e-02  3.23090889e-02 -8.73171352e-03  1.51595436e-02
 -3.81229669e-02  1.87049750e-02  2.17050337e-03 -5.27485386e-02
  1.35775693e-02  2.45833825e-02 -1.19224871e-02  4.25837748e-02
  3.91864171e-03  3.78448330e-02  5.10521829e-02 -1.93677321e-02
  1.20086167e-02  2.49922741e-03 -2.02668849e-02  2.60360097e-03
  7.00292438e-02 -7.87158869e-03 -2.11115684e-02  2.75395755e-02
 -1.73525698e-02 -1.09806703e-02  1.53735641e-03  1.33551033e-02
  1.60669461e-02  1.80454608e-02 -2.65017282e-02  1.86223909e-02
 -1.90773904e-02 -2.06154808e-02 -4.93393391e-02 -6.47407770e-02
 -5.30936522e-03 -4.35836054e-02 -3.29520255e-02 -3.23706903e-02
  4.91911620e-02 -6.60930127e-02 -1.26467636e-02  2.24620793e-02
 -2.69429702e-02  3.61679518e-03  6.68899796e-04 -4.00962904e-02
  1.92936473e-02 -1.35044334e-02 -1.35418437e-02  3.03461216e-02
  2.52315160e-02 -7.38275200e-02 -4.54402119e-02  2.56915074e-02
 -1.83199532e-02  2.67472602e-02 -3.37280869e-03 -8.65946896e-03
 -1.25455886e-01 -1.65677965e-02  1.03400350e-02 -2.24360134e-02
 -6.46871850e-02 -3.21801635e-03 -8.13155062e-03  1.93375000e-03
  4.10411693e-02 -1.24336993e-02  1.51965264e-02 -4.24573990e-03
  1.13899782e-02 -4.68970761e-02  3.80770266e-02  4.56172749e-02
 -2.39090342e-02  1.11964755e-02  6.28332645e-02  2.00844072e-02
 -2.74726655e-02  1.67751685e-02 -4.22013029e-02  6.61555305e-02
 -1.14324661e-02  2.76555363e-02 -4.32803035e-02 -5.79084195e-02
  1.01749087e-02 -1.89607404e-02 -2.22097449e-02  8.08013137e-03
 -1.14193391e-02 -1.12093249e-02 -3.31078446e-03  3.65409465e-03
 -2.31078584e-02 -9.72004957e-04 -7.66501809e-03 -3.73666510e-02
 -2.76020691e-02  1.24775898e-02 -4.23031710e-02  1.19605253e-03
  3.80440913e-02 -2.29692478e-02  1.86963938e-02 -1.59666296e-02
 -4.01259633e-03 -2.48155301e-03  2.96823829e-02  4.49611060e-02]","[np.float32(-0.03), np.float32(-0.0), np.float32(0.03), np.float32(0.04), np.float32(0.04), np.float32(-0.01), np.float32(0.01), np.float32(0.06)]"
review_para_5,"In order to measure the accuracy of colors and grayscales, we use the calibration software CalMAN. The DeltaE deviation of about 10 points places our test unit on the usual level for cheap TN displays. What was more bothersome was the strong blue cast that is also visible on the grayscales.

We managed to decrease these differences notably by calibrating the screen. As always, users can download our calibrated color profile above.

Sensitive users be warned: The Lenovo IdeaPad 320 uses pulse-width modulation to regulate screen brightness. The frequency at 90% brightness is 6000 Hz. This is quite high and should usually not cause any issues.",415644,Lenovo,Lenovo Ideapad S145 (81MV013SIN),430.0,USD,415644_review_para_5,648,"[ 9.85355489e-03  1.28553314e-02 -6.34042621e-02  2.52655311e-03
  6.89720958e-02  3.84034216e-02 -2.22469587e-02  4.11444977e-02
 -3.37307155e-02 -6.11559078e-02  2.23002527e-02  3.04739233e-02
 -2.90752202e-02  5.38780540e-02  1.07419388e-02  7.06627667e-02
  6.97698221e-02  2.85377465e-02  1.52998092e-02 -7.50645669e-03
 -4.62536560e-03 -9.17456578e-03  4.68585320e-04 -2.02320446e-03
 -4.42957804e-02 -1.55396312e-02  2.52644327e-02  1.56756882e-02
 -4.02071700e-02 -2.80937506e-03  5.41480118e-03 -1.83068421e-02
 -4.40969272e-03 -3.30771646e-03  2.64123045e-02  4.84055490e-04
 -6.48896322e-02  5.66178448e-02 -3.60107645e-02 -2.00056881e-02
 -5.03730103e-02 -4.01577987e-02  7.03898305e-03  3.33395898e-02
 -2.46358067e-02  2.84878127e-02 -3.62905972e-02  2.51858197e-02
 -3.03589869e-02  6.48783445e-02 -4.65883128e-02  6.54800311e-02
  1.54739507e-02  1.02059897e-02 -1.44591955e-02  5.77315688e-02
  7.77748600e-02 -1.50130149e-02 -5.57142636e-03 -3.08782645e-02
  4.64001708e-02 -7.06820237e-03  1.31525835e-02  2.20599789e-02
  2.51149554e-02 -1.11805797e-02 -8.08674609e-04  2.31747562e-03
 -6.82394505e-02 -6.39640028e-03  2.07463913e-02  3.30258533e-02
 -2.69188546e-03 -5.34416176e-02 -2.06673867e-03 -4.40336466e-02
 -2.36391742e-02 -1.56370029e-02  6.88207448e-02 -1.14649013e-02
  1.83384549e-02  1.22197727e-02  2.92421896e-02  5.79982512e-02
 -2.12166868e-02  1.75336730e-02  1.08910669e-02 -3.13637070e-02
 -1.70662515e-02  2.25260593e-02 -1.27047673e-02 -2.72360817e-02
  7.32677504e-02  4.18927856e-02 -3.07031050e-02 -3.80929187e-02
  5.27358539e-02 -2.37139128e-02  1.01996539e-02  4.88505810e-02
 -1.54385790e-02 -6.44605234e-02  4.47338261e-02  2.63720192e-02
 -7.83741623e-02 -4.62204730e-03 -3.83687094e-02 -3.62132080e-02
  2.19243877e-02  1.07422628e-01 -4.55999859e-02 -1.46565298e-02
  1.51035441e-02  2.00049821e-02 -4.82087731e-02  4.69150767e-02
 -2.95972638e-02 -3.06894742e-02 -2.22723167e-02  7.96629023e-03
  2.93516871e-02  7.66118765e-02 -5.55673242e-03  6.31411374e-02
 -2.22239587e-02  7.95829818e-02  3.01734987e-03  3.43710743e-02
 -2.14693956e-02 -3.79962027e-02  5.95196560e-02  6.06863946e-02
  6.48896350e-03 -2.37528551e-02 -4.27932525e-03 -3.40795889e-03
  3.07546440e-03 -5.92834316e-03 -1.61812007e-02  5.74082173e-02
  2.01191027e-02 -2.78221983e-02  2.53669899e-02  1.69528592e-02
 -1.35290378e-03 -9.89636965e-03  1.18804295e-02 -3.21642496e-02
 -4.93103405e-03 -3.11523285e-02  2.25386713e-02 -1.21670440e-02
  7.79993227e-03 -5.40839285e-02 -6.32103020e-03  3.20385806e-02
  2.51616188e-03  3.42593412e-03 -4.64579202e-02 -3.16532589e-02
  3.35106179e-02 -1.33719551e-03 -4.62062359e-02  1.40662491e-02
  1.26903542e-04  6.39393777e-02  1.00083100e-02  3.28154713e-02
 -1.04997391e-02  9.38755181e-03 -1.85068548e-02 -2.23542321e-02
  2.73824390e-02 -9.70685622e-04 -1.02100316e-02  8.83842111e-02
  2.95675173e-02  2.09278930e-02 -3.90889011e-02  2.86229830e-02
 -7.63016269e-02  7.44829001e-03 -1.99028049e-02 -4.82745934e-03
 -3.32987048e-02 -2.94293128e-02  4.01234962e-02 -3.96686383e-02
 -4.65990901e-02 -3.08011491e-02 -4.89305519e-02 -8.72259401e-03
  5.68490736e-02  1.19160395e-02  3.73846143e-02 -5.52526265e-02
 -8.65726080e-03  8.70131794e-03  4.18868195e-03  1.75146833e-02
  2.21462231e-02 -2.02612951e-02  3.42840292e-02 -1.29405903e-02
 -6.53108358e-02 -1.85851436e-02  4.05160487e-02 -6.10153563e-03
 -5.29430481e-03  6.35375595e-03 -1.49771105e-02 -2.43624486e-02
  4.76927608e-02  4.46071699e-02  1.82155222e-02  2.59380285e-02
 -1.70555327e-03 -6.35537952e-02  2.59451047e-02 -1.62638817e-02
  8.08613189e-03  3.51600349e-02  1.39141483e-02 -6.59894431e-03
 -4.10591774e-02  6.66606128e-02  5.91235757e-02 -6.60880059e-02
 -1.17850490e-02  1.71403158e-02 -5.72502762e-02 -4.26040106e-02
  4.29137759e-02 -9.34494939e-03 -5.39140292e-02 -4.64654043e-02
  1.05224364e-02 -3.20026465e-02  7.19548017e-02 -4.32050116e-02
  1.79118775e-02  3.84165868e-02  2.28899135e-03  3.55618335e-02
  1.40979169e-02 -1.04770502e-02  2.06449609e-02 -3.24426306e-04
 -2.51534153e-02  3.59307369e-03 -1.36241419e-02  2.06049141e-02
  2.15636250e-02 -3.06120217e-02  9.09604132e-03 -3.97151671e-02
 -1.37622142e-02  6.65234355e-03  2.97592413e-02  5.44888638e-02
  5.62729426e-02  2.08613891e-02  2.84870863e-02  1.03613790e-02
 -1.31398439e-02 -4.14032713e-02 -4.54420336e-02  3.61484848e-02
  1.23502896e-03 -2.49818619e-02  2.16161627e-02 -1.25957141e-02
  2.71873772e-02  1.86341756e-03  2.10886579e-02 -2.08161864e-02
  8.96661170e-03 -9.33988299e-03 -2.37114355e-02 -9.88781173e-03
  1.57379312e-03  6.72979355e-02  6.78568007e-03 -2.07820516e-02
  6.94997795e-03 -5.17527806e-03 -3.45227891e-03  1.16552319e-03
 -2.18626056e-02  2.00744029e-02  1.59781501e-02  7.09890760e-03
  1.43564409e-02  4.36816886e-02  2.22412497e-02  1.36720464e-02
  3.77305299e-02  1.70036927e-02 -3.18636112e-02  5.00345454e-02
  7.16413232e-03 -5.61224017e-03  8.03872123e-02  7.54591310e-03
 -6.35800604e-03 -6.43274263e-02  2.93095727e-02 -3.64127718e-02
 -2.52146006e-01  6.11216091e-02  1.58367809e-02 -3.66864279e-02
  2.99155656e-02 -1.92891024e-02 -8.95447377e-03  1.48771117e-02
  9.99874249e-03  6.44613206e-02  9.95823368e-03  2.08816398e-02
 -4.81168106e-02  5.11455424e-02 -1.11992937e-03  1.77195650e-02
  3.39383148e-02 -4.64779958e-02  4.49078809e-03  5.24582453e-02
 -4.12571098e-05 -1.08006233e-02 -4.66666520e-02  1.56639628e-02
 -1.61351115e-02  4.00216021e-02 -1.73180886e-02 -1.55897783e-02
 -6.37198314e-02 -8.67833942e-03 -1.97954848e-02 -2.91306190e-02
 -3.83324921e-02  1.95866339e-02  3.76825072e-02 -2.30630208e-02
 -2.62592528e-02 -3.93604785e-02 -1.32681513e-02  3.73666845e-02
 -1.26031190e-02  2.83866245e-02 -1.18551822e-02  3.35777365e-02
  1.94859952e-02 -2.49113869e-02 -6.68974593e-02 -1.59949046e-02
  2.15005074e-02  6.42381385e-02 -2.10772976e-02 -3.05479188e-02
 -3.57442312e-02  1.18496837e-02 -8.49213004e-02  1.89063624e-02
 -8.08395818e-03  3.87574621e-02 -2.80288272e-02 -2.40194611e-02
 -4.09127660e-02 -4.02853265e-02 -1.02341659e-01 -1.17018521e-02
 -7.07159145e-03 -5.87605163e-02 -3.95155437e-02 -1.35021433e-02
  2.48360950e-02  3.99690866e-02 -2.21358240e-02 -2.13073101e-02
 -2.35082302e-02 -9.88736898e-02 -4.20649536e-03 -3.12732458e-02
 -3.90742868e-02  7.57494895e-03 -2.21157055e-02  1.41713917e-02
 -3.10729127e-02 -1.80336684e-02  5.31597100e-02 -7.19096093e-03
 -1.52895460e-02 -1.80309806e-02 -1.44931143e-02  3.56094278e-02
  3.19961943e-02 -1.99331380e-02  7.25714937e-02 -6.83953464e-02
 -3.79966199e-02 -3.42532061e-02  2.88325027e-02  1.14376901e-03
  8.02913029e-03  1.68306977e-02  4.72318158e-02 -2.76823342e-02
 -4.96265944e-03 -3.35718356e-02  2.76413765e-02 -4.25340645e-02
 -3.85833681e-02  1.93628168e-03 -1.14366142e-02 -1.41108241e-02
  1.33900046e-02 -3.08095049e-02 -3.74150425e-02 -2.30847877e-02
  1.17438966e-02 -2.73246914e-02  4.30254750e-02 -3.91255356e-02
  4.46726233e-02  1.92217492e-02 -2.85180062e-02 -3.97688895e-02
  7.65345851e-03 -1.38426349e-02 -4.66054901e-02  4.47514514e-03
 -3.90500277e-02 -2.11773417e-03 -7.86709785e-03 -1.57889836e-02
  1.86671615e-02  1.11760898e-02 -3.96751938e-03  8.96726828e-03
  1.57737918e-02  4.69808541e-02  2.93995626e-02 -7.40598468e-03
 -5.23164589e-03  4.74429876e-03  3.92375924e-02  1.77973937e-02
 -2.36199256e-02  4.19144072e-02  4.03144732e-02  1.30892415e-02
  1.17951343e-02  1.16109177e-02  2.74907965e-02 -3.17691267e-02
 -6.67713408e-04 -2.43459502e-03  2.21701637e-02 -5.82752153e-02
 -4.40225936e-02 -2.22603921e-02 -5.12912236e-02 -2.11071465e-02
  4.01531234e-02  3.13329045e-03  2.33495589e-02 -5.55010550e-02
  2.82137264e-02  5.57539202e-02 -6.05508834e-02 -2.59906501e-02
  5.10425977e-02  2.37641167e-02  4.15592603e-02  4.80226148e-03
 -2.18576435e-02  2.68788096e-02 -9.45631787e-03 -4.45285439e-02
  5.54907275e-03  1.43268192e-03  1.61323510e-02  1.69847421e-02
  1.49296159e-02 -2.24510916e-02 -6.87447283e-03  2.01552901e-02
  2.48848870e-02  3.25273722e-02 -6.68407902e-02  1.96377728e-02
  8.96484940e-04 -1.30524188e-02 -2.30689421e-02 -1.79106183e-02
  2.02356765e-04 -1.91003475e-02 -4.10047024e-02 -2.39610858e-03
 -1.72607228e-02 -2.81011686e-04 -5.80508150e-02 -7.24999532e-02
  7.92177022e-03  3.10149994e-02  3.54594737e-02 -6.92732781e-02
 -1.15822246e-02  3.53724472e-02 -5.53691052e-02 -3.68978316e-03
  1.74998790e-02 -7.41602331e-02  5.28482497e-02  4.71144840e-02
 -6.52393093e-03  6.83643110e-03 -2.54488569e-02 -6.72532618e-02
 -3.57107520e-02 -5.33228032e-02  1.05025992e-03  3.74816096e-04
 -4.17909995e-02 -7.86360428e-02 -1.29914079e-02 -2.42109727e-02
 -1.32516045e-02  5.90543309e-03 -1.33371307e-02 -8.87995865e-03
  2.51972512e-03 -5.10061234e-02  1.47511121e-02  1.62407737e-02
  5.43529242e-02 -2.16396619e-02  2.43598707e-02 -3.22510116e-02
  2.22710334e-02  2.66492199e-02  2.08293879e-03  2.89576147e-02
 -3.71868946e-02 -2.34430358e-02  9.06412024e-03  4.54014502e-02
 -6.28468813e-03 -2.42475756e-02 -5.58024785e-03  1.96634755e-02
  7.11504966e-02  2.33275332e-02 -2.53640190e-02  6.40145387e-04
 -5.10567017e-02  5.09203002e-02 -2.56198552e-02  5.02932351e-03
 -3.87263522e-02  3.29444483e-02  2.02967077e-02 -8.00796896e-02
  3.20659555e-03  7.74281053e-03 -3.89904194e-02  4.22201632e-03
 -2.57645007e-02  1.18811280e-02  1.82041992e-02  3.89285535e-02
  7.16949580e-03  3.58600691e-02  1.01441285e-02 -5.22618145e-02
  2.45047249e-02 -3.44771706e-02  3.01577728e-02 -4.49706763e-02
 -7.31382938e-03  3.87652591e-02  1.24066491e-02 -8.29120260e-03
  5.18280733e-03  1.91803242e-03  6.57824725e-02 -4.04710546e-02
 -2.91650034e-02  2.42369436e-02  1.65661313e-02 -1.31304143e-02
  7.50939455e-03 -8.70075356e-03  7.11041167e-02 -1.14074461e-02
 -2.85533238e-02 -1.89092420e-02  1.90260112e-02  3.24580818e-02
 -6.26186933e-03 -2.71377154e-03 -4.42999639e-02  2.55075488e-02
  3.91536430e-02  1.49667552e-02 -2.85355113e-02 -4.32319157e-02
 -1.27161145e-02  1.40787199e-01  5.28101288e-02 -6.83003804e-03
  1.68685932e-02  6.86126249e-03  2.22925618e-02 -4.48121689e-02
  5.75286942e-03  1.19513189e-02 -3.01126018e-03 -5.17502725e-02
  2.58180667e-02  4.91703488e-02 -4.13679630e-02 -1.25016812e-02
  5.28072892e-03  3.24160568e-02  2.62145279e-03 -3.72806191e-02
  5.43694524e-03  2.74201166e-02  5.04785143e-02 -1.36000058e-03
  1.98212098e-02  2.12659389e-02 -4.45389887e-03  4.15275916e-02
  3.72842662e-02  5.50991632e-02  6.33218661e-02  3.22748497e-02
  4.29180451e-03  2.90827770e-02 -4.07336578e-02 -6.29689097e-02
 -1.37383630e-02 -1.56392511e-02 -2.75236983e-02  3.39096086e-03
 -1.82631239e-02  5.60465269e-02  7.39252493e-02  4.71639559e-02
  1.93647500e-02  5.43827526e-02  2.65776347e-02 -2.05241498e-02
 -3.08395587e-02 -1.80495251e-02 -1.70211326e-02 -1.63746998e-02
 -5.18618822e-02  4.55536768e-02  9.33970511e-03 -3.59184667e-02
 -4.88617411e-03 -8.19378495e-02 -3.86416689e-02  9.99490358e-03
 -1.03187589e-02  2.38981880e-02  6.97361156e-02 -3.51216309e-02
 -6.80286512e-02  3.24393250e-02 -2.02286001e-02  2.03006584e-02
  3.77852209e-02  3.34694646e-02  2.65538096e-02  4.50082589e-03
  3.42105776e-02  2.62270827e-04 -6.74039684e-03 -1.78654194e-02
 -7.40894536e-03  1.44331837e-02 -1.78260338e-02  6.89387619e-02
  1.71316080e-02 -3.14884186e-02 -6.99331090e-02 -3.79633419e-02
 -2.66846605e-02 -5.09168990e-02 -1.76277254e-02 -3.84097695e-02
 -4.47319038e-02 -3.88275050e-02 -5.94745614e-02 -8.02518502e-02
 -6.02530129e-02 -4.42619948e-03 -6.43688142e-02 -4.27735262e-02
  5.53927757e-02  2.15284787e-02 -6.70250952e-02  6.13759048e-02
  6.25377968e-02 -4.06194068e-02 -1.14868321e-02  4.30910662e-03
 -1.73755444e-03  5.89662977e-02 -2.39763893e-02  3.82273532e-02
 -6.81781694e-02 -1.96604654e-02  1.74701530e-02  4.31639515e-02
 -6.15908802e-02  6.19108304e-02 -3.46225575e-02  1.02083879e-02
  4.80411649e-02  4.17023823e-02  5.10347933e-02  8.86719022e-03
 -2.74576340e-02 -3.25563625e-02  7.45541453e-02  6.04541190e-02
 -1.08801061e-02  6.05019629e-02 -5.63121494e-03 -7.12115457e-03
 -2.00590119e-02  4.06524725e-02 -5.53428419e-02  3.10581811e-02
 -1.10992538e-02 -3.75354439e-02 -3.48183885e-02 -4.80597727e-02
  4.29981425e-02 -1.66156720e-02 -5.02228970e-04 -2.63638012e-02
  3.26588191e-02  4.18848963e-03 -6.31664647e-03  1.23963284e-03
  4.18307818e-03 -7.22282305e-02 -9.94274300e-03 -5.94605096e-02
  3.48176080e-04  2.28805728e-02 -1.76472180e-02 -2.24453602e-02
  2.76180245e-02 -5.42048067e-02  4.86721098e-02  1.34335468e-02
 -2.39560772e-02  3.62717826e-03  5.05490899e-02 -2.99009332e-03]","[np.float32(0.01), np.float32(0.01), np.float32(-0.06), np.float32(0.0), np.float32(0.07), np.float32(0.04), np.float32(-0.02), np.float32(0.04)]"
pros,"Pros: IPS display | Full HD resolution | NVMe SSD | elegant, slim case | good battery life | virtual number pad integrated within the trackpad | USB 3.1 Gen 2",419286,Asus,Asus Zenbook 14 UX434FLC-A6512TS,895.0,USD,419286_pros,158,"[-7.17001110e-02 -3.15152854e-02  6.29792884e-02  1.71485171e-02
  6.63411990e-02  3.61406221e-03 -9.45921149e-03  8.73398408e-03
  8.04898050e-03 -6.98035434e-02  3.85876633e-02  1.66868698e-02
 -1.32093085e-02  1.42780636e-02 -8.63258447e-03  1.18164076e-02
  5.18759787e-02 -3.30714835e-03  3.83397192e-02 -1.41612701e-02
 -3.08471359e-03  2.08994243e-02  2.33239122e-02  8.13639164e-03
  1.49358495e-03  3.50898015e-03  1.77247114e-02  1.67687777e-02
 -4.33831066e-02 -6.45504799e-04  3.18617956e-03 -4.98286188e-02
 -6.51643798e-02  2.43065339e-02  3.11004836e-02 -2.50640344e-02
 -3.57177034e-02 -7.11198431e-03 -1.28222201e-02  2.88221240e-03
 -5.31182326e-02 -4.04608473e-02 -2.45311595e-02 -7.13183871e-03
 -3.13043781e-02 -1.50265507e-02 -5.79190403e-02  6.43396378e-02
 -6.49387240e-02  2.41313484e-02 -2.00478807e-02  4.29100581e-02
 -2.12102989e-03  1.09674195e-02  2.51811612e-02 -5.51218027e-03
  4.28566933e-02 -2.81831548e-02  2.90193316e-02 -3.58743221e-03
 -4.19958215e-03 -8.95059574e-03 -1.56793059e-04 -1.94342947e-03
  4.52907942e-02 -4.03520502e-02  2.63315141e-02 -9.31517687e-03
 -3.13988142e-02  3.04164421e-02 -6.30117441e-03  1.20259915e-03
 -1.95214674e-02  1.74276356e-03 -1.95255922e-03 -2.63598114e-02
  2.88040247e-02 -8.78759380e-03  5.68975732e-02  2.57908162e-02
  2.42096670e-02 -1.29468646e-02  2.11243108e-02  5.81447110e-02
  9.98469256e-03 -4.82061645e-03 -3.48834693e-03 -2.84303632e-03
 -5.47765419e-02  2.93520652e-02 -5.33802155e-03 -1.96666308e-02
  4.77516986e-02  4.72308695e-02 -8.37359857e-03 -6.26648217e-02
  3.78847793e-02 -1.86332297e-02  4.85731959e-02 -9.54301190e-03
  3.80269475e-02 -1.37865292e-02 -5.80094010e-02 -3.24835069e-02
 -6.47706687e-02 -3.10857501e-02 -4.72664498e-02 -1.28436526e-02
  4.82481569e-02 -1.38208224e-03  3.64667922e-02  9.41352639e-03
  1.98308546e-02  5.28978705e-02 -4.30974811e-02  5.30764200e-02
 -1.03642466e-03 -5.52003495e-02 -1.43538155e-02 -3.23110595e-02
  2.93857586e-02  3.94645035e-02 -2.01536398e-02  3.70487086e-02
  4.33307812e-02 -2.05649273e-03  1.08265702e-03  2.43773330e-02
  3.41014862e-02 -2.38317885e-02  1.75276697e-02  1.90885887e-02
  2.91424580e-02  1.47317080e-02 -2.57953163e-02  8.78720265e-03
  4.15408649e-02  1.00133521e-02  5.29583730e-02 -1.63720958e-02
  1.05808740e-02 -2.95025427e-02  2.53453925e-02 -1.59487948e-02
  5.66423573e-02 -1.61104593e-02  2.47358577e-03  1.26055805e-02
  1.43866474e-02 -5.42767197e-02 -1.48968594e-02  9.16694012e-03
  2.53423844e-02 -5.52539192e-02 -1.70875341e-02  6.15646131e-02
  6.24062493e-02 -5.94608253e-03 -1.84381679e-02 -4.62279990e-02
  2.87103206e-02  9.75552015e-03 -5.71113713e-02  8.34400114e-03
  8.27197451e-03  7.25397095e-02  2.00839117e-02 -1.79417711e-02
 -3.96899739e-03  1.80364307e-02 -4.99670394e-02 -5.78649007e-02
  2.11918000e-02  1.75092351e-02 -3.62798944e-02  6.89881369e-02
  9.43862498e-02  2.38862354e-02  1.47331487e-02 -2.36982331e-02
 -6.93012029e-02  3.40403393e-02  3.62561420e-02 -9.58034024e-03
 -3.97598855e-02 -9.50778276e-03  4.02570404e-02  9.51019989e-04
 -6.46587163e-02 -5.28042205e-02 -7.23826438e-02 -1.73973925e-02
  4.30647619e-02  3.69912339e-03  3.95000316e-02 -4.80152220e-02
  4.76359017e-02  3.00509892e-02 -3.03269774e-02  9.91088971e-02
 -1.37508996e-02  1.79689229e-02  2.76255812e-02 -3.59317064e-02
 -4.20183614e-02 -5.80643713e-02  1.22337984e-02 -4.73715318e-03
 -3.94709148e-02 -1.52279865e-02  5.16832480e-03 -3.56143564e-02
  6.13548197e-02  1.36915948e-02  6.20328262e-03 -4.02292460e-02
  1.13593927e-02 -5.89261390e-02 -3.79823633e-02 -2.06417907e-02
  4.06204872e-02 -1.78090744e-02  1.18222618e-02  3.10276132e-02
 -8.81485827e-03  3.30732390e-02  3.26416716e-02 -4.20739762e-02
  8.51858407e-03  3.68363671e-02 -3.72091979e-02 -8.72758217e-03
 -1.10688685e-02 -2.80499179e-02 -2.08816230e-02  4.87480871e-02
  3.08769010e-02  1.15407854e-02  5.60683981e-02 -7.12753311e-02
 -1.39128165e-02  1.26424162e-02  3.45206521e-02  5.23199141e-02
  1.37539592e-03 -5.36630768e-03  8.52698460e-03 -1.84834970e-03
 -4.04180735e-02 -9.45765972e-02 -1.63354147e-02  1.84701532e-02
  3.09528913e-02  2.36919317e-02  7.07370788e-03 -5.13128601e-02
 -3.63169983e-02  2.53053978e-02  1.76562276e-02  4.59898710e-02
 -9.14586429e-03  2.12355368e-02  1.57874860e-02  4.91602123e-02
 -1.82788521e-02 -4.49315384e-02 -2.15655938e-02  1.41237760e-02
  3.09690852e-02  2.55383551e-02  1.66676939e-02  3.14304460e-04
 -2.19277851e-03 -2.43811053e-03  3.07779596e-03 -5.74485287e-02
  1.87648628e-02 -2.31976472e-02 -9.72005632e-03 -6.30492568e-02
  3.28804292e-02  4.94721569e-02 -1.28896357e-02 -4.38729525e-02
 -6.49324432e-03 -3.27213071e-02 -1.59582905e-02 -6.93152919e-02
 -7.85862207e-02 -2.66681928e-02  2.51768157e-02  3.12543660e-03
  7.66400201e-03  3.10730077e-02  6.35007918e-02  3.45831960e-02
 -2.51313057e-02  7.51513522e-03  1.82043351e-02 -1.36692857e-03
  3.09227556e-02 -1.77063365e-02  2.03893762e-02  2.70948578e-02
  2.28268728e-02 -3.72330844e-02  3.08797732e-02 -4.85743061e-02
 -2.34513119e-01 -1.37780476e-02  1.32299750e-03 -6.60580397e-02
  1.62349418e-02 -2.91990973e-02  1.75959449e-02 -3.65933180e-02
 -1.69085767e-02  1.58259049e-02  3.56153026e-02  2.46066344e-03
  1.39000583e-02 -2.16163639e-02  5.41551923e-03  2.34819185e-02
  3.02514751e-02 -6.03537299e-02 -1.68749895e-02  1.26386876e-03
 -8.88092443e-04 -9.17357951e-02 -2.10183277e-03 -3.38200144e-02
  1.18534872e-03  4.74902466e-02 -1.62442680e-02 -2.04124264e-02
 -6.05129562e-02 -1.38893584e-02 -8.00326467e-03 -5.16696228e-03
 -4.66071554e-02 -1.21164760e-02  1.25860889e-02 -3.00093442e-02
  3.53627168e-02 -3.63372713e-02  1.84543878e-02  2.12786533e-02
  9.90149751e-03  4.52179424e-02  4.53103520e-02  3.64421606e-02
  4.76699658e-02 -3.34672779e-02  8.45108763e-04 -1.10503621e-02
  2.38046311e-02  5.37143312e-02 -5.54292649e-02 -6.10060152e-03
 -1.02843367e-01  3.81060727e-02 -4.31046225e-02  2.92083435e-02
  1.88678280e-02  4.82220724e-02 -5.19065335e-02 -2.08036811e-03
 -3.65162045e-02 -2.21370254e-03 -4.98963185e-02 -1.90511290e-02
 -3.79704535e-02 -2.19742116e-02 -9.50402673e-03 -4.15617563e-02
  1.78609025e-02  4.99338321e-02  1.55180497e-02 -2.59548263e-03
  4.43116622e-03 -6.87374622e-02 -1.56334154e-02  9.69985034e-04
 -4.89514023e-02  5.97272813e-02 -3.60894091e-02 -2.05598418e-02
  5.11381170e-03 -2.59639397e-02  2.48040762e-02  2.24930774e-02
 -1.49498759e-02 -4.64305244e-02 -2.60530622e-03 -2.74563860e-02
  1.61126126e-02  1.90323945e-02  5.33739887e-02 -5.72857782e-02
 -9.84320417e-03 -4.93488871e-02 -1.78754218e-02 -1.75906979e-02
 -2.20368220e-03  1.64541584e-02 -1.22190509e-02 -1.73764937e-02
  4.95903892e-03 -2.12028846e-02  2.29277499e-02  4.80527198e-03
 -3.43696587e-02 -4.67701349e-03 -5.70856221e-03  1.99390091e-02
  7.13348463e-02  4.38098190e-03  5.93392598e-03 -7.76625797e-03
 -4.20962311e-02 -6.52583912e-02  7.70118013e-02 -5.90061992e-02
  2.20800769e-02  5.72308153e-02  3.13895568e-03 -3.05794720e-02
 -4.54246998e-03 -3.05599067e-02 -4.28235270e-02  5.56457639e-02
 -1.08181998e-01  1.15529429e-02 -2.70458516e-02  4.92720008e-02
 -1.19415736e-02 -1.63553003e-03  4.14728187e-03  1.29088562e-03
 -1.61377515e-03  1.70327965e-02  4.85796444e-02 -6.38282346e-03
 -9.32493713e-03 -3.95875908e-02  2.81917900e-02  3.20132094e-04
 -2.68984381e-02  4.27217446e-02 -5.18392120e-03  1.72783714e-02
  3.28548327e-02  2.02548951e-02  1.64099876e-02 -9.51957423e-03
 -3.89165035e-03  1.95438713e-02  3.90657340e-04 -7.75711313e-02
 -1.90301836e-02 -3.32217738e-02 -6.20346479e-02 -5.22783585e-02
  1.98855028e-02 -3.09764764e-05 -1.61782261e-02 -2.80365581e-03
  1.85211916e-02  5.39370254e-03 -5.32753281e-02  3.95987444e-02
  2.97582299e-02  7.00908005e-02  1.87148079e-02 -2.88023762e-02
 -3.55942734e-03  5.10092042e-02  3.51140536e-02 -3.60386297e-02
 -1.92013606e-02 -5.88630512e-02 -2.21624710e-02  1.48889208e-02
 -5.67214284e-03  4.85678539e-02  1.91623643e-02  1.76295079e-02
  3.33560370e-02 -4.71455492e-02  8.67532659e-03  5.62263653e-02
  4.52516079e-02 -2.86316611e-02 -8.94710328e-03 -2.54538897e-02
  6.22327160e-03 -1.42697543e-02 -1.10156946e-02 -2.50166357e-02
  1.13218436e-02 -1.82012841e-02 -5.35927452e-02 -8.38999227e-02
  4.66967421e-03  2.52696294e-02 -3.59476954e-02 -4.35362123e-02
 -2.02396717e-02 -1.26149328e-02 -1.76402628e-02  5.30807599e-02
  8.69922049e-04 -2.14287359e-03  4.65571955e-02  3.80878635e-02
  3.11296154e-02  3.48243751e-02 -2.80881897e-02 -2.23037526e-02
  1.91432666e-02 -2.91172639e-02  3.75901652e-03  1.88089274e-02
 -4.01522927e-02 -4.92967553e-02 -5.57284765e-02 -2.94794068e-02
  2.93080918e-02  7.32039940e-03 -1.30560929e-02 -5.32159954e-02
 -2.24361066e-02  2.05693673e-03  3.63940336e-02 -3.65289324e-03
  1.51866563e-02 -5.57505079e-02  8.74312781e-03 -8.07335898e-02
 -1.02774844e-04 -3.64279305e-03 -8.65625031e-03  5.31582907e-02
 -2.99010221e-02  3.57151194e-03  3.04678772e-02  5.45534939e-02
 -2.56398004e-02 -3.50138023e-02 -1.93785951e-02 -3.90003505e-03
 -1.81115326e-02  3.48004512e-02  3.41105601e-03 -1.37521047e-02
 -7.34779984e-02  6.86926991e-02 -4.46619019e-02  4.74189930e-02
 -3.09640579e-02 -8.81328899e-03  3.54416668e-02 -7.51261041e-02
 -3.13607268e-02 -6.08918294e-02 -7.54909515e-02 -9.63391270e-03
 -1.63010638e-02  4.40601036e-02  1.80514231e-02  2.62971278e-02
  7.98804220e-03  1.44014414e-02  4.47232500e-02 -4.01425771e-02
  6.11797087e-02 -4.83779609e-02  2.12058960e-03 -2.87087318e-02
  8.43546819e-03 -4.62617772e-03 -2.12840773e-02 -4.94392812e-02
  1.73905548e-02  3.96805368e-02  3.77310589e-02 -5.01580350e-02
 -2.68951431e-02  1.03091663e-02 -8.74068681e-03 -2.62033399e-02
 -1.92864910e-02 -7.76141929e-03  2.46040188e-02 -1.56442598e-02
 -7.23759271e-03  5.90711087e-02  5.74260764e-02  2.74318177e-02
  3.48880142e-02  3.44035216e-02 -1.64688136e-02 -4.32996340e-02
  6.32663667e-02  8.77821632e-03 -6.68001398e-02  2.44392292e-03
 -3.11235106e-03  9.62635651e-02  4.02278826e-02  8.18610843e-03
  2.13155840e-02  3.68123353e-02  6.65318361e-03 -3.47444937e-02
 -5.15228808e-02  2.36976109e-02 -2.50068437e-02 -5.68417199e-02
  4.05808501e-02  1.37013812e-02 -1.16835572e-02 -3.04579753e-02
  1.01832487e-02  3.11869122e-02 -1.97657645e-02 -4.07017991e-02
 -2.32933965e-02  3.34626399e-02  5.81701547e-02 -3.38944141e-03
  4.44772169e-02  4.95313480e-02 -1.43670868e-02  5.93697047e-03
 -2.29727440e-02  9.78612825e-02  2.89927106e-02  7.91195855e-02
  9.19048302e-03  5.10847643e-02 -2.94637606e-02 -3.07598766e-02
 -6.94913417e-03  3.87748629e-02 -2.46272311e-02  6.30653948e-02
  6.09610230e-02  5.63668013e-02  3.85330059e-02  3.01760286e-02
 -1.11605041e-02  1.25432909e-02  3.44296102e-03  3.63047346e-02
  7.17735663e-02  6.68087928e-03  1.02080852e-02  3.61466291e-03
 -6.03648536e-02  2.08932813e-02  1.63368226e-04 -3.82393897e-02
 -3.96327209e-03 -4.02699709e-02 -5.23384325e-02  2.98961848e-02
  3.29569681e-03  5.85261062e-02  5.02800234e-02  4.11572941e-02
 -5.46324626e-02 -3.62666324e-03 -2.88434466e-03  3.71213555e-02
  8.07987154e-02 -1.79972220e-02  4.85826246e-02  5.25756739e-03
  1.50057848e-03 -2.12451797e-02  2.39141248e-02 -6.86919177e-03
  1.97474957e-02  1.36796050e-02  3.87287140e-03  4.28147689e-02
 -1.82525311e-02 -3.87885910e-03 -4.20113429e-02 -7.84968436e-02
  1.39182834e-02  1.12208491e-02 -4.66707088e-02 -3.36869359e-02
 -1.17957650e-03 -3.06336731e-02 -2.70804930e-02  2.12891190e-03
 -8.40596482e-03  2.42275558e-02 -3.90349254e-02 -4.68453914e-02
  3.48862186e-02  1.91180259e-02 -2.53916997e-02  3.67052853e-02
  2.48496477e-02 -2.28632204e-02 -6.19104058e-02  1.66583583e-02
 -1.12184361e-02  7.78673291e-02 -5.65102091e-03  1.48124527e-02
 -9.07867923e-02 -4.59370054e-02  6.60290122e-02  1.46560417e-03
 -5.56377396e-02 -1.74388033e-03  1.02805294e-04  3.45625775e-03
  7.72154704e-02  7.56023685e-03 -2.92213424e-03  5.64184273e-03
  2.17643473e-02  5.09785442e-03  4.96834405e-02  2.49508247e-02
 -2.03218311e-02  3.78940180e-02  4.19106409e-02  3.87611464e-02
 -1.59644969e-02  4.03875671e-02 -6.36922047e-02  5.99374361e-02
  4.62282496e-03  2.55968049e-03 -1.05031226e-02 -4.71634902e-02
 -1.27285691e-02 -2.85360664e-02 -2.11996809e-02 -2.79922001e-02
 -1.27330236e-02 -3.06690130e-02  2.99986470e-02 -1.71124507e-02
 -7.03819096e-02 -1.10361837e-02 -4.82897647e-03 -2.60582939e-03
 -2.82280464e-02 -3.28440825e-03 -4.70250212e-02  2.34974585e-02
  6.96883798e-02 -3.17834057e-02  3.58027610e-05 -5.74413780e-03
  2.54329983e-02  2.81137414e-02  2.97448095e-02  2.14885660e-02]","[np.float32(-0.07), np.float32(-0.03), np.float32(0.06), np.float32(0.02), np.float32(0.07), np.float32(0.0), np.float32(-0.01), np.float32(0.01)]"
review_para_3,"The Lenovo Y740-17IRHg is a 17.3-inch gaming notebook that displays all current games smoothly and also does a good job in all other areas of use. Our test unit is available for around $1500. Users can choose from a variety of configurations.

The preinstalled Lenovo Vantage software enables users to switch between various thermal modes, influencing fan use and power delivery. We ran our tests in the ""balanced"" mode. The other available modes are ""quiet"" and ""performance"".",312255,Lenovo,Lenovo Legion Y740-17IRH,2320.0,USD,312255_review_para_3,477,"[-7.06554810e-03  1.45115508e-02  6.15902394e-02 -1.80741884e-02
  6.59142137e-02  1.81637425e-02  1.37725929e-02  7.93242529e-02
 -2.81622051e-03 -3.61108519e-02  4.56023701e-02  2.51215100e-02
 -2.58833691e-02  3.73611823e-02  1.14159100e-02  3.30738202e-02
  5.30772656e-02  3.47544625e-02 -9.69051558e-04  1.45517234e-02
 -1.31415641e-02 -3.31503898e-02 -2.84718047e-03  4.74842712e-02
 -1.35602169e-02  3.98912020e-02  3.37634049e-02  1.47581557e-02
 -2.23797583e-03  6.22418709e-03  1.01504307e-02 -1.65912136e-02
  1.37925763e-02 -1.27621344e-03  2.82811783e-02 -2.34279409e-03
 -3.73004302e-02  6.18933737e-02 -3.65240127e-02 -1.72746032e-02
 -3.24739367e-02 -3.39868180e-02 -2.63348129e-02  1.02119902e-02
 -7.54384175e-02  1.74438972e-02 -1.73644163e-02  2.07678787e-02
 -5.86842336e-02  3.31180096e-02 -5.50464801e-02  6.90588132e-02
  9.70610511e-03 -5.88905253e-02  1.09477341e-02  2.16058288e-02
  4.24916819e-02 -4.31917831e-02 -2.41347998e-02 -2.96328068e-02
  8.21499228e-02  1.38306217e-02  2.53341403e-02  1.33217759e-02
  2.56436542e-02 -3.30486111e-02  6.28052801e-02  1.77923106e-02
 -5.62569499e-02  1.13946386e-03  7.50056049e-03  4.40439060e-02
 -8.87448434e-03 -3.87392156e-02 -1.93124302e-02 -5.16399890e-02
  1.95015576e-02  4.20760596e-03  6.80391192e-02  4.41369005e-02
  5.85419871e-02 -4.36548479e-02  1.72025952e-02  5.02869785e-02
 -6.99312426e-03 -2.85477154e-02 -4.92792279e-02 -1.13677811e-02
 -3.49776112e-02  5.81195168e-02 -6.80024223e-03 -3.46131399e-02
  5.37699126e-02 -2.42826855e-03 -1.64432470e-02  1.37077775e-02
  6.01935275e-02 -1.59101859e-02 -1.56104248e-02  7.39669241e-03
  2.36593150e-02 -3.85629945e-02  3.30471024e-02 -4.84979749e-02
 -3.68206985e-02 -2.04135757e-02 -2.96521410e-02 -2.66596787e-02
  1.88117139e-02 -3.09295580e-03  1.06740948e-02  9.83610866e-04
 -1.80696975e-02  5.56774214e-02 -4.65327688e-02  6.63806573e-02
  2.95643192e-02 -2.88075265e-02  7.76976766e-03  2.62002298e-03
  4.13920917e-02 -3.16366763e-03 -3.09828650e-02  4.31487113e-02
  4.46723253e-02  5.49194738e-02  8.20484292e-03  1.78153720e-02
 -2.89237741e-02 -1.11518852e-01  3.99792567e-02  2.88526621e-02
 -1.42071685e-02  5.86402416e-02  2.47962456e-02  3.98203321e-02
  1.22582950e-02 -3.97167616e-02  3.67429778e-02  1.27087692e-02
 -3.98014635e-02 -3.06118838e-02  1.74939949e-02 -4.51997519e-02
  2.07385570e-02  3.13087776e-02  4.82599111e-03 -7.40263909e-02
 -1.42813008e-02  6.09373162e-03 -2.32830327e-02 -3.18955164e-03
  1.23138456e-02 -2.03407425e-02  1.37403691e-02  3.28178704e-02
  4.00152914e-02  1.81891751e-02  8.17966834e-03 -5.58252521e-02
 -1.68888532e-02  7.22497469e-03 -4.95677181e-02  9.41416435e-03
 -2.11628657e-02  5.39851077e-02  1.69503950e-02 -7.00281467e-03
 -3.61543261e-02 -1.02998111e-02 -3.81461270e-02 -2.55277287e-02
  3.71349491e-02 -1.57693140e-02  3.35657666e-03  4.51545566e-02
  3.47868353e-02  1.97827779e-02  1.91970654e-02  1.25918258e-02
 -4.50517423e-02  5.88063616e-03  2.72635035e-02 -1.18718157e-02
 -3.50214578e-02 -1.23880832e-02  5.06978147e-02 -2.93156374e-02
 -2.50383560e-02 -1.04559753e-02 -7.42400512e-02 -2.92496383e-02
  3.20206918e-02  1.85389575e-02  5.09064645e-02 -6.04775138e-02
  4.48412336e-02  3.30458768e-02  3.80426412e-03  2.41354927e-02
 -4.10715230e-02 -5.40052280e-02  8.19173381e-02 -5.26579050e-03
 -8.01770538e-02 -6.38284236e-02 -1.18538749e-03  3.29211876e-02
 -2.47898437e-02  8.35223065e-04 -7.90391467e-04 -1.55569473e-02
  7.84180164e-02  6.63800538e-02  1.16891656e-02  1.61484890e-02
  2.06845738e-02 -3.71280330e-04 -1.21287601e-02 -2.20562983e-02
  4.18151133e-02 -1.04277665e-02  1.83344036e-02 -4.46805693e-02
 -4.00134139e-02  6.07525147e-02  1.90395284e-02 -5.49737476e-02
 -1.77570283e-02 -5.37164416e-03 -1.76811293e-02 -2.23345403e-02
  7.74580752e-03  3.02114375e-02 -6.82063475e-02 -5.70346508e-03
  3.49186324e-02 -3.92683223e-02  5.33111319e-02 -7.02839568e-02
 -1.14887115e-02  1.61866155e-02  3.43469856e-03  1.78112462e-02
  4.14224975e-02 -2.79430933e-02  2.70710811e-02  4.24348190e-02
  1.14353029e-02 -2.48713996e-02  2.98016742e-02  8.11850280e-03
  2.33072098e-02 -1.98876625e-03 -2.12870594e-02 -7.51993358e-02
 -3.45620625e-02  2.83839814e-02  5.25432713e-02  6.51960373e-02
  2.85425857e-02  8.64920393e-03  1.75176430e-02  4.06215414e-02
 -3.46672684e-02 -5.79533726e-02 -6.52394816e-02 -4.60275682e-04
 -1.81394666e-02  1.62201487e-02  3.28670889e-02 -1.86225642e-02
 -1.95884751e-03 -9.68804304e-03 -1.26452632e-02 -1.59559626e-04
  5.40371810e-04  8.15936550e-03 -3.17815207e-02 -8.30262154e-02
  2.18327735e-02  6.12857752e-02 -8.97298381e-03 -3.19135860e-02
  1.92759335e-02 -5.32038733e-02  2.42795739e-02 -1.81174148e-02
  3.32770427e-03 -3.24311876e-03  2.78472155e-02  5.42346053e-02
 -1.03966938e-02  2.65542548e-02  3.43625471e-02  4.13224511e-02
  3.43163572e-02  3.10789254e-02 -1.33752152e-02  5.25803454e-02
  6.24812907e-03 -1.10810781e-02  4.42234129e-02 -1.50168510e-02
  3.12457085e-02 -9.33556557e-02  5.33769429e-02 -7.23540485e-02
 -2.31742665e-01 -2.36837715e-02  9.32902005e-03 -6.15729466e-02
  5.18150479e-02 -2.65603587e-02 -1.50721343e-02 -4.09235433e-02
 -2.59368178e-02  4.95555028e-02 -8.25525168e-03 -9.59435492e-05
  3.38790268e-02  2.69594621e-02  4.29220833e-02  3.16565931e-02
  5.17837070e-02 -1.50720300e-02 -4.65558888e-03 -1.93228070e-02
 -1.21882055e-02 -8.21481049e-02 -7.90296718e-02  6.68762531e-03
  3.01506836e-03  1.74633246e-02  1.08794328e-02 -6.38343319e-02
 -7.14600384e-02  8.78741965e-03  3.11306817e-03  1.77590642e-02
 -4.60339449e-02  8.24261270e-03  1.55724492e-02 -9.74539667e-03
  4.73024771e-02 -2.75028069e-02  4.30829227e-02 -1.65309794e-02
 -6.08930422e-04  1.14635797e-03  3.81547469e-03  8.63612909e-03
  5.13994358e-02 -3.20662446e-02 -4.28204499e-02 -7.33927637e-03
  4.67990562e-02  6.45598322e-02 -7.01737008e-04 -3.18857469e-02
 -7.78416693e-02  3.71956415e-02 -3.92811783e-02  2.70710397e-03
 -1.92503929e-02  5.43676279e-02 -2.47650817e-02  2.88421325e-02
 -4.27618250e-02 -7.23060826e-03 -5.46310656e-02 -1.44842640e-02
 -6.19710609e-02 -3.51732448e-02  3.40719288e-03 -6.65086880e-02
 -7.75590446e-03  1.42932767e-02 -4.80240993e-02 -5.16753197e-02
 -2.87425444e-02 -8.71335864e-02 -3.22344936e-02 -9.38652921e-03
 -1.16046434e-02  8.08319151e-02 -2.99375243e-02  5.43092228e-02
 -2.51966831e-03 -3.35615836e-02 -2.30402015e-02  1.99183710e-02
 -3.07016410e-02 -1.17637878e-02  9.21360776e-03 -3.61957634e-03
  5.03334962e-02  3.65241952e-02  6.56666756e-02 -5.06412350e-02
  1.00479238e-02 -5.31691872e-02 -2.37407181e-02 -3.63726844e-03
  1.05529837e-02 -4.54405835e-03  3.88290919e-02 -4.15577553e-03
  5.70785115e-03 -3.07654440e-02  1.16661377e-02 -3.72990593e-02
  1.28159882e-03 -1.47268875e-02  1.62865929e-02  2.47241333e-02
  7.81010464e-02  5.02168238e-02 -4.34687501e-03 -8.45284015e-03
  8.70429724e-03 -1.41023071e-02  2.56856903e-02 -7.08618462e-02
  3.27764340e-02  5.53278662e-02 -2.86163064e-03 -2.11774018e-02
 -2.27589887e-02 -4.07216325e-02 -3.75822634e-02 -4.12338935e-02
 -3.88461798e-02  6.13188297e-02 -3.34662050e-02 -2.18567643e-02
 -1.68324970e-02  2.70296191e-03 -3.20938416e-02 -2.51944363e-02
  3.51359770e-02  6.00952692e-02  3.62077020e-02 -5.65153435e-02
 -5.38032083e-03 -1.79348495e-02  3.01350970e-02  3.20951566e-02
 -4.22129221e-02  2.43556388e-02 -1.37993777e-02  3.25224884e-02
 -6.42521027e-03  2.57188343e-02  1.65620726e-02  2.67499164e-02
  4.36619446e-02  3.82999107e-02  8.38783919e-04 -6.56860471e-02
 -1.77047346e-02 -4.25512493e-02 -6.16593771e-02  2.60891262e-02
  2.64575593e-02  5.22640417e-04 -5.13005331e-02 -2.76608281e-02
  8.29406921e-03  5.93870832e-03 -4.07187790e-02  3.87690701e-02
 -1.12303551e-02  5.29160984e-02  3.78144085e-02 -2.48781834e-02
  9.39480029e-03  3.75616774e-02  2.32831128e-02 -2.40361933e-02
  1.16363727e-02 -2.78047565e-02  2.73343883e-02  6.07452579e-02
  6.04537986e-02  1.23829124e-02  3.37250270e-02  5.07519208e-02
  3.60144936e-02  2.90370267e-02 -6.36968669e-03  1.00257844e-02
  1.54325701e-02  4.86705126e-03 -4.84754927e-02 -3.34160067e-02
  2.52021886e-02  2.40140110e-02 -2.74539995e-03  1.93610112e-03
 -1.95757747e-02  1.66616705e-03 -5.51764555e-02 -4.88641225e-02
 -2.23828703e-02  1.91330013e-03 -1.01760449e-02 -3.71523649e-02
 -9.44402302e-04  1.37610594e-03 -3.99087295e-02 -2.74209566e-02
  3.41589414e-02 -5.93118444e-02 -5.38557302e-04  1.73388720e-02
  4.65982631e-02  5.53031126e-03 -6.07435666e-02 -4.71616127e-02
 -3.21889631e-02 -3.81093882e-02  3.35480943e-02 -9.04699787e-03
 -6.42968807e-04 -7.25291818e-02  5.32275159e-03 -3.46470065e-02
 -9.64029133e-03  1.51168192e-02 -7.13015208e-03 -6.04339950e-02
 -2.78295372e-02  8.71775672e-03  2.86508743e-02 -2.70134546e-02
  2.22639684e-02 -4.30022143e-02 -1.01028495e-02 -6.57570064e-02
  5.04904464e-02 -6.48119580e-03  7.89382122e-03  6.81791380e-02
 -3.71527276e-03 -1.36298584e-02 -2.65209861e-02  9.59989801e-03
 -7.35982787e-03 -5.18635251e-02  1.07192574e-02  5.60877938e-03
 -1.10834907e-03  3.15374769e-02  5.38883777e-03  1.39388884e-03
 -2.45265607e-02  3.73970792e-02 -3.87897789e-02 -2.90180538e-02
 -2.61015687e-02 -1.17315329e-03  5.25512286e-02 -2.40013804e-02
 -4.66847932e-03  1.73243210e-02 -4.73459065e-02 -4.19383310e-02
 -3.76165062e-02  1.88525189e-02 -4.54231240e-02  6.85808733e-02
  1.76255275e-02  2.93129310e-02  2.65230127e-02 -4.65652868e-02
  5.67425340e-02 -7.35017955e-02 -1.19324122e-02 -1.31409867e-02
  1.69250593e-02  6.93936774e-04 -2.50542648e-02  1.50501402e-03
 -3.28161232e-02 -4.62867580e-02  5.23103625e-02 -2.69954558e-02
 -2.96110176e-02 -2.44077817e-02 -2.33764527e-03 -3.59490179e-02
  2.48177480e-02  2.17025112e-02 -3.41788158e-02  1.03007574e-02
 -3.11065484e-02 -2.27447809e-03  2.05236208e-02 -9.17205773e-03
 -7.86042772e-03 -4.37412551e-03 -7.31830075e-02 -3.94278429e-02
  5.41928038e-02  3.46562192e-02 -2.57588476e-02  3.72529998e-02
 -3.04539464e-02  4.85758148e-02  6.24433234e-02  1.91048929e-03
  5.01597784e-02  3.86045547e-03 -1.30720166e-02 -2.01103780e-02
 -9.70185548e-03  3.84560563e-02 -1.28338756e-02 -2.65584514e-02
  4.24245521e-02  2.17926465e-02 -1.41984019e-02 -9.00681503e-03
  1.69155020e-02 -8.29638168e-03 -3.97185870e-02 -3.16277370e-02
 -5.19250408e-02  2.90657580e-02  6.73422888e-02  2.58241445e-02
  5.62169589e-02  2.28333324e-02 -5.68756871e-02 -5.80286793e-03
  2.66546942e-02  4.96368632e-02  6.15432747e-02  4.66048196e-02
 -8.49036966e-03  5.74214570e-02 -5.58947809e-02 -5.71497642e-02
  7.75245670e-03 -4.33209464e-02 -7.10928515e-02 -6.94509363e-03
 -2.99332403e-02  3.41311060e-02  4.22758497e-02  4.63654175e-02
  1.19231353e-02  6.83157891e-02  1.25194732e-02 -4.12216457e-03
 -2.53068738e-05  5.36077097e-02 -6.09345618e-04 -2.68629007e-02
 -2.67420188e-02 -6.36664405e-03 -1.38080632e-02 -1.01440120e-02
  2.14204025e-02 -1.61516052e-02  1.00352720e-03  3.37744541e-02
 -1.12382323e-02  2.54185852e-02  5.37133776e-02 -3.18438932e-02
 -3.96402888e-02  2.66173226e-03  1.46519886e-02 -1.69363488e-02
  7.32961483e-03 -7.24938512e-03  5.26684970e-02 -2.98040432e-05
  1.71744991e-02  3.16482931e-02 -1.25913126e-02  1.65195018e-02
 -6.94033550e-03 -1.99481435e-02  8.49374570e-03  6.64207563e-02
 -1.34229418e-02 -1.94947869e-02 -2.11632270e-02 -5.26002347e-02
 -6.17133453e-02 -1.56622278e-04  1.17470301e-03 -3.62732378e-03
  1.45562354e-03 -2.41121426e-02  8.10700934e-03 -4.68287580e-02
 -3.20279039e-02  1.65616013e-02 -6.11288007e-03 -6.43444061e-02
  2.79084127e-02 -1.01670967e-02 -4.66287369e-03  8.59770030e-02
  5.42974211e-02 -3.30813676e-02 -3.42770331e-02  1.38347512e-02
  3.42620648e-02  4.54140566e-02  5.04330080e-03  3.51420058e-05
 -6.59021735e-02 -3.48284654e-02  1.11114234e-02  1.07409258e-03
 -4.50574160e-02  1.39754452e-02 -2.58584917e-02 -5.42530231e-02
  5.49640656e-02  1.04914643e-02  4.97072041e-02 -5.59487162e-05
 -1.05709219e-02  1.05288988e-02  6.48954287e-02  3.73337045e-02
 -9.22625139e-03  5.02768606e-02 -1.28504680e-02 -2.77713407e-02
 -1.70932543e-02  4.81744073e-02 -3.93816866e-02  3.98231633e-02
 -5.28665781e-02 -4.57354914e-03 -4.82215844e-02 -3.82058360e-02
  3.95370014e-02 -3.76773216e-02 -3.38976271e-03 -7.11438572e-03
 -3.32222111e-03 -1.36965299e-02  2.20403727e-02 -4.75543812e-02
  1.45668816e-03 -2.65072845e-02 -4.74263430e-02 -4.45776619e-02
 -5.21657392e-02  3.85131873e-02  1.17046349e-02  2.17265412e-02
  3.66514102e-02 -3.13534178e-02  1.39721204e-02 -1.62458755e-02
 -2.17694901e-02  1.02633936e-02  3.15218195e-02 -3.77234654e-03]","[np.float32(-0.01), np.float32(0.01), np.float32(0.06), np.float32(-0.02), np.float32(0.07), np.float32(0.02), np.float32(0.01), np.float32(0.08)]"
review_para_18,"HP puts the speakers b etween the keyboard and the hinges. They are marked with the ""Bang&Oluflsen"" logo and they are user facing, different from speakers of the Lenovo ThinkPad P1 or the Dell Precision 5530 . Those machines have speakers at the bottom of the system, which could sometimes impair sound quality. For a laptop, the speakers of the ZBook Studio G5 are pretty good. Their quality is better compared with the ThinkPad P1 and pretty much on the same level as the Precision 5530 ; though their positioning definitely gives a small advantage to the ZBook over the Precision as well.

The combo audio port worked flawlessly and offered a very good alternative to the speakers, as always.",412115,HP,HP ZBook Power G11 (A8WM3PT),3000.0,USD,412115_review_para_18,695,"[-4.43013795e-02 -6.47876039e-03 -2.31782979e-04  1.67401433e-02
  5.80041260e-02 -9.87392943e-03  1.83994155e-02  4.93188910e-02
 -5.02937241e-03 -5.65944090e-02 -3.30566093e-02  2.02673003e-02
 -2.59268694e-02  4.64576520e-02 -3.78699750e-02  3.73364724e-02
  8.10949802e-02  5.43854386e-03 -5.02881082e-03  5.67145310e-02
  1.49724195e-02  1.22173261e-02  2.02540029e-02  3.14160213e-02
 -1.65300183e-02 -1.34379799e-02  7.24549871e-04  2.53718030e-02
 -3.31452116e-02 -4.27657068e-02  7.56364465e-02  8.98911897e-03
  1.15986308e-02 -8.66773352e-03  3.65464799e-02 -1.10022686e-02
 -1.07513918e-02 -6.31094445e-03 -4.03568521e-02  1.76124629e-02
 -7.03430846e-02 -1.01560084e-02  2.80491766e-02  3.07678059e-02
 -8.22673813e-02  1.85651425e-02 -3.16184759e-02  4.64344919e-02
 -6.53670952e-02  1.16202980e-02 -5.85117228e-02  7.28841648e-02
  8.68840236e-03 -6.45183586e-03  8.99541471e-03  4.28612548e-04
  2.39555277e-02 -2.74015516e-02 -7.97122903e-03 -1.23597486e-02
  3.65670100e-02 -1.33611367e-03 -6.72074780e-03 -3.33143473e-02
  2.68643051e-02 -4.52188849e-02  3.49480771e-02  3.97684518e-03
 -6.29307032e-02 -3.51725356e-03 -6.82578981e-02  2.86991801e-02
  1.19677857e-02 -7.65480399e-02 -1.66917462e-02 -2.05031447e-02
  1.18541820e-02 -8.17868114e-03  8.70804563e-02  4.68200110e-02
  4.77162227e-02 -3.23114917e-02  8.59266613e-03  5.77480271e-02
 -2.17673276e-02 -1.62601154e-02  1.29283089e-02 -7.16293380e-02
  6.14481792e-03  3.92168164e-02 -3.08271796e-02 -5.11703454e-02
  4.32956070e-02  4.85119782e-02 -1.18704941e-02  2.09272793e-03
  5.44074588e-02 -2.89387498e-02  3.13411355e-02  1.67609658e-02
  3.23704770e-03 -4.67780605e-02 -9.50194895e-03  1.78561788e-02
 -5.02783731e-02 -2.61271466e-02 -4.20731232e-02 -1.50304502e-02
  2.97889709e-02  1.40744913e-02 -3.90586331e-02  2.41398884e-04
 -7.71058351e-03  4.12027724e-03 -2.35996153e-02  7.69088641e-02
 -3.06142457e-02  9.34404030e-04 -2.19770297e-02  2.62645818e-02
  3.76413353e-02  9.01561826e-02  1.79680949e-03  5.15106097e-02
 -8.15306511e-03  1.06144678e-02 -4.37179618e-02  6.14407510e-02
 -1.09545458e-02 -7.28688911e-02  3.12456936e-02  7.02273697e-02
  3.24784927e-02  2.39740666e-02  7.01312965e-04 -7.59850396e-03
  2.86818836e-02 -1.65643282e-02  3.38490941e-02  9.80278291e-03
  3.24740335e-02 -2.44694054e-02  1.07687907e-02 -3.36919213e-03
  6.12151884e-02 -1.73142832e-02 -5.09162620e-02 -3.29291299e-02
 -1.52573800e-02 -3.39377075e-02 -1.69727486e-02  2.03648433e-02
  1.23295477e-02 -4.51580733e-02  4.29133922e-02  2.33661029e-02
  2.56307125e-02  2.00318713e-02 -5.67370951e-02 -4.71868832e-03
 -1.66240092e-02  2.87726205e-02 -6.37698099e-02  3.33602428e-02
 -1.27469031e-02  5.67982309e-02 -1.71812437e-02  7.15676183e-03
 -4.07993458e-02 -8.10167659e-03 -2.38939654e-03 -4.33873292e-03
  5.79788610e-02  1.37789352e-02 -1.58790499e-02  3.87173630e-02
  4.39927205e-02  1.51512688e-02  4.21491005e-02 -7.56244967e-03
 -5.71368635e-02  5.07440493e-02 -1.79397184e-02  7.93389417e-03
 -2.38690376e-02  3.01934499e-02  1.69951860e-02 -1.80642158e-02
 -7.27209598e-02 -1.19129801e-02 -7.80610070e-02 -2.41614245e-02
  1.19990855e-02  2.70720534e-02  5.04326969e-02 -4.33067121e-02
  5.16902097e-02  1.40108429e-02  1.11941341e-02  2.96795368e-02
 -8.50506965e-03 -4.98374552e-02  1.91156734e-02 -1.30859828e-02
 -8.02595690e-02 -2.25460213e-02  2.16549239e-03 -4.04784903e-02
  1.66193787e-02  2.49662902e-03  1.68600846e-02 -2.46187728e-02
  8.20877776e-02  5.25570288e-02  2.31681559e-02 -2.60393843e-02
  2.91739181e-02 -5.97512610e-02 -1.51171777e-02 -3.03446092e-02
 -2.06447821e-02  7.30189215e-03  9.14856791e-03  3.62471305e-02
 -4.49712873e-02  8.97744894e-02  3.82597409e-02 -8.85424949e-03
 -6.20628335e-02  7.64531419e-02 -6.77110674e-03 -5.09114331e-03
  1.37968399e-02  1.31770317e-02 -3.40670906e-03  1.25467777e-02
 -2.92649847e-02 -1.64447837e-02  5.59776537e-02 -6.86294883e-02
 -2.99707986e-02  2.77047865e-02 -4.32681702e-02  3.33638005e-02
 -4.88773920e-03 -1.46297989e-02  2.63492726e-02 -1.81298386e-02
 -1.18065327e-02 -4.13195640e-02 -2.88944729e-02  6.52659498e-03
  2.79846806e-02 -3.20697092e-02 -2.98619270e-03 -4.77020852e-02
 -1.44956587e-02  4.40027751e-02  4.11199741e-02  4.28304784e-02
  9.07765701e-03  1.53413592e-02  1.62855797e-02  5.58586828e-02
 -4.58709896e-03 -6.60126358e-02  7.01977173e-03  2.92741284e-02
 -2.27618380e-03 -1.42029561e-02 -5.94258483e-04 -1.80500504e-02
 -3.10966186e-02  2.35503558e-02 -2.90449802e-03 -1.87261906e-02
  2.86909821e-03 -3.46221924e-02  1.97433066e-02 -5.81668019e-02
  3.18465941e-02  6.66009486e-02 -3.77254821e-02 -8.57707262e-02
 -1.25110452e-03 -3.25738750e-02 -2.27408931e-02 -4.78478335e-02
 -3.50392051e-02 -1.31042311e-02  2.41179485e-02 -5.92299877e-03
  2.78793712e-04  1.31100155e-02  4.54580411e-02  3.35246027e-02
  2.92894915e-02  1.32521801e-02 -7.17950379e-03  1.48117263e-02
 -9.96845961e-03  8.26989412e-02  4.80322987e-02  4.06109402e-03
 -3.53687182e-02 -5.92179485e-02  3.71372476e-02 -5.04634455e-02
 -2.30562642e-01  2.27175504e-02  2.76572816e-02 -6.55383617e-02
  1.68385524e-02 -3.61741446e-02  2.68459227e-03 -6.94229603e-02
 -7.40646645e-02  6.49695005e-03 -2.73469021e-03  2.63404455e-02
 -6.60495088e-03  8.34288634e-03  6.40645623e-03  1.33715030e-02
  2.28923857e-02 -1.12287551e-02 -2.14531329e-02 -1.91104207e-02
  3.85351405e-02 -6.48465902e-02 -6.64216513e-03 -1.40973134e-02
  4.01554368e-02  4.03329916e-02  1.60360355e-02 -2.21366845e-02
 -8.35078135e-02 -1.03950631e-02 -5.98329992e-04 -1.40011385e-02
 -5.90484105e-02  1.74423158e-02 -2.02946868e-02  1.47694396e-02
  1.64452177e-02 -1.75500121e-02 -8.38879216e-03  4.71715257e-02
 -1.49547672e-02  5.98415267e-03  3.11356299e-02  4.48010787e-02
  3.40522677e-02 -1.50585929e-02 -1.82628352e-02 -2.62656645e-03
  4.13919939e-03  6.36794269e-02 -4.31869999e-02 -4.11725752e-02
 -5.35542592e-02 -8.90900730e-04 -2.38994472e-02  1.54688507e-02
  1.99509244e-02  3.20656858e-02  1.27167264e-02 -9.73369740e-03
 -5.06811589e-02  1.26095144e-02 -7.83493519e-02 -5.99015839e-02
  2.49399450e-02  5.24033312e-05 -3.41367871e-02 -2.75373203e-03
  4.72144671e-02  3.88991907e-02  1.58907361e-02 -2.44437009e-02
  1.11326100e-02 -8.95168111e-02  4.61063683e-02  1.36639327e-02
 -2.27547549e-02  1.90128328e-03 -3.39239500e-02  2.49597598e-02
 -1.84242632e-02 -8.04175343e-03 -1.45916967e-02 -5.78486873e-03
 -1.37594137e-02 -6.13803882e-03 -4.24431078e-02  4.94181029e-02
  8.22645333e-03  1.40058054e-02  5.68665899e-02 -5.49970232e-02
 -4.86068986e-02 -4.76178564e-02  1.69608910e-02  3.27722766e-02
  1.35798380e-03 -2.69073620e-02  5.79832830e-02 -4.70518414e-03
 -6.34551188e-03 -7.07339868e-03  3.26384977e-02 -2.97199283e-03
  1.24233048e-02 -1.18180001e-02 -1.39940083e-02 -1.18710874e-02
  1.94622278e-02  6.22841530e-03  2.10722294e-02 -1.50581682e-02
 -1.89470984e-02 -6.35378733e-02  4.32944298e-02 -6.36826605e-02
  3.60867530e-02  9.30047259e-02 -7.18566822e-03 -2.26524118e-02
  3.06380372e-02  2.44960934e-02 -3.87525670e-02 -1.19016552e-02
 -1.23229839e-01  6.72449246e-02 -1.78851485e-02 -6.05833624e-03
 -7.23329093e-03 -1.92838144e-02 -3.91381159e-02  6.32319925e-03
  1.10857971e-02 -1.12900008e-02  6.59404621e-02 -2.65533049e-02
 -5.54495119e-03 -3.96723747e-02 -1.57648511e-02 -7.08222797e-04
 -4.54400741e-02  2.80419979e-02  9.12637077e-03 -2.43907049e-02
  1.51112378e-02  4.16703448e-02 -6.09585736e-03 -1.53842838e-02
  2.29075574e-03  6.71471749e-03  2.87813265e-02 -5.52860014e-02
 -1.18005220e-02 -1.04549304e-02 -1.40041159e-02 -2.45738681e-02
  3.60491239e-02  1.54438363e-02 -5.26695885e-02 -5.51379025e-02
  4.53125611e-02 -2.34086830e-02 -1.25745125e-02  3.91737446e-02
  3.07665654e-02  6.72918931e-02 -8.63174722e-03 -1.27070853e-02
 -5.13845235e-02  4.04892936e-02  1.63870994e-02 -4.57273759e-02
 -7.49861309e-03 -2.08606552e-02  4.87703495e-02  1.60367582e-02
  1.36745628e-02  8.36337954e-02 -6.38029480e-04  4.67993878e-03
  3.69233005e-02 -1.21921711e-02 -1.57954416e-03 -2.67978162e-02
  3.46669555e-02 -4.11278941e-02 -3.89770381e-02 -1.58826392e-02
  3.51276132e-03 -6.18373193e-02 -3.92074026e-02 -4.14721034e-02
  1.61482245e-02 -2.93483175e-02 -2.82157343e-02 -5.64419404e-02
  1.48079842e-02  3.05055883e-02 -4.12865393e-02 -4.63593602e-02
 -3.52102779e-02 -1.81969218e-02 -8.75538681e-03  2.08810829e-02
  2.87969392e-02 -3.96428406e-02  2.72911526e-02  1.26801655e-02
  2.24640146e-02  7.70621300e-02 -4.16327119e-02 -1.49264112e-02
 -2.33542304e-02  2.38006376e-02  7.61687988e-03 -2.98429821e-02
 -5.56557579e-03 -6.17867373e-02  8.75089143e-04 -2.79438565e-03
 -4.29074019e-02 -5.54114580e-03 -6.58249035e-02 -5.00533506e-02
 -2.31883265e-02  2.56545469e-02  2.66062981e-03  6.52672276e-02
  4.50069159e-02 -1.12003207e-01  1.99070685e-02 -5.03886007e-02
 -2.90101208e-03  3.46672051e-02  8.50582402e-03  1.25438161e-02
 -7.35168159e-03 -2.53034141e-02 -1.94994323e-02  3.19746062e-02
  2.97089778e-02 -1.68715268e-02  1.86806768e-02 -1.14454865e-03
  1.51501466e-02  3.14610824e-02  2.50550415e-02 -5.90457814e-03
 -3.03952377e-02  5.09905815e-02 -2.53780349e-03  4.64452654e-02
 -1.05048614e-02 -7.97929335e-03  2.99225119e-03 -5.13644293e-02
 -4.44586203e-02 -1.82841369e-03 -4.76404615e-02 -2.91403127e-03
 -1.64339971e-02  4.67592552e-02  3.91522646e-02  1.82648376e-02
  3.53051051e-02  4.28711949e-03  2.32340638e-02 -3.24130319e-02
  7.94148967e-02 -3.04668117e-02  1.30320759e-02 -2.45746821e-02
  1.35286264e-02  1.70063097e-02  4.54978421e-02 -2.60888021e-02
 -3.62582989e-02 -7.46215042e-03  4.37338017e-02 -3.72259505e-02
 -2.44625136e-02 -3.08226254e-02  2.84169354e-02 -4.17942628e-02
 -9.81722958e-03  7.10801687e-03  1.68061275e-02  4.66965558e-03
  2.27628797e-02 -4.10288721e-02  1.15761822e-02  3.90178934e-02
  4.92638648e-02  5.37983328e-02 -1.59138646e-02  9.62463953e-03
  1.66682284e-02  2.60708965e-02 -1.97020406e-03  8.47396348e-03
 -3.72667238e-02  4.59294878e-02  4.62574139e-02  3.79934795e-02
 -1.22521240e-02  9.27951559e-03  2.54597259e-03 -8.91756415e-02
  3.08007412e-02 -4.43755696e-03 -1.62214246e-02 -2.28217859e-02
  1.85498297e-02  3.72669771e-02 -3.65859456e-02  2.96650715e-02
  4.13442031e-02  2.67423652e-02 -2.26915609e-02 -3.61554176e-02
 -2.71149613e-02 -7.11360499e-02  7.47727463e-03  1.84825398e-02
  4.51222099e-02  3.23143750e-02 -1.51511943e-02 -5.33663779e-02
  4.07428481e-02  7.06782714e-02  5.27186804e-02  2.49188803e-02
  4.19544168e-02  2.54391339e-02 -5.12833036e-02 -5.00492901e-02
 -2.42592152e-02 -2.62887757e-02 -3.65012884e-02  1.19768083e-02
 -8.67315568e-03 -8.88582086e-04  3.89215276e-02  5.47853857e-02
 -4.37273551e-03  8.95294361e-03 -5.99868270e-03  2.76748184e-02
  2.02722102e-02  5.65231591e-03 -1.30295148e-02  1.72292236e-02
 -3.25170197e-02 -1.02688698e-02  8.20078235e-03 -2.00021304e-02
  2.47915685e-02  3.32187340e-02 -7.27455644e-03  1.33474516e-02
 -6.86610074e-05  6.35328442e-02  4.28287685e-02  4.65855841e-03
 -7.22133443e-02  4.19516638e-02  8.18931125e-03  4.48121643e-03
  5.46381697e-02  7.15005677e-03  1.05853165e-02  7.60316243e-03
  1.11907907e-02  2.01620534e-03 -9.53385141e-03  1.90414600e-02
  2.49885339e-02 -1.31101217e-02 -3.84358177e-03  5.04587330e-02
  1.15542840e-02 -1.05607826e-02 -8.27765539e-02 -3.12115531e-02
  8.46512709e-03  8.07661284e-03  2.13953964e-02  1.73753942e-03
 -4.89283800e-02 -7.35860271e-03  2.16581170e-02 -3.36773023e-02
 -1.26337251e-02 -1.46621410e-02 -6.34595230e-02 -6.53567165e-02
  3.49077731e-02  6.92164805e-03 -1.35223651e-02  9.55642164e-02
  3.73598300e-02 -1.71324704e-02 -4.57039028e-02  6.69818372e-02
 -3.39268744e-02  4.27312888e-02 -5.70691712e-02  1.00382604e-02
 -1.01801015e-01 -7.18203047e-03  1.54824760e-02  5.62090278e-02
 -3.79359759e-02  2.24315803e-02  3.92220840e-02  2.36247113e-04
  1.94508508e-02  7.65755698e-02  3.49851162e-03 -1.16899740e-02
  2.35017128e-02  8.29408690e-03 -1.50230322e-02  3.73746678e-02
  9.67628416e-03  3.40756625e-02  5.13141714e-02  1.92648917e-02
 -4.58947243e-03  1.42969405e-02 -5.42822853e-03  4.47737575e-02
 -9.62535106e-03 -4.90587689e-02 -6.03930615e-02 -4.83663417e-02
  1.74004287e-02 -4.32741754e-02 -2.28181481e-02 -8.29158351e-03
  2.43426915e-02 -2.94809118e-02  4.20909235e-03 -3.82682751e-03
 -4.09886427e-02 -3.63457166e-02 -3.37458923e-02 -1.88115705e-02
 -1.78714711e-02  6.37476798e-04 -1.74925216e-02 -4.20926176e-02
  3.87689658e-02  1.96422469e-02  1.20041231e-02 -2.25615464e-02
 -2.31701881e-02  4.25665975e-02  1.59398690e-02 -7.41835386e-02]","[np.float32(-0.04), np.float32(-0.01), np.float32(-0.0), np.float32(0.02), np.float32(0.06), np.float32(-0.01), np.float32(0.02), np.float32(0.05)]"
review_para_14,"One highlight of the affordable device is its Full HD display, although the resolution is about the only thing we can praise it for. The screen brightness and deviation of colors and grayscales are disappointing. However, most competitors have similar display values. We were a lot happier with the system performance. Thanks to the included SSD storage, applications always respond quickly. Unfortunately, Lenovo has made it impossible for the IdeaPad to use dual-channel RAM, which could have given its graphics performance an additional boost. Talking of graphics: The integrated chip is just good enough for everyday applications and gaming with old classics. The passive cooling means that the CPU can only hold its maximum clock rate for a very short time.",411488,Lenovo,Lenovo Ideapad Slim 3i 15iAH8 (83ER00MCIN),545.0,USD,411488_review_para_14,762,"[-1.82508882e-02 -3.74412835e-02 -5.50748501e-03  3.28042805e-02
  5.94204515e-02  9.65502206e-03 -3.67525630e-02  4.86901440e-02
  2.30454020e-02 -7.04822317e-02  3.10805012e-02 -6.98140706e-04
 -1.03302562e-04  4.82933372e-02  2.39293836e-02  4.70519587e-02
  6.00623749e-02  6.69536553e-03  3.32544348e-03  3.12935263e-02
 -1.14873322e-02 -8.30939598e-03  1.04272403e-02  4.89218086e-02
 -9.67884960e-04 -2.30225325e-02  1.03062550e-02  1.20015312e-02
 -3.98282669e-02 -3.35530154e-02  1.15050003e-02 -6.68797130e-03
 -3.79915349e-02  9.06690769e-03  3.57582830e-02 -1.03417300e-02
 -4.75893840e-02  5.94693422e-02 -4.91257161e-02 -1.52869839e-02
 -7.14122653e-02 -3.89260240e-02 -1.17476834e-02  2.53146663e-02
 -7.53510520e-02 -6.89054467e-03 -1.83338635e-02  1.93755273e-02
 -4.43775654e-02  4.34951745e-02 -5.61004989e-02  6.40113726e-02
  3.98552679e-02  8.43202602e-03  2.52679959e-02  2.66353004e-02
  1.63247883e-02 -3.75362560e-02 -1.88311618e-02 -2.08791215e-02
  3.67513150e-02 -1.33162057e-02  2.66840507e-04  1.66675728e-02
  1.08932657e-03 -6.63576946e-02  1.40907941e-02 -2.29932200e-02
 -5.79268932e-02 -1.85442902e-03 -3.67340818e-02  1.13415457e-02
 -7.06008542e-03 -4.34068181e-02  7.22264824e-03 -4.26351801e-02
  2.67627090e-02 -1.80585235e-02  6.80830255e-02  1.44172469e-02
  1.32510960e-02 -4.60841926e-03  1.25608202e-02  6.64410144e-02
 -2.49285940e-02  6.95659360e-03 -1.68938600e-02 -2.45097056e-02
 -4.33737375e-02  3.00341751e-02 -2.87882332e-02 -1.23911258e-02
  6.21619634e-02  2.70415097e-02 -3.51795368e-02 -1.99503079e-02
  5.48764281e-02 -3.49276066e-02  3.37478593e-02  4.29678112e-02
  2.67657246e-02 -3.40605490e-02 -8.99854396e-03 -5.69930598e-02
 -5.52669801e-02 -3.19473096e-03 -3.45486701e-02 -2.41810009e-02
  3.37698013e-02  1.78878475e-02 -9.64190532e-03  4.97879740e-03
  2.01676856e-03  2.03636140e-02 -6.94417059e-02  5.29689938e-02
 -1.95674188e-02 -3.45672965e-02 -3.54629271e-02 -2.27958262e-02
  2.61927787e-02  5.54340817e-02 -1.34360781e-02  2.50446033e-02
 -1.86781585e-02  1.68997981e-02  1.00426972e-02  1.60471443e-02
 -2.66196541e-02 -3.95788439e-02  5.72937652e-02  5.60712442e-02
 -9.21016838e-03  2.97615137e-02 -1.55025749e-02  2.15642359e-02
  3.45991328e-02 -1.86932050e-02 -1.60791129e-02 -5.36039239e-03
 -2.05941927e-02 -4.21714224e-02  2.96813343e-02 -7.20625510e-03
  4.95518856e-02 -7.82567449e-03  4.46890816e-02 -2.92294519e-03
 -1.76418945e-02 -6.22961931e-02  1.34047512e-02  2.02680491e-02
 -2.86087003e-02 -3.99550386e-02  2.37813648e-02  5.58452718e-02
  2.79321931e-02  1.48052198e-03 -4.12420519e-02 -3.45865567e-03
  1.37287388e-02  2.05435138e-02 -5.80842271e-02  1.52491219e-02
  1.60905253e-02  4.31712791e-02  1.50453923e-02 -2.20129583e-02
 -4.16715518e-02  3.23640406e-02 -9.92809515e-03 -3.53459176e-03
  4.20269966e-02 -7.23094679e-03 -1.14338482e-02  1.01375438e-01
  7.11190253e-02  3.96897271e-02  2.13095583e-02  2.14531198e-02
 -7.01975524e-02 -2.07282566e-02 -8.14337749e-03  9.10557341e-03
 -3.20443809e-02  5.83119458e-03  5.78611642e-02 -2.05452321e-03
 -7.24438354e-02 -6.83076605e-02 -6.52597249e-02 -3.34735811e-02
  2.26198286e-02 -5.67146984e-04  3.89367677e-02 -5.17045893e-02
 -1.31499348e-02 -3.04943905e-03 -1.47334663e-02  3.93781215e-02
  7.74902105e-03 -1.05403541e-02  2.62550730e-02 -4.75225821e-02
 -7.71825388e-02 -1.85183156e-02  3.08465213e-02 -2.36234460e-02
 -2.66289022e-02  2.92488071e-03  2.52123969e-03 -2.52796467e-02
  4.61522788e-02  4.03855368e-02  5.14967963e-02 -1.32392682e-02
  2.92016808e-02 -5.32794371e-02 -5.64842392e-03 -7.67607521e-03
 -1.47373183e-02 -1.91757940e-02  1.54850045e-02  1.81600059e-04
 -6.49993913e-03  8.29231888e-02  1.09823318e-02 -5.40127531e-02
  1.14672668e-02  3.75347175e-02 -2.00474896e-02 -8.74091033e-03
 -5.37124230e-04 -6.79277629e-03 -3.91904712e-02  8.99007265e-03
  1.08959014e-02 -1.66092440e-02  4.90914583e-02 -3.63918059e-02
 -2.93473229e-02  4.70361561e-02  7.49647664e-03  6.82481527e-02
  1.78801976e-02 -1.83658116e-02  4.25356068e-02 -4.47372161e-03
 -4.79210541e-02 -5.36558814e-02 -4.50399853e-02  1.63415037e-02
  4.63529043e-02  8.92367773e-03  4.56640795e-02 -7.11054951e-02
 -4.36927676e-02 -4.66044713e-03  1.61010772e-02  4.73706573e-02
  1.93261188e-02  3.44230756e-02  3.47886570e-02  6.31412119e-02
 -4.92374524e-02 -7.16931522e-02 -4.58586402e-02  1.28951129e-02
 -2.44822986e-02  4.31859493e-02  4.35928591e-02 -3.09775602e-02
 -2.29315199e-02 -1.87827796e-02 -1.14593208e-02 -1.99808907e-02
  5.00911055e-03 -7.53003219e-03  1.65223423e-02 -3.56303528e-02
  3.47093754e-02  9.04697552e-02 -9.16425884e-03 -7.20855519e-02
 -1.93036832e-02 -1.88371409e-02  4.16619703e-03 -2.12763306e-02
 -7.19697475e-02  2.97461543e-02  6.16218485e-02  9.15739685e-03
  1.07487477e-02  2.88851615e-02  7.09972158e-02  5.25184348e-02
  4.92832139e-02 -2.34589335e-02 -5.08466735e-03  2.42581498e-02
  1.71321649e-02 -1.07999649e-02  6.40447438e-02  1.65261719e-02
  2.15872712e-02 -5.42604104e-02  5.46884835e-02 -3.89260575e-02
 -2.43498519e-01 -4.56040696e-04  4.34988588e-02 -6.45219162e-02
  1.97434518e-02 -3.41232680e-02 -2.23843809e-02  1.56199653e-03
 -3.48127186e-02  3.04491743e-02  2.97815409e-02 -2.31857039e-03
 -1.26270596e-02  1.89396460e-02  1.76179036e-02 -9.24336724e-03
  4.36717086e-02 -1.90842710e-02 -3.88697013e-02 -6.53867563e-03
  2.47332174e-02 -6.65122345e-02 -2.93920636e-02  9.12551396e-03
  3.51328813e-02  4.24065217e-02  1.37785939e-03 -1.88723020e-02
 -7.82486200e-02 -1.99732017e-02 -3.58269503e-03 -2.51975749e-02
 -2.38087121e-02  4.40082885e-03 -1.86862964e-02 -2.69926805e-02
  3.78228351e-02 -2.64332648e-02 -1.11068692e-03  5.85232303e-02
 -1.05562303e-02  1.31803437e-03  2.51363087e-02  1.89341437e-02
  2.36948431e-02 -2.05936749e-02 -8.47384930e-02  3.03858100e-03
  3.42049375e-02  6.20602742e-02 -3.66609246e-02 -1.89590808e-02
 -7.93736279e-02  3.61080915e-02 -5.56663238e-02  2.89891697e-02
 -1.44700939e-02  1.11210085e-02 -3.27398330e-02  3.21561377e-03
 -6.01286031e-02  1.34488810e-02 -7.15252385e-02 -2.18800120e-02
 -3.08382623e-02 -1.04028378e-02  2.53796931e-02 -7.04623573e-03
  3.10699139e-02  8.28400031e-02 -5.63394162e-04 -1.26657188e-02
  1.51147498e-02 -8.38091373e-02  1.11804008e-02  1.44287450e-02
 -3.19363922e-02  3.56424898e-02 -2.55818386e-02  3.20946835e-02
  1.03228902e-02 -3.12789269e-02  8.22421722e-03 -8.64487886e-03
  1.11822900e-03 -5.52074872e-02 -3.39209475e-03 -1.16407871e-02
  2.99384445e-02  3.60145085e-02  6.47418946e-02 -3.02593037e-02
 -1.80941005e-03 -2.34404709e-02  1.29334107e-02 -1.22595085e-02
 -3.27684777e-03 -9.88076720e-03  4.88794688e-03 -1.52860051e-02
  3.02838627e-02  5.69864502e-03 -2.58506835e-03  3.29001211e-02
 -5.07212505e-02 -2.61991434e-02 -3.48136178e-03  3.00439391e-02
  4.74435873e-02 -7.42649985e-03  2.87341140e-03 -4.28443449e-03
  3.17090796e-03 -3.71979140e-02  8.93606022e-02 -2.49813013e-02
  5.75514473e-02  5.26969023e-02 -1.97302550e-02 -2.40799971e-02
 -2.43425481e-02  2.30367738e-03 -1.95723716e-02 -2.53769010e-03
 -7.56397843e-02  1.18834060e-02 -1.54212554e-04 -9.38136224e-03
 -2.35800184e-02  5.19691082e-03  1.84361618e-02 -3.60401273e-02
  1.17910327e-03  2.59020142e-02  3.66294160e-02 -5.52813411e-02
 -8.54818057e-03 -8.05428438e-03  6.62016729e-03  1.50342714e-02
 -3.60731245e-03  3.93354222e-02 -7.86583219e-03 -3.52580403e-03
  3.06940582e-02  4.34459979e-03  3.63940112e-02 -4.52219043e-03
  1.58067867e-02 -5.72786527e-03  1.40807852e-02 -9.73510221e-02
 -2.89942063e-02 -3.83765660e-02 -4.95600477e-02 -2.96529084e-02
  3.79960686e-02 -1.50440130e-02 -2.44462006e-02 -4.39426862e-02
  9.02600400e-03  3.51193622e-02 -8.10620114e-02  2.55348478e-02
  3.52813600e-04  6.21752702e-02  1.54718598e-02 -1.64777599e-02
  3.43533419e-02  4.76319939e-02  2.67296620e-02 -3.55924778e-02
 -7.36794528e-03 -3.13617736e-02 -8.04226287e-03  3.31123769e-02
  7.63239246e-03  2.52622608e-02  1.68053918e-02  2.82295160e-02
  2.15645488e-02 -1.91683415e-02 -2.18328442e-02  2.28774101e-02
  4.48326133e-02 -4.10634428e-02 -1.25901746e-02 -1.19520053e-02
 -9.03874927e-04 -9.71317664e-03 -3.43678594e-02 -1.57914832e-02
  1.17714582e-02  6.34224899e-03 -2.59641688e-02 -6.38052151e-02
  1.15187550e-02  1.22513482e-02  5.89708565e-03 -5.41148707e-02
 -1.74936112e-02  2.36980636e-02 -5.04881404e-02  9.07372683e-03
  1.77070405e-02 -4.96752821e-02  4.24674600e-02  3.48598734e-02
  1.19653577e-02  2.99162231e-02 -5.87994792e-02 -3.33114937e-02
 -4.78653572e-02 -2.44234391e-02  2.23410055e-02  3.56845632e-02
 -1.84960868e-02 -7.58641809e-02 -2.41142586e-02 -1.30238915e-02
 -2.66954619e-02  6.80891424e-03 -2.26881560e-02 -5.26397303e-02
 -4.67341207e-02 -6.75802631e-03  1.51693737e-02 -4.19720151e-02
  1.45283723e-02 -6.62980527e-02  4.19976078e-02 -7.09413514e-02
  9.41510871e-03  2.45644934e-02  5.06180385e-03  7.87816048e-02
  2.44627520e-02  2.42838431e-02  6.94693998e-03  2.55845003e-02
 -2.04838235e-02 -4.01099138e-02 -2.49891565e-03  3.20679089e-03
  1.67310480e-02  7.35080689e-02 -2.56992429e-02 -1.77749165e-03
 -7.17715994e-02  8.99553746e-02 -2.23493632e-02  1.15887880e-04
 -1.86975859e-02 -1.96701866e-02  4.09561656e-02 -7.52383918e-02
 -3.93810272e-02 -2.56919656e-02 -7.48834237e-02  6.13502134e-03
 -3.41699123e-02  7.67337764e-03  1.66023001e-02  5.91797009e-02
  1.34083647e-02  3.73985469e-02  4.37296666e-02 -3.87511216e-02
  7.57988170e-02 -4.47712466e-02  9.68406256e-03 -3.72269228e-02
  3.68433213e-03  4.61712033e-02  2.26538908e-02  1.79798882e-02
 -3.48114260e-02 -1.83454212e-02  7.00108036e-02 -4.08550240e-02
 -2.41206903e-02  2.25885399e-02  3.07092667e-02 -2.30826512e-02
 -9.45580905e-06 -1.60851069e-02  1.79636832e-02 -5.80593757e-03
 -2.02077162e-02 -2.33910177e-02  4.12255339e-02 -3.51766939e-03
  4.67456132e-02  2.34947372e-02 -2.99329646e-02 -3.93399782e-02
  1.94489732e-02  1.04702953e-02 -3.98607887e-02  1.17332442e-02
 -1.61463451e-02  7.84350485e-02  5.25908545e-02 -1.17372172e-02
  1.32845398e-02  1.95068996e-02 -1.21390894e-02 -3.35240141e-02
  1.36107870e-03 -1.03572225e-02  3.46054760e-04 -4.90071885e-02
  5.06703779e-02  2.86583453e-02 -4.47553098e-02  2.02433988e-02
  2.47935555e-03  3.59259956e-02 -7.21008005e-03 -6.10147901e-02
 -8.57978873e-03  4.55512814e-02  3.45974639e-02  5.83435968e-03
  7.11932257e-02  4.01264951e-02 -2.07302179e-02 -4.53971848e-02
  1.69210434e-02  8.56391042e-02  4.22026999e-02  5.25669940e-02
  2.20218226e-02  4.14986312e-02 -2.09147464e-02 -5.06620817e-02
  1.85885485e-02 -1.83464512e-02 -3.24356519e-02 -2.73550134e-02
  2.55241897e-02  1.31707285e-02  2.02466473e-02  4.04797234e-02
 -2.10761093e-03  3.23693305e-02  8.07959810e-02  3.85185294e-02
  2.48073116e-02 -1.53579423e-03  1.16926888e-02 -1.22788623e-02
 -4.14459817e-02  1.26868431e-02  6.02127006e-03 -3.98301221e-02
  1.71950236e-02 -5.31309322e-02 -5.53045841e-03  1.86655391e-02
  6.65374519e-03  5.39998896e-02  6.52875006e-02 -1.69328935e-02
 -4.52732183e-02 -4.65487689e-03  6.33123913e-04  2.62930170e-02
  2.81548686e-02  3.37402821e-02 -8.82411096e-03 -1.06733050e-02
  5.36848195e-02 -1.57969054e-02  1.47994300e-02  9.47705004e-03
  2.96940431e-02 -2.88232826e-02 -2.04407722e-02  2.30213124e-02
 -6.78415550e-03 -2.54528224e-03 -5.52832969e-02 -6.44532815e-02
 -1.11378934e-02 -1.81935001e-02 -9.28660203e-03 -9.05929878e-03
 -9.91682243e-03 -2.99974773e-02 -6.78714514e-02 -3.47546153e-02
 -9.94174834e-03  1.70714669e-02 -3.04850377e-02 -5.59490696e-02
 -2.37444113e-03  3.76459882e-02 -3.63362469e-02  4.15651277e-02
  5.60859218e-02 -3.76074016e-02 -3.08862366e-02  2.08642092e-02
 -3.09249526e-03  4.31009978e-02  9.59405024e-03  7.93952495e-03
 -1.15130760e-01 -1.10091623e-02  2.74143387e-02  1.48116751e-02
 -7.03829825e-02  2.02340428e-02 -2.69166119e-02 -1.39186373e-02
  4.80070412e-02 -4.67007369e-04  2.71853991e-02 -3.94355208e-02
  2.30621379e-02 -5.44708176e-03  6.03436567e-02  3.65315974e-02
  5.37568470e-03  6.27361909e-02  2.57038940e-02  1.78033561e-02
 -1.89260431e-02  3.91032994e-02 -2.24769413e-02  3.36801298e-02
 -6.53271005e-03  3.21611166e-02 -3.90708819e-02 -3.42684574e-02
  7.12612784e-03 -3.00947260e-02 -6.09507114e-02 -2.26729214e-02
  4.63288277e-02  3.57082323e-03  7.65732955e-04 -2.39488259e-02
  1.12627875e-02 -5.69909252e-02 -8.34920909e-03 -2.63639856e-02
 -2.58141588e-02  3.69893126e-02 -2.26584263e-02  8.22692551e-03
  5.56843691e-02 -4.84478176e-02  5.47902621e-02 -3.54802907e-02
 -1.10912072e-02 -1.94488037e-02  6.10166602e-02 -3.11563560e-03]","[np.float32(-0.02), np.float32(-0.04), np.float32(-0.01), np.float32(0.03), np.float32(0.06), np.float32(0.01), np.float32(-0.04), np.float32(0.05)]"
review_para_10,"The SSD in our review unit is a 256 GB model made by Intel. This SSD is a very slow SATA III model and it performs accordingly. It should be noted though that the Dell Latitude 5490 also contained a SATA III SSD and the one in the Latitude 5495 is even slower. Much faster are the PCIe NVMe SSDs in the Lenovo ThinkPad A485 and the HP EliteBook 745 G5 . The SSD in the Dell Latitude 5495 is fast enough for everyday use, but we still would expect a PCIe NVMe SSD in this price range.",412810,Dell,Dell Vostro 14 3400 (D552176WIN9D),460.0,USD,412810_review_para_10,483,"[-3.40271965e-02 -3.97946499e-02  2.73975655e-02  2.72646099e-02
  6.43788874e-02  1.53764943e-02  1.95335969e-02  5.24984375e-02
  4.46622400e-03 -5.31617776e-02 -1.43698286e-02 -1.07066128e-02
  1.69678647e-02  6.55705184e-02  3.82393189e-02  1.67761333e-02
  6.23765290e-02  3.37196290e-02 -6.31884160e-03  2.43597515e-02
 -1.07125295e-02  8.02768918e-05  3.81145440e-02  1.72277596e-02
 -1.87319387e-02  2.98402663e-02  3.16361040e-02 -3.52531411e-02
 -1.20337959e-02 -5.77984788e-02 -7.81801715e-03 -1.51460348e-02
 -7.27860257e-03  3.11591383e-02  5.82023822e-02 -2.65426002e-02
 -8.22498053e-02  2.84456741e-02 -4.39395607e-02  1.39776785e-02
 -4.06032130e-02 -2.64141820e-02  4.08967398e-02  3.85132097e-02
 -4.78077456e-02  2.61442326e-02 -3.68128642e-02  4.36422229e-02
 -3.51937376e-02  2.68718190e-02 -6.44962415e-02  3.95190194e-02
  3.47886514e-03  2.53216997e-02  1.69300009e-02  3.02881338e-02
  3.83099280e-02 -2.75097582e-02  1.81308333e-02 -2.47998722e-02
  5.72141111e-02 -1.42042304e-03  2.33877692e-02 -3.51156741e-02
  3.01559269e-02 -4.34088893e-02  4.77797054e-02 -1.14700934e-02
 -8.08586701e-05 -2.54850052e-02 -3.20842527e-02 -9.74697899e-03
  1.67819131e-02 -4.59703384e-03  1.63192917e-02 -2.25945599e-02
 -6.12428039e-03  3.10054682e-02  8.36180672e-02  3.06205321e-02
 -7.94651452e-03  2.52407100e-02 -3.05431373e-02  5.89008518e-02
 -4.07924578e-02 -7.51786307e-03 -1.50476834e-02 -4.16382104e-02
 -2.00763755e-02  6.28909618e-02 -3.83260362e-02  4.51560225e-03
  2.51486190e-02  7.84671828e-02 -3.82836279e-03 -1.15192812e-02
  5.93063198e-02 -5.01801297e-02  6.53156713e-02  4.46902886e-02
  2.47265343e-02 -6.33380786e-02  2.58827992e-02  1.52760465e-03
 -2.85404548e-02  3.29780132e-02 -5.10702133e-02 -2.38059349e-02
  7.26061407e-03 -1.80072002e-02 -2.43670046e-02  1.54330628e-02
 -1.34010315e-02  5.10313846e-02 -6.91105798e-02  4.88637462e-02
  1.61144342e-02 -1.88003778e-02 -2.79159062e-02 -1.73741169e-02
  1.23666404e-02  1.38708372e-02  2.97422567e-03  1.88052636e-02
  1.48344599e-02  2.76122149e-02 -5.51275024e-03  3.43421064e-02
 -3.82762440e-02 -7.69079626e-02  2.73499191e-02  8.23038351e-03
  1.91606376e-02  2.47260556e-02 -8.07326846e-03 -1.06735984e-02
 -2.54455041e-02  8.15857202e-03  4.46692891e-02 -2.33105607e-02
 -1.87614318e-02 -2.02661809e-02 -1.70711465e-02 -2.95510832e-02
  4.78178598e-02 -1.17532257e-02  2.06868686e-02 -3.47178243e-02
  1.80949848e-02 -3.83442640e-02  2.25293562e-02  3.11895460e-02
  5.62978676e-03 -4.15568836e-02  1.47918835e-02  3.70152108e-02
  6.17569662e-04  1.31700002e-02 -5.68053536e-02 -1.53139140e-03
  2.27833875e-02  4.44678515e-02 -5.28974533e-02  1.70443784e-02
  5.87712741e-03  5.11253439e-02  2.46657636e-02  1.84649099e-02
 -2.22562775e-02  1.76888164e-02 -6.59509003e-03  2.58633960e-03
  4.17664759e-02 -3.79235446e-02 -7.50773912e-03  6.66221976e-02
  2.66859159e-02  6.82922499e-03  4.33966331e-02 -1.67075228e-02
 -6.29992113e-02  3.26437876e-02  2.06496543e-03  2.18951497e-02
 -4.69164439e-02  4.02032062e-02  8.42341110e-02 -1.60136800e-02
 -3.40269580e-02 -5.28838895e-02 -9.74435657e-02 -4.11503986e-02
  4.12953347e-02 -3.45532387e-03  3.13650034e-02 -2.42802668e-02
  3.18805054e-02  1.03172800e-02 -1.17279142e-02  5.73945865e-02
 -4.79476303e-02 -9.22038630e-02  3.91615406e-02 -4.49002348e-02
 -5.50287589e-02 -1.32825961e-02  6.43198788e-02 -2.96730790e-02
 -1.54612772e-02  4.66460325e-02  1.77414510e-02 -8.29152912e-02
  2.99037267e-02  7.02595189e-02  3.21561359e-02 -1.09548615e-02
  2.50174813e-02 -4.36427407e-02  3.99115123e-03 -4.81922589e-02
  5.08403964e-02  7.53035117e-03  6.56263530e-03  1.53505139e-03
  3.25431419e-03  7.62954876e-02  4.76472266e-02 -6.98881969e-02
  2.12130658e-02  4.74211834e-02 -2.65246280e-03  1.33727482e-02
 -1.96420733e-04  2.58062202e-02 -1.01239122e-02 -1.18248386e-03
  3.45366597e-02 -4.17030277e-03  5.43038808e-02 -4.86328490e-02
 -2.10865233e-02 -3.20875924e-03  3.25360820e-02  5.17457910e-02
 -1.53276874e-02  4.59659938e-03  7.25708436e-03  1.02402968e-02
  7.63986213e-03 -7.94693157e-02  1.61661347e-03  1.91402659e-02
  5.62664047e-02  2.22793221e-02  1.99921653e-02 -6.39910325e-02
  3.32583417e-03  5.74662164e-02  4.76598106e-02  2.13932861e-02
 -4.89551537e-02  3.53893563e-02 -1.64100751e-02  1.63918780e-03
  3.96395102e-03 -1.01786479e-01 -6.73873946e-02 -1.52660124e-02
  4.98038866e-02 -1.93510279e-02  4.51139733e-02 -3.60084735e-02
 -1.34607293e-02 -1.73693728e-02 -2.78520659e-02  1.26476623e-02
  4.52968143e-02 -8.70481692e-03 -3.66927311e-03 -1.32064987e-02
  6.15408318e-03  8.26007277e-02  1.14164678e-02 -3.07259113e-02
  1.23853255e-02 -3.80521789e-02 -6.38588332e-03 -4.78973687e-02
 -4.90302220e-02 -2.69269459e-02  4.13178131e-02  1.66845769e-02
 -5.43021671e-02 -2.65603606e-02  2.57859305e-02  7.37048984e-02
  2.52040960e-02 -1.31523572e-02  4.05368842e-02 -1.33152595e-02
  5.33858091e-02  4.65410687e-02  4.98175807e-03 -2.33260551e-04
 -2.71155522e-03 -5.98889664e-02  9.80051700e-03 -5.62301539e-02
 -2.25578472e-01  6.02124892e-02 -2.99466196e-02 -5.35883121e-02
  4.57767285e-02 -1.89421419e-02  1.29033523e-02 -4.13554311e-02
 -8.24842695e-03  2.14754064e-02 -1.57032348e-02  2.24590045e-03
  2.36049704e-02  1.10284323e-02 -1.66133009e-02  7.71325082e-02
  3.90667515e-03 -4.96756211e-02 -4.70988341e-02  4.74282168e-03
  2.40985714e-02 -4.52364497e-02 -6.82097450e-02 -2.05842517e-02
  1.58966966e-02  6.46468475e-02 -1.03520146e-02 -6.89189658e-02
 -5.08697107e-02  4.54239128e-03 -4.40599723e-03 -2.46516373e-02
 -9.97474854e-06  1.27199497e-02  7.69704860e-03 -4.40488942e-02
 -1.76430419e-02  6.69389591e-03 -2.94999592e-02 -4.13912721e-02
 -5.41820675e-02 -1.50688160e-02  2.16551647e-02  1.50279459e-02
  2.53024865e-02  1.64352860e-02 -2.34544948e-02 -3.47711891e-02
  2.57845479e-03  2.10597012e-02  4.49695485e-03 -6.65222555e-02
 -6.22867122e-02  4.65430096e-02  9.04777460e-03  1.73010509e-02
 -8.58207047e-03  4.43833768e-02 -3.70960571e-02  9.63372458e-03
 -4.77230586e-02  1.41054974e-04 -7.69134685e-02 -5.50105982e-02
 -4.98868488e-02 -1.04358606e-02 -1.06334584e-02 -2.95889340e-02
 -6.04359200e-03  5.30600399e-02 -2.22996101e-02 -7.04288133e-04
 -1.14618624e-02 -7.63682052e-02  9.38711967e-03 -1.58460718e-02
 -7.50354910e-03  1.37873003e-02 -5.38179018e-02  8.35743099e-02
  9.45132226e-03 -3.45055126e-02 -1.72886625e-02  2.71738536e-04
  9.73453932e-03 -4.08740714e-02  1.45260338e-02 -1.39136026e-02
  3.07763983e-02 -4.25089560e-02  3.16194110e-02 -6.63082628e-03
  1.32771186e-03 -6.45183623e-02 -7.48445792e-03  2.73743682e-02
 -2.72993091e-02  3.02077010e-02 -2.87565831e-02 -2.28207540e-02
  7.14196032e-03  4.50704247e-03  4.16641720e-02 -4.15200144e-02
 -2.48697656e-03  1.93288829e-02  2.04724390e-02  1.36856465e-02
  2.25389339e-02  2.92518884e-02  1.26567837e-02 -2.15538386e-02
 -6.86772307e-03 -1.85223538e-02  4.78993170e-02 -4.87261303e-02
  4.53892834e-02  4.07650508e-02 -4.54188362e-02 -5.17011322e-02
 -4.80560251e-02  2.46671867e-02 -9.69133899e-03 -2.25658026e-02
 -4.02454361e-02  2.73125954e-02 -2.90384442e-02  3.48835532e-03
  1.43233398e-02  1.99595862e-03 -2.41407603e-02  4.23293896e-02
 -5.76654216e-03 -8.31385422e-03  3.17327119e-02 -1.30929612e-02
  2.75051929e-02 -1.68226641e-02 -6.86735753e-03 -5.78438677e-03
 -1.47351390e-02  3.34708169e-02  1.94296408e-02  7.50826253e-03
  3.99794020e-02  4.74095196e-02  2.26980671e-02 -1.66118704e-02
  1.34652155e-02  2.07214337e-02  3.07475068e-02 -6.93143308e-02
  2.49190163e-02 -5.56174666e-02 -6.88854530e-02  8.86313897e-03
  4.90174331e-02 -3.54951248e-02 -6.60532638e-02 -4.99790460e-02
  2.81472337e-02  1.34465406e-02  6.86969981e-03  2.33810600e-02
 -2.63756923e-02  9.87323746e-02  3.46179120e-02 -3.12791802e-02
  1.99231617e-02  4.58319038e-02  2.36104447e-02  3.38090904e-04
  1.56906750e-02  1.66629925e-02  2.86632814e-02  6.06038794e-02
  4.60929945e-02  4.35396992e-02  1.85516709e-03 -1.53134884e-02
 -6.27776235e-03 -1.19319558e-02 -4.50383201e-02 -1.11785876e-02
  2.54133344e-02 -4.59174812e-02 -3.80298942e-02  1.88037753e-02
  4.20923869e-04 -2.83093322e-02 -2.01914087e-02 -2.33753957e-03
 -6.30779250e-04 -1.22517776e-02  2.07002414e-03 -6.19674437e-02
  4.90704216e-02 -1.51690794e-04 -3.33946012e-02 -3.13136019e-02
 -1.88987586e-03 -3.95340705e-03 -1.11788488e-03 -8.53017031e-04
  4.81709698e-03 -2.58955471e-02  3.07947919e-02  2.34483276e-02
  1.51292337e-02  2.83258073e-02 -5.27401045e-02 -3.69919725e-02
 -4.47358899e-02  1.36872996e-02  1.24027226e-02  1.00268074e-03
 -2.53551751e-02 -2.36913431e-02 -5.33040799e-03 -2.46123057e-02
 -1.19015705e-02  5.35540953e-02  6.80209324e-03 -6.19549491e-02
 -3.16705480e-02  1.04706530e-02  1.05220324e-03 -5.52488316e-04
  1.45373456e-02 -5.55721112e-02  1.54079050e-02 -3.56892459e-02
 -1.01282063e-03  2.65237466e-02 -1.32417465e-02  3.75567749e-02
  1.15824603e-02 -1.60457492e-02 -9.82556585e-03  2.56411750e-02
 -1.28951455e-02 -6.10604649e-03 -4.55590636e-02  2.53931829e-03
 -1.48366271e-02  4.05009985e-02  4.21892218e-02  2.83759013e-02
 -2.26180349e-02  4.50273678e-02 -5.77920899e-02 -5.00570796e-02
 -4.46027564e-03 -3.46397087e-02  3.37808654e-02 -3.67081389e-02
 -3.42088155e-02 -3.82290743e-02 -2.84119640e-02 -3.98880467e-02
  1.37530649e-02 -2.90692057e-02 -9.77337360e-03  7.65965879e-02
 -1.25301967e-03 -1.84073881e-03  4.70903181e-02 -9.24836751e-03
  6.87377527e-02 -8.79582576e-03 -3.88357230e-02 -4.06674631e-02
 -1.02401860e-02  1.98478345e-02 -6.51202071e-03 -5.58013737e-04
 -3.27529968e-03  1.47576854e-02  3.59132700e-02 -4.90319580e-02
 -3.70476879e-02  1.04802577e-02  3.14434133e-02 -3.32709923e-02
 -3.27975675e-02  2.66463701e-02  1.40771056e-02 -4.98743616e-02
 -5.99592775e-02 -1.53937424e-02  5.28152138e-02 -2.27114502e-02
  4.24947552e-02  3.96629721e-02 -5.56747578e-02 -3.61847281e-02
  3.60047072e-02  1.84230774e-03 -2.71531157e-02 -1.57869160e-02
  3.55678785e-04  7.16004074e-02  1.02728186e-03 -2.00879201e-02
 -4.46674265e-02  3.62387635e-02  1.32695576e-02 -2.73448434e-02
  2.49205646e-03  8.52782186e-03  4.50348519e-02 -4.44468036e-02
  5.01465946e-02  3.36875282e-02  1.62039828e-02 -1.08838398e-02
  4.70292196e-02 -3.84201407e-02 -9.69721153e-02  7.27036269e-04
 -3.46965715e-02  1.33342482e-03  3.35356183e-02  2.02770811e-02
  2.43643019e-02  7.48702213e-02 -2.97023319e-02 -7.05618486e-02
  4.53033932e-02  4.56611514e-02  6.28382415e-02  1.08008543e-02
  8.17624386e-03  5.58746867e-02  1.27252275e-02 -3.90147232e-02
  7.44493864e-03 -6.24775738e-02 -4.91897725e-02  4.46609221e-03
  2.63104141e-02  2.99190148e-03  4.00714092e-02  3.16660218e-02
 -2.65882071e-02  2.43707653e-02  5.73751219e-02  2.59806179e-02
  2.69284993e-02  1.39206145e-02 -1.29808150e-02 -4.43260521e-02
 -3.88883874e-02  1.31468242e-02 -2.95395367e-02  2.51158439e-02
  8.96581635e-03 -2.67803855e-02 -3.80587690e-02 -7.40210060e-03
 -4.43548709e-02  3.62917893e-02  4.54257317e-02  2.91367713e-02
 -5.59921265e-02 -4.97025028e-02 -3.01685836e-02 -1.72643960e-02
  1.31129706e-03  1.63078438e-02  1.24802412e-02  4.74913865e-02
  8.44505150e-03 -1.22966357e-02 -4.26634075e-03 -6.49503153e-03
 -1.11640319e-02  7.12392014e-03  8.22302978e-03  2.13122498e-02
  9.31944791e-03 -2.16204450e-02 -4.24960405e-02 -7.85402134e-02
  3.50868441e-02 -3.16255875e-02  3.50162685e-02  3.76356766e-02
  1.32165467e-02 -2.96268500e-02  1.50231402e-02 -2.71261930e-02
  2.33013723e-02  1.22877713e-02 -4.22974452e-02 -6.87289387e-02
  3.77599970e-02  1.04582440e-02 -1.71001237e-02  8.45825225e-02
  6.58657923e-02 -3.06834374e-02  3.95577447e-03  6.01242818e-02
 -4.52563055e-02  3.62202413e-02 -6.54654810e-03  6.54100673e-03
 -8.05250704e-02  1.90789383e-02  3.09781935e-02 -1.63440909e-02
 -4.08740081e-02 -1.82067417e-02  1.77381863e-03  2.10893638e-02
  2.58123707e-02 -7.13139120e-03  2.65861070e-03 -6.91834884e-03
  7.75336195e-03  2.91457307e-03  8.93019751e-05  4.82153222e-02
  2.56039910e-02  5.19365482e-02  2.45363452e-02 -2.29219906e-02
 -2.65230313e-02  3.48113626e-02 -3.41581507e-03  5.95747717e-02
  9.65321530e-03 -8.50057881e-03 -8.56873915e-02 -6.67353943e-02
 -8.31631199e-03 -3.21836546e-02 -6.04045838e-02 -9.99252591e-03
  4.39486932e-03 -3.40777338e-02 -4.43917438e-02 -5.63007919e-03
  2.86082607e-02 -1.83143411e-02 -1.84248313e-02 -7.29464367e-02
  2.92595662e-03  3.60134020e-02 -1.56597700e-02 -5.27276546e-02
  5.39895073e-02 -1.23248892e-02  1.10225463e-02 -6.30318075e-02
  5.68649769e-02  3.95530052e-02  3.30728628e-02 -4.28656256e-03]","[np.float32(-0.03), np.float32(-0.04), np.float32(0.03), np.float32(0.03), np.float32(0.06), np.float32(0.02), np.float32(0.02), np.float32(0.05)]"
